-- drop tables
DROP TABLE IF EXISTS payments;
DROP TABLE IF EXISTS invoices;
DROP TABLE IF EXISTS details;
DROP TABLE IF EXISTS orders;
DROP TABLE IF EXISTS products;
DROP TABLE IF EXISTS customers;

CREATE TABLE Customers (
    custid   INTEGER PRIMARY KEY,
    cname    VARCHAR(14),
    country  CHAR(3)
);

CREATE TABLE Products (
    pcode    INTEGER PRIMARY KEY,
    pname    VARCHAR(10),
    pdesc    VARCHAR(20),
    ptype    VARCHAR(20),
    price    NUMERIC(6,2)
    CHECK ( price > 0 )
);

CREATE TABLE Orders (
    ordid    INTEGER PRIMARY KEY,
    odate    DATE,
    ocust    INTEGER NOT NULL REFERENCES Customers
);

CREATE TABLE Details (
    ordid    INTEGER REFERENCES Orders,
    pcode    INTEGER REFERENCES Products,
    qty      SMALLINT,
    PRIMARY KEY (ordid, pcode)
);

CREATE TABLE Invoices (
    invid    SERIAL PRIMARY KEY,
    ordid    INTEGER NOT NULL UNIQUE REFERENCES Orders,
    amount   NUMERIC(8,2) CHECK ( amount > 0 ),
    issued   DATE,
    due      DATE,
    CHECK ( due >= issued )
);

CREATE TABLE Payments (
    payid    INTEGER PRIMARY KEY,
    tstamp   TIMESTAMP,
    amount   NUMERIC(8,2) CHECK ( amount > 0 ),
    invid    INTEGER NOT NULL REFERENCES Invoices
);
--
-- PostgreSQL database dump
--

--
-- Data for Name: customers; Type: TABLE DATA; Schema: public; Owner: -
--

COPY customers (custid, cname, country) FROM stdin;
1	Tayna	GBR
2	Robert	USA
3	Jules	JPN
4	Gillian	GBR
5	Callie	CHN
6	Debbie	CHN
7	Noel	JPN
8	Susan	ITA
9	Alyssa	USA
10	Allison	JPN
11	Alfred	CHN
12	Ilene	JPN
13	Sage	JPN
14	Lynna	ITA
15	Patsy	GBR
16	Violet	ITA
17	Tiara	CHN
18	Leana	USA
19	Mercy	GBR
20	Sharen	JPN
21	Reba	ITA
22	Valeria	ITA
23	Natacha	ITA
24	Martha	CHN
25	Tamera	ITA
26	Miguel	ITA
27	Lanette	JPN
28	Marylou	GBR
29	Debbie	JPN
30	Damian	ITA
31	Astrid	GBR
32	Marcos	ITA
33	Perla	CHN
34	Kenneth	GBR
35	Refugia	JPN
36	Leda	ITA
37	John	GBR
38	Leticia	JPN
39	Allen	USA
40	Raymonde	CHN
41	Jena	ITA
42	Judy	USA
43	Kirk	GBR
44	Lance	GBR
45	Bong	GBR
46	Katherin	USA
47	Amalia	ITA
48	Hermila	JPN
49	Preston	CHN
50	Kyong	GBR
51	Freddie	ITA
52	Joaquin	ITA
53	Rosio	ITA
54	Sam	GBR
55	Patricia	USA
56	Dora	CHN
57	Amado	ITA
58	Delia	JPN
59	Alayna	JPN
60	Trina	CHN
61	Gwenda	ITA
62	Domingo	CHN
63	Sandra	JPN
64	Michael	ITA
65	Daniel	ITA
66	Luisa	GBR
67	Madonna	ITA
68	Jovita	ITA
69	Vern	JPN
70	Doria	CHN
71	Berniece	CHN
72	Avis	CHN
73	Magen	ITA
74	Leisa	JPN
75	Ayesha	CHN
76	Thora	USA
77	Henry	CHN
78	Darell	USA
79	Ninfa	USA
80	Nancy	GBR
81	Stefany	ITA
82	Ryan	USA
83	Beulah	USA
84	Neely	GBR
85	John	JPN
86	Georgia	USA
87	Jackqueline	USA
88	Bertha	USA
89	Cynthia	USA
90	Angela	GBR
91	Bernard	JPN
92	Vito	USA
93	Jenelle	USA
94	Khadijah	ITA
95	Jane	CHN
96	Molly	USA
97	Andre	JPN
98	Thaddeus	ITA
99	Salena	ITA
100	Stephanie	CHN
112	Anja	CZE
155	Andreas	CYP
115	Zuzanna	CZE
\.


--
-- Data for Name: orders; Type: TABLE DATA; Schema: public; Owner: -
--

COPY orders (ordid, odate, ocust) FROM stdin;
1	2015-04-29	66
2	2015-10-14	14
3	2016-04-26	56
4	2015-04-16	26
5	2015-08-02	66
6	2015-12-27	100
7	2015-10-26	43
8	2015-11-30	12
9	2016-09-25	72
10	2015-12-25	60
11	2016-01-02	53
12	2015-02-20	23
13	2015-06-01	24
14	2016-01-02	79
15	2016-04-28	34
16	2015-03-22	49
17	2015-08-18	70
18	2016-09-19	15
19	2016-06-15	48
20	2016-08-12	40
21	2015-03-05	56
22	2016-02-18	15
23	2016-04-05	93
24	2015-06-29	77
25	2016-08-12	77
26	2016-06-06	24
27	2015-05-22	22
28	2015-09-13	97
29	2015-08-22	17
30	2016-03-18	91
31	2015-03-11	68
32	2015-08-24	55
33	2015-01-06	79
34	2016-02-05	96
35	2015-12-12	86
36	2015-09-21	31
37	2015-10-02	23
38	2016-06-28	9
39	2015-09-13	2
40	2015-05-08	6
41	2016-02-24	56
42	2016-05-29	71
43	2016-08-08	9
44	2015-11-14	2
45	2015-06-12	15
46	2015-02-26	4
47	2015-12-30	100
48	2015-10-14	83
49	2015-03-28	76
50	2016-06-15	26
51	2015-09-24	69
52	2015-01-20	48
53	2015-09-15	9
54	2015-07-11	32
55	2015-06-24	83
56	2016-08-09	38
57	2015-04-26	72
58	2015-08-06	85
59	2016-02-25	58
60	2015-05-06	61
61	2015-05-27	57
62	2015-04-16	81
63	2015-10-04	13
64	2015-02-23	92
65	2015-08-27	49
66	2016-04-05	47
67	2015-04-23	69
68	2015-08-02	83
69	2015-09-17	89
70	2016-08-31	32
71	2016-05-03	46
72	2016-01-25	89
73	2015-12-21	88
74	2016-01-10	10
75	2016-04-17	57
76	2016-08-18	54
77	2015-08-28	26
78	2016-03-13	14
79	2015-09-28	40
80	2015-04-26	16
81	2015-11-15	14
82	2015-05-11	70
83	2015-11-13	39
84	2015-11-09	44
85	2016-07-25	28
86	2015-09-26	83
87	2016-01-17	71
88	2016-04-20	88
89	2016-07-22	91
90	2016-01-12	89
91	2015-10-27	100
92	2016-03-18	33
93	2015-07-03	46
94	2016-03-27	39
95	2015-11-08	51
96	2016-05-16	4
97	2016-05-18	82
98	2015-03-29	60
99	2015-09-29	83
100	2016-03-23	65
101	2015-02-28	21
102	2015-02-23	97
103	2016-06-30	60
104	2015-07-19	42
105	2015-03-20	16
106	2015-06-17	40
107	2015-06-10	53
108	2016-05-26	5
109	2015-12-21	6
110	2015-10-17	17
111	2015-12-25	9
112	2015-10-02	39
113	2015-08-17	93
114	2016-05-03	54
115	2015-06-03	33
116	2015-06-20	1
117	2015-07-16	56
118	2016-08-22	94
119	2016-07-30	2
120	2015-12-13	77
121	2015-05-14	14
122	2016-07-12	75
123	2015-08-08	39
124	2015-02-26	47
125	2015-06-24	48
126	2015-09-16	14
127	2016-05-02	69
128	2015-05-13	55
129	2016-05-13	97
130	2016-09-10	44
131	2015-09-16	75
132	2016-02-06	75
133	2016-05-03	36
134	2016-05-17	52
135	2015-02-15	59
136	2016-06-29	4
137	2016-02-28	33
138	2015-01-21	34
139	2016-06-01	23
140	2016-08-26	55
141	2015-07-18	70
142	2015-04-19	40
143	2016-01-10	17
144	2015-05-15	50
145	2016-01-19	42
146	2016-03-26	12
147	2016-09-08	59
148	2015-12-29	47
149	2016-05-06	64
150	2016-01-09	47
151	2015-02-09	79
152	2015-10-22	51
153	2015-03-29	100
154	2016-04-13	75
155	2016-07-27	69
156	2015-08-18	80
157	2015-07-14	36
158	2015-03-15	68
159	2016-04-08	19
160	2015-01-07	59
161	2016-08-14	48
162	2015-12-27	66
163	2016-05-31	70
164	2016-02-07	28
165	2015-02-25	59
166	2016-07-14	1
167	2016-08-30	27
168	2016-04-05	61
169	2016-01-02	29
170	2016-04-16	30
171	2015-04-03	84
172	2015-03-21	94
173	2016-03-19	85
174	2015-04-18	59
175	2015-04-11	12
176	2016-05-09	64
177	2015-08-31	96
178	2015-01-19	63
179	2016-07-03	26
180	2015-08-15	82
181	2016-03-14	29
182	2015-02-27	99
183	2016-07-22	79
184	2015-07-08	16
185	2015-01-20	61
186	2016-02-02	89
187	2015-10-14	27
188	2015-05-13	4
189	2015-10-02	57
190	2015-01-11	89
191	2015-02-06	73
192	2015-01-06	22
193	2016-06-26	25
194	2016-01-06	54
195	2016-08-26	18
196	2015-12-08	70
197	2015-02-04	48
198	2015-06-08	70
199	2015-09-02	72
200	2015-03-27	36
201	2016-05-07	2
202	2015-05-08	78
203	2015-03-26	63
204	2015-02-02	47
205	2015-08-04	18
206	2016-03-23	79
207	2015-07-20	100
208	2016-03-21	43
209	2016-04-01	17
210	2015-02-19	25
211	2015-07-18	100
212	2016-09-24	88
213	2016-09-26	8
214	2015-09-17	49
215	2016-05-25	61
216	2015-11-18	5
217	2015-10-03	64
218	2015-05-19	70
219	2015-01-20	25
220	2015-04-10	82
221	2015-12-12	74
222	2015-01-25	90
223	2016-08-08	49
224	2016-06-11	53
225	2015-05-22	40
226	2016-05-01	95
227	2015-03-29	9
228	2016-07-12	80
229	2016-07-19	82
230	2016-08-05	87
231	2015-11-12	58
232	2016-04-20	12
233	2016-04-24	71
234	2016-04-27	5
235	2016-02-22	76
236	2016-05-14	65
237	2015-12-23	60
238	2015-08-09	82
239	2016-09-27	96
240	2015-09-16	38
241	2016-08-25	10
242	2015-09-23	45
243	2015-07-07	7
244	2016-01-19	24
245	2016-07-28	15
246	2016-07-19	3
247	2016-02-10	98
248	2015-04-13	80
249	2015-10-17	6
250	2015-06-20	15
251	2015-08-25	91
252	2015-06-25	73
253	2016-08-31	53
254	2016-02-13	21
255	2015-03-08	3
256	2016-07-22	48
257	2015-07-03	67
258	2015-01-24	80
259	2015-09-06	77
260	2015-03-05	1
261	2016-01-20	82
262	2015-08-09	29
263	2015-02-09	33
264	2015-08-16	18
265	2016-06-11	1
266	2016-09-03	64
267	2015-09-19	62
268	2015-02-23	57
269	2015-11-08	16
270	2015-07-20	56
271	2015-09-13	42
272	2015-03-28	78
273	2016-06-13	32
274	2015-07-17	61
275	2015-01-15	89
276	2015-10-31	21
277	2016-03-07	26
278	2016-03-23	41
279	2015-05-17	51
280	2015-06-16	22
281	2016-03-13	61
282	2015-06-18	53
283	2016-05-20	22
284	2015-03-01	86
285	2016-01-03	64
286	2016-04-22	82
287	2016-08-04	53
288	2015-11-06	26
289	2015-10-14	91
290	2016-06-30	36
291	2016-01-17	27
292	2016-05-25	94
293	2015-02-26	65
294	2015-12-22	11
295	2016-06-02	64
296	2016-08-18	50
297	2016-06-25	89
298	2016-05-14	54
299	2016-08-04	67
300	2015-03-13	82
301	2015-09-02	66
302	2015-01-03	41
303	2016-05-24	74
304	2016-09-15	35
305	2015-06-25	24
306	2015-04-09	16
307	2016-09-26	85
308	2016-06-10	29
309	2016-02-21	14
310	2016-01-27	57
311	2015-06-21	63
312	2015-10-25	46
313	2016-01-10	64
314	2015-05-29	55
315	2015-07-21	15
316	2015-12-13	32
317	2015-05-20	64
318	2016-06-28	67
319	2015-11-05	98
320	2016-07-26	87
321	2015-02-15	75
322	2015-02-13	25
323	2016-03-02	35
324	2015-12-11	7
325	2015-04-23	23
326	2015-05-13	89
327	2016-05-27	33
328	2015-11-06	1
329	2015-09-02	66
330	2015-11-26	98
331	2016-05-10	28
332	2016-08-24	13
333	2015-10-16	90
334	2015-05-18	16
335	2016-06-30	14
336	2016-02-11	86
337	2016-03-29	2
338	2015-12-30	75
339	2015-01-10	60
340	2015-09-22	29
341	2016-06-27	55
342	2015-07-10	34
343	2015-07-26	74
344	2015-09-17	19
345	2016-05-21	97
346	2015-03-19	31
347	2016-09-15	5
348	2016-08-06	42
349	2015-09-28	51
350	2016-03-29	100
351	2015-12-01	58
352	2015-08-19	21
353	2015-06-15	9
354	2016-06-20	29
355	2015-08-22	88
356	2016-06-19	74
357	2016-02-11	13
358	2016-07-22	60
359	2016-07-19	100
360	2016-05-30	37
361	2015-03-06	38
362	2016-02-10	76
363	2016-04-25	82
364	2016-03-14	40
365	2016-04-13	79
366	2016-01-11	24
367	2015-12-18	39
368	2016-01-01	71
369	2015-01-24	67
370	2016-09-20	19
371	2015-11-13	85
372	2015-02-27	13
373	2015-05-08	85
374	2016-01-24	87
375	2015-08-31	90
376	2015-11-24	29
377	2016-01-23	45
378	2015-09-24	27
379	2015-06-18	61
380	2015-11-22	71
381	2016-08-18	54
382	2015-04-02	14
383	2016-09-23	53
384	2015-01-30	81
385	2016-04-29	96
386	2015-08-12	68
387	2016-03-22	72
388	2016-08-27	62
389	2016-02-16	57
390	2015-08-22	100
391	2015-08-21	74
392	2016-01-28	49
393	2016-02-10	82
394	2015-09-29	72
395	2016-09-16	4
396	2016-06-24	19
397	2016-07-31	17
398	2015-10-04	26
399	2015-11-09	23
400	2015-01-21	86
401	2015-11-12	83
402	2016-01-20	24
403	2016-07-07	8
404	2016-06-16	59
405	2016-04-11	37
406	2015-04-04	74
407	2015-05-21	10
408	2016-09-20	98
409	2015-08-14	95
410	2015-11-12	59
411	2016-09-30	39
412	2015-02-10	1
413	2015-08-12	78
414	2016-01-01	9
415	2015-08-23	1
416	2016-06-17	56
417	2015-07-02	16
418	2015-09-15	1
419	2016-02-06	62
420	2015-01-14	88
421	2016-01-24	4
422	2015-04-01	28
423	2016-03-20	14
424	2016-04-26	93
425	2016-07-16	1
426	2015-08-27	40
427	2015-09-06	65
428	2015-01-14	73
429	2015-02-10	96
430	2015-05-09	99
431	2016-06-30	5
432	2016-07-16	37
433	2016-06-23	23
434	2016-08-09	31
435	2016-07-16	63
436	2016-01-21	34
437	2016-02-29	67
438	2015-12-31	87
439	2016-06-14	71
440	2015-11-27	41
441	2015-04-14	93
442	2015-12-31	13
443	2015-11-27	40
444	2016-08-14	43
445	2015-12-04	32
446	2016-09-18	61
447	2016-09-11	21
448	2016-08-22	97
449	2015-10-20	30
450	2015-08-05	12
451	2016-01-30	76
452	2015-11-13	13
453	2016-09-03	68
454	2016-05-11	14
455	2015-09-11	59
456	2015-07-11	75
457	2016-08-18	6
458	2015-05-03	99
459	2016-09-27	73
460	2016-07-16	61
461	2015-10-18	93
462	2015-01-24	40
463	2016-05-28	21
464	2016-08-30	39
465	2016-03-27	64
466	2015-11-28	94
467	2016-07-14	63
468	2015-12-29	94
469	2016-07-17	10
470	2015-06-26	3
471	2015-04-29	64
472	2015-11-22	63
473	2016-09-04	90
474	2016-06-01	8
475	2015-01-10	15
476	2015-09-11	41
477	2016-05-11	93
478	2015-12-22	17
479	2015-03-18	59
480	2015-06-02	91
481	2015-04-21	80
482	2015-07-08	32
483	2016-08-25	31
484	2015-10-13	90
485	2015-05-24	30
486	2016-08-18	71
487	2015-05-30	29
488	2016-02-23	13
489	2016-09-25	60
490	2016-01-14	64
491	2015-11-19	40
492	2015-03-04	34
493	2016-03-20	28
494	2015-03-30	53
495	2015-07-02	68
496	2016-08-02	12
497	2015-10-29	39
498	2015-05-22	40
499	2016-03-15	38
500	2015-01-26	65
501	2015-05-21	34
502	2015-12-13	7
503	2015-04-30	32
504	2015-07-15	36
505	2016-05-17	52
506	2015-08-16	99
507	2015-11-15	30
508	2015-05-24	100
509	2015-11-28	50
510	2016-02-20	84
511	2015-02-20	81
512	2016-07-03	25
513	2015-07-08	65
514	2015-10-01	31
515	2015-03-23	100
516	2016-03-12	76
517	2016-06-26	5
518	2016-02-14	81
519	2016-05-09	1
520	2015-10-07	97
521	2015-10-18	78
522	2015-10-01	26
523	2016-01-01	71
524	2015-04-15	67
525	2016-07-26	65
526	2015-02-22	17
527	2016-07-05	39
528	2016-09-07	53
529	2016-03-30	86
530	2016-02-03	48
531	2015-05-14	19
532	2016-07-09	84
533	2016-09-25	38
534	2016-07-06	13
535	2016-08-30	28
536	2015-05-20	84
537	2015-01-17	14
538	2015-05-17	99
539	2016-01-01	58
540	2016-05-11	9
541	2016-02-12	39
542	2016-01-13	68
543	2015-05-05	97
544	2015-10-08	32
545	2015-06-23	11
546	2015-12-22	84
547	2015-09-15	46
548	2016-04-08	10
549	2015-07-03	11
550	2016-09-08	75
551	2015-02-15	71
552	2015-11-12	74
553	2016-06-28	95
554	2015-01-04	14
555	2016-08-29	48
556	2015-07-11	4
557	2015-05-30	44
558	2016-01-15	89
559	2016-06-15	100
560	2015-01-26	12
561	2016-08-19	23
562	2016-08-06	75
563	2015-04-21	44
564	2016-03-25	63
565	2015-10-05	38
566	2015-02-19	92
567	2015-11-20	32
568	2016-08-03	33
569	2016-01-31	11
570	2016-05-07	87
571	2015-04-10	64
572	2015-03-11	23
573	2016-07-02	88
574	2015-12-28	37
575	2016-01-04	98
576	2016-06-03	98
577	2015-03-27	38
578	2015-01-17	51
579	2015-10-02	92
580	2016-07-28	86
581	2015-05-27	97
582	2016-05-26	43
583	2016-09-09	23
584	2015-09-11	92
585	2015-03-03	50
586	2015-10-10	83
587	2016-07-28	45
588	2015-06-22	39
589	2015-06-24	83
590	2015-03-05	56
591	2016-04-28	22
592	2016-08-31	72
593	2015-02-14	66
594	2016-06-01	26
595	2016-09-01	29
596	2015-05-09	50
597	2015-08-26	18
598	2015-05-27	21
599	2015-04-06	9
600	2015-02-27	94
601	2015-04-12	84
602	2016-01-16	95
603	2015-08-15	6
604	2015-02-17	89
605	2015-04-10	58
606	2015-08-28	24
607	2016-08-15	96
608	2016-01-31	61
609	2016-01-04	4
610	2015-08-19	49
611	2016-04-09	17
612	2015-09-27	88
613	2016-09-25	97
614	2016-08-26	16
615	2015-03-17	62
616	2016-09-18	39
617	2015-09-15	19
618	2015-05-11	81
619	2016-01-28	53
620	2016-03-17	63
621	2015-03-17	36
622	2016-06-08	6
623	2015-07-06	78
624	2015-10-04	60
625	2015-09-14	78
626	2015-07-20	46
627	2015-08-19	62
628	2015-04-28	79
629	2016-08-06	35
630	2015-04-04	61
631	2016-08-11	56
632	2015-12-24	100
633	2016-01-24	4
634	2015-06-22	73
635	2016-04-11	4
636	2016-01-26	25
637	2016-01-09	27
638	2015-07-03	92
639	2016-09-30	18
640	2016-04-01	46
641	2016-01-10	28
642	2015-09-17	19
643	2015-07-26	9
644	2015-05-24	41
645	2015-04-16	59
646	2015-10-01	36
647	2015-03-27	62
648	2015-03-15	18
649	2015-05-06	17
650	2015-03-05	49
651	2016-02-11	11
652	2015-07-29	74
653	2015-02-24	79
654	2015-04-16	5
655	2015-12-25	34
656	2016-09-17	27
657	2015-02-27	20
658	2015-02-24	76
659	2016-08-14	98
660	2015-08-12	30
661	2015-03-26	60
662	2015-01-27	37
663	2015-04-07	37
664	2016-02-28	76
665	2016-02-01	23
666	2015-07-25	100
667	2015-04-05	25
668	2015-01-27	64
669	2016-05-19	15
670	2015-12-12	78
671	2015-08-31	9
672	2016-09-18	41
673	2015-08-25	65
674	2015-03-30	14
675	2015-04-27	17
676	2016-04-22	91
677	2015-03-18	51
678	2015-09-25	21
679	2015-02-21	97
680	2015-12-04	56
681	2015-09-03	98
682	2015-05-23	84
683	2015-01-07	3
684	2015-01-18	45
685	2016-09-10	85
686	2015-08-16	91
687	2016-09-14	23
688	2015-01-07	77
689	2016-07-03	19
690	2015-06-01	15
691	2015-07-29	30
692	2015-11-29	21
693	2015-01-27	20
694	2016-04-11	90
695	2015-09-12	15
696	2016-03-03	47
697	2015-09-25	84
698	2016-01-26	33
699	2016-09-25	71
700	2015-07-01	79
701	2015-03-26	21
702	2016-09-28	12
703	2016-03-13	12
704	2015-09-20	87
705	2015-10-07	59
706	2015-05-17	78
707	2015-12-17	14
708	2016-04-10	12
709	2016-07-25	78
710	2015-09-13	72
711	2016-08-15	73
712	2015-09-30	66
713	2016-03-04	93
714	2016-07-27	57
715	2015-01-03	88
716	2015-11-15	74
717	2016-06-08	51
718	2015-05-27	42
719	2015-11-04	36
720	2016-02-21	78
721	2015-03-05	85
722	2016-06-12	12
723	2016-05-07	25
724	2016-04-25	28
725	2016-07-27	32
726	2016-05-04	94
727	2016-06-24	45
728	2015-10-02	100
729	2016-04-08	58
730	2015-01-14	60
731	2015-08-11	86
732	2016-09-16	3
733	2016-07-06	58
734	2015-09-08	34
735	2015-02-03	84
736	2015-02-03	41
737	2015-01-19	6
738	2015-08-05	91
739	2016-06-24	15
740	2015-05-29	86
741	2015-05-17	29
742	2015-10-12	15
743	2015-02-02	65
744	2015-01-03	30
745	2016-03-30	88
746	2015-09-13	25
747	2015-11-01	88
748	2015-12-01	76
749	2015-04-16	72
750	2016-04-20	77
751	2015-10-02	46
752	2015-09-29	19
753	2015-05-08	26
754	2015-08-29	3
755	2016-07-27	52
756	2015-04-07	93
757	2015-10-05	95
758	2016-02-22	43
759	2015-08-22	49
760	2015-03-20	85
761	2016-09-22	21
762	2015-05-14	34
763	2015-04-13	49
764	2015-06-21	52
765	2015-03-05	98
766	2016-05-23	8
767	2015-09-07	53
768	2015-03-02	9
769	2016-01-28	30
770	2016-03-26	92
771	2016-02-18	23
772	2016-04-29	82
773	2015-05-01	96
774	2015-03-21	69
775	2016-09-06	14
776	2016-04-04	42
777	2016-08-25	64
778	2015-07-29	18
779	2016-03-15	16
780	2015-04-29	78
781	2015-08-16	72
782	2016-03-16	43
783	2015-10-08	55
784	2015-02-12	88
785	2016-02-24	33
786	2016-03-27	37
787	2015-11-06	88
788	2015-05-27	37
789	2016-02-09	86
790	2016-02-28	61
791	2015-06-16	42
792	2015-11-19	67
793	2015-08-13	54
794	2016-07-05	49
795	2015-11-27	89
796	2015-10-16	37
797	2016-09-03	73
798	2016-02-13	7
799	2015-07-27	5
800	2016-01-17	70
801	2016-01-07	76
802	2015-09-24	28
803	2015-08-14	78
804	2015-09-26	17
805	2015-06-18	89
806	2016-04-20	62
807	2016-04-10	60
808	2015-09-29	45
809	2016-03-14	81
810	2015-10-20	94
811	2015-06-15	46
812	2016-03-15	2
813	2016-05-15	1
814	2015-01-17	15
815	2015-08-08	83
816	2015-05-07	89
817	2015-01-24	51
818	2015-05-29	83
819	2016-04-01	67
820	2016-03-30	65
821	2015-01-21	27
822	2015-02-12	26
823	2015-03-22	7
824	2015-04-20	64
825	2015-11-08	93
826	2016-05-02	54
827	2016-07-31	73
828	2016-01-07	6
829	2015-11-30	11
830	2016-05-20	21
831	2016-09-22	29
832	2015-08-19	66
833	2016-08-04	16
834	2016-07-23	65
835	2015-10-22	86
836	2016-06-06	42
837	2015-01-27	96
838	2016-09-25	66
839	2015-04-17	29
840	2015-10-28	87
841	2015-04-02	75
842	2016-05-10	45
843	2015-05-15	35
844	2015-02-15	21
845	2016-01-16	9
846	2016-01-31	57
847	2016-07-15	42
848	2016-02-14	60
849	2015-07-15	84
850	2015-12-14	5
851	2015-01-01	33
852	2015-04-10	81
853	2015-03-05	85
854	2016-01-15	9
855	2016-07-30	31
856	2015-01-18	79
857	2016-06-11	45
858	2015-01-28	43
859	2015-09-20	81
860	2015-11-23	5
861	2016-01-26	88
862	2016-09-12	94
863	2015-02-26	61
864	2015-08-05	78
865	2015-05-16	85
866	2016-09-29	66
867	2015-01-18	13
868	2015-06-10	9
869	2016-05-23	42
870	2016-07-30	50
871	2015-06-10	80
872	2015-05-12	64
873	2016-04-04	12
874	2015-10-21	74
875	2015-07-06	30
876	2016-04-27	89
877	2015-04-22	78
878	2015-08-28	64
879	2015-09-07	49
880	2016-07-28	50
881	2016-02-04	23
882	2016-03-02	28
883	2015-08-08	93
884	2015-11-20	96
885	2015-04-23	35
886	2016-07-10	62
887	2015-12-25	30
888	2015-11-10	20
889	2015-05-24	88
890	2015-10-09	80
891	2015-01-30	29
892	2015-07-06	32
893	2015-07-31	1
894	2016-06-13	29
895	2016-08-29	9
896	2015-09-01	36
897	2015-04-07	87
898	2016-05-23	91
899	2016-04-27	42
900	2015-03-17	34
901	2015-07-15	8
902	2016-09-17	76
903	2016-09-05	49
904	2015-11-05	19
905	2015-04-15	17
906	2016-04-18	87
907	2016-08-04	81
908	2016-05-12	98
909	2015-12-02	47
910	2015-11-10	4
911	2015-11-07	37
912	2016-04-22	88
913	2016-02-08	66
914	2016-02-20	16
915	2015-06-11	16
916	2016-02-12	25
917	2016-08-10	85
918	2015-02-19	85
919	2015-02-03	63
920	2015-04-21	56
921	2015-11-11	40
922	2016-03-31	17
923	2016-01-25	77
924	2016-04-04	25
925	2015-11-03	73
926	2016-08-17	82
927	2016-01-12	71
928	2016-03-14	30
929	2016-09-21	85
930	2015-06-14	26
931	2015-08-11	46
932	2016-03-26	86
933	2015-12-13	40
934	2015-09-08	33
935	2016-05-24	22
936	2016-05-17	31
937	2015-05-16	67
938	2016-01-03	28
939	2016-06-23	72
940	2015-05-24	65
941	2015-08-16	6
942	2016-07-23	21
943	2015-04-16	46
944	2015-08-12	80
945	2016-09-13	36
946	2016-04-17	43
947	2016-07-07	4
948	2015-04-27	90
949	2015-10-21	36
950	2015-12-07	27
951	2015-01-20	3
952	2015-04-08	21
953	2016-06-21	51
954	2016-03-19	18
955	2015-10-19	54
956	2015-11-23	42
957	2015-06-10	24
958	2016-04-07	20
959	2015-01-20	35
960	2016-09-23	9
961	2015-10-26	86
962	2015-03-06	2
963	2015-02-10	6
964	2015-05-21	55
965	2015-05-02	60
966	2016-08-08	58
967	2016-04-05	76
968	2015-10-16	5
969	2015-02-07	47
970	2015-12-31	17
971	2016-04-03	73
972	2016-04-25	77
973	2016-04-19	23
974	2015-01-27	75
975	2016-09-04	56
976	2015-08-27	55
977	2015-03-12	82
978	2015-10-07	88
979	2015-07-24	7
980	2016-06-15	31
981	2016-02-05	85
982	2015-01-19	65
983	2015-01-14	70
984	2016-01-28	50
985	2016-08-30	91
986	2016-09-23	2
987	2016-09-26	71
988	2015-07-08	97
989	2015-03-17	21
990	2016-03-14	49
991	2015-10-03	36
992	2015-05-10	95
993	2015-06-05	15
994	2016-03-09	40
995	2016-01-26	68
996	2016-03-13	34
997	2015-10-04	43
998	2015-10-08	42
999	2016-03-29	85
1000	2016-01-01	5
1001	2015-08-17	100
1002	2015-04-15	47
1003	2015-09-24	40
1004	2015-12-28	18
1005	2015-05-10	17
1006	2015-07-08	71
1007	2015-12-24	58
1008	2015-09-26	96
1009	2016-08-17	14
1010	2015-12-29	25
1011	2016-09-20	72
1012	2015-11-05	59
1013	2015-03-09	27
1014	2016-03-02	100
1015	2015-07-03	38
1016	2015-06-10	50
1017	2015-01-24	41
1018	2015-07-13	40
1019	2015-10-19	89
1020	2016-05-28	78
1021	2016-03-11	82
1022	2016-01-06	96
1023	2015-10-20	19
1024	2016-08-03	50
1025	2015-04-22	68
1026	2015-11-10	16
1027	2015-12-11	67
1028	2015-11-11	24
1029	2015-07-30	61
1030	2016-02-27	25
1031	2016-08-26	73
1032	2016-09-20	64
1033	2015-05-23	65
1034	2015-07-01	2
1035	2015-12-17	31
1036	2016-08-16	32
1037	2016-04-11	3
1038	2016-04-18	7
1039	2015-05-26	82
1040	2015-04-25	72
1041	2016-08-11	41
1042	2015-12-23	95
1043	2015-03-05	26
1044	2015-07-21	18
1045	2016-09-29	79
1046	2015-11-03	63
1047	2015-07-13	69
1048	2015-09-02	42
1049	2015-12-08	84
1050	2016-02-07	67
1051	2016-02-15	32
1052	2015-08-07	3
1053	2015-12-08	37
1054	2015-04-26	72
1055	2016-06-07	21
1056	2015-05-25	38
1057	2016-02-07	93
1058	2016-09-20	36
1059	2015-03-03	43
1060	2015-08-12	21
1061	2016-06-11	98
1062	2015-06-14	73
1063	2015-12-25	8
1064	2016-06-13	70
1065	2015-07-02	70
1066	2016-02-05	30
1067	2015-09-12	63
1068	2015-11-28	5
1069	2015-05-29	12
1070	2016-02-14	32
1071	2015-03-10	52
1072	2016-04-26	61
1073	2015-03-21	13
1074	2015-02-20	74
1075	2015-12-22	41
1076	2016-07-29	97
1077	2015-08-04	82
1078	2016-02-28	6
1079	2015-09-09	94
1080	2016-01-01	9
1081	2015-02-04	16
1082	2015-11-21	7
1083	2016-01-06	53
1084	2016-06-07	100
1085	2015-12-13	70
1086	2016-06-03	69
1087	2016-01-25	28
1088	2016-02-21	44
1089	2016-04-05	2
1090	2015-03-14	35
1091	2015-06-05	16
1092	2015-09-07	78
1093	2015-05-21	22
1094	2016-05-27	11
1095	2016-09-18	100
1096	2015-04-26	2
1097	2016-06-06	71
1098	2015-10-08	54
1099	2015-09-18	91
1100	2015-05-09	4
1101	2015-01-25	66
1102	2016-09-22	68
1103	2015-05-31	93
1104	2016-05-30	28
1105	2015-02-13	26
1106	2016-09-10	92
1107	2015-06-18	11
1108	2015-06-22	50
1109	2015-10-18	61
1110	2016-01-17	92
1111	2015-01-16	34
1112	2015-07-31	4
1113	2015-03-27	60
1114	2016-06-16	40
1115	2016-01-24	34
1116	2016-01-05	67
1117	2015-06-07	25
1118	2015-11-17	66
1119	2015-03-19	10
1120	2015-01-05	82
1121	2015-03-10	99
1122	2015-12-02	41
1123	2015-02-03	96
1124	2016-08-15	57
1125	2016-03-03	95
1126	2016-02-17	81
1127	2015-02-22	83
1128	2016-04-17	90
1129	2016-09-04	53
1130	2015-03-25	13
1131	2016-05-17	56
1132	2015-11-03	79
1133	2016-02-01	91
1134	2016-03-08	60
1135	2016-08-17	87
1136	2016-09-14	69
1137	2015-07-15	50
1138	2016-02-12	66
1139	2016-06-08	45
1140	2015-11-16	39
1141	2015-01-12	18
1142	2015-02-18	29
1143	2015-06-16	80
1144	2015-06-06	63
1145	2015-11-25	100
1146	2016-05-04	88
1147	2015-12-29	58
1148	2015-11-13	38
1149	2015-05-08	92
1150	2015-04-30	38
1151	2015-11-28	56
1152	2016-06-20	5
1153	2016-02-26	53
1154	2016-08-16	67
1155	2015-05-20	53
1156	2016-06-03	43
1157	2016-02-27	16
1158	2015-06-25	58
1159	2016-09-26	51
1160	2015-05-07	94
1161	2016-09-14	72
1162	2016-04-08	85
1163	2015-08-26	78
1164	2016-05-27	55
1165	2015-12-30	92
1166	2016-05-23	58
1167	2015-02-09	90
1168	2015-03-17	56
1169	2016-08-11	42
1170	2016-01-12	7
1171	2015-11-05	46
1172	2016-01-09	3
1173	2015-04-28	49
1174	2016-03-23	96
1175	2015-11-13	63
1176	2016-05-25	37
1177	2015-05-15	25
1178	2016-02-20	56
1179	2015-09-27	29
1180	2016-09-07	55
1181	2015-09-11	29
1182	2015-05-28	71
1183	2015-09-25	28
1184	2016-09-18	91
1185	2016-08-21	55
1186	2016-01-18	60
1187	2015-04-30	45
1188	2016-07-06	60
1189	2016-08-28	12
1190	2015-07-16	99
1191	2016-05-05	85
1192	2016-08-24	6
1193	2016-06-26	11
1194	2015-08-17	24
1195	2016-08-16	2
1196	2015-07-12	13
1197	2015-09-24	40
1198	2015-04-01	68
1199	2016-07-16	14
1200	2015-03-22	2
1201	2016-02-05	40
1202	2015-08-12	78
1203	2015-09-29	78
1204	2015-05-11	15
1205	2015-12-16	14
1206	2015-02-23	38
1207	2015-06-10	35
1208	2015-10-03	15
1209	2016-02-27	73
1210	2015-11-13	82
1211	2015-10-01	2
1212	2016-05-21	41
1213	2015-11-09	70
1214	2016-05-31	48
1215	2015-12-26	90
1216	2015-08-05	76
1217	2016-09-12	51
1218	2016-08-05	92
1219	2016-07-30	27
1220	2015-08-30	2
1221	2015-05-31	57
1222	2015-06-26	52
1223	2015-02-01	59
1224	2015-06-01	82
1225	2016-09-09	41
1226	2016-06-30	81
1227	2016-06-10	55
1228	2015-03-26	6
1229	2015-08-26	1
1230	2016-06-26	17
1231	2016-05-16	49
1232	2015-09-28	47
1233	2016-05-28	59
1234	2016-09-30	77
1235	2015-03-09	98
1236	2015-02-14	57
1237	2016-01-06	67
1238	2015-03-24	69
1239	2016-02-21	76
1240	2015-07-07	90
1241	2015-10-19	98
1242	2015-07-30	87
1243	2015-01-14	21
1244	2016-03-04	86
1245	2015-11-10	43
1246	2015-09-23	94
1247	2016-01-08	93
1248	2016-01-07	70
1249	2016-07-30	20
1250	2016-09-18	96
1251	2015-04-04	47
1252	2016-03-29	37
1253	2015-04-18	95
1254	2016-02-19	32
1255	2016-04-13	26
1256	2015-05-05	20
1257	2015-10-29	23
1258	2016-08-26	38
1259	2015-03-16	79
1260	2016-07-18	52
1261	2016-06-22	8
1262	2015-07-13	39
1263	2016-07-09	34
1264	2016-05-02	16
1265	2015-06-13	62
1266	2015-11-10	81
1267	2015-05-15	15
1268	2015-09-17	12
1269	2015-05-29	21
1270	2016-08-09	59
1271	2016-02-21	19
1272	2016-05-01	17
1273	2016-08-13	49
1274	2016-03-05	42
1275	2016-07-23	38
1276	2016-06-11	26
1277	2015-07-20	2
1278	2016-05-27	75
1279	2015-01-25	80
1280	2015-05-19	50
1281	2016-09-06	83
1282	2015-05-12	15
1283	2016-07-22	31
1284	2015-10-16	57
1285	2015-10-21	15
1286	2016-05-06	83
1287	2015-08-17	2
1288	2016-01-02	24
1289	2015-09-02	97
1290	2016-09-18	69
1291	2015-02-11	97
1292	2015-12-01	53
1293	2016-05-22	66
1294	2015-05-21	57
1295	2016-05-19	34
1296	2016-06-19	66
1297	2015-02-18	34
1298	2016-04-25	6
1299	2015-04-09	79
1300	2015-01-18	86
1301	2016-03-18	90
1302	2015-08-29	92
1303	2016-01-26	6
1304	2015-07-05	44
1305	2015-07-14	98
1306	2015-11-11	19
1307	2016-04-26	83
1308	2016-08-03	37
1309	2016-02-10	28
1310	2016-03-15	11
1311	2015-05-23	82
1312	2016-01-24	65
1313	2015-07-14	61
1314	2015-12-11	29
1315	2015-09-28	36
1316	2015-06-14	52
1317	2016-09-19	43
1318	2015-08-15	26
1319	2015-02-20	74
1320	2015-02-03	32
1321	2016-04-27	82
1322	2016-08-21	74
1323	2016-01-26	7
1324	2015-04-21	34
1325	2015-05-06	81
1326	2016-08-23	37
1327	2016-04-10	46
1328	2016-02-18	39
1329	2015-03-24	43
1330	2015-01-04	11
1331	2015-09-23	17
1332	2016-02-15	100
1333	2015-12-21	22
1334	2015-05-29	81
1335	2016-09-16	35
1336	2016-07-13	27
1337	2016-03-25	47
1338	2015-06-02	76
1339	2015-03-24	12
1340	2016-08-30	45
1341	2015-10-09	70
1342	2016-05-06	33
1343	2015-07-15	56
1344	2016-09-25	82
1345	2015-09-29	40
1346	2015-04-02	82
1347	2015-07-20	71
1348	2016-05-31	42
1349	2016-01-19	1
1350	2015-04-29	29
1351	2015-09-29	70
1352	2015-09-27	12
1353	2015-03-24	24
1354	2015-10-06	59
1355	2016-05-18	66
1356	2015-12-02	18
1357	2016-06-11	35
1358	2016-04-16	12
1359	2015-05-31	10
1360	2015-04-08	93
1361	2015-09-05	69
1362	2015-11-30	78
1363	2016-07-18	53
1364	2015-07-04	69
1365	2015-12-16	91
1366	2016-04-19	94
1367	2015-09-14	14
1368	2015-07-11	45
1369	2015-04-15	66
1370	2016-04-21	72
1371	2016-06-12	46
1372	2015-08-09	98
1373	2016-01-04	8
1374	2016-07-29	16
1375	2016-06-16	99
1376	2015-09-08	46
1377	2015-01-27	38
1378	2015-12-26	25
1379	2016-07-20	75
1380	2016-06-11	68
1381	2015-09-17	6
1382	2016-09-24	64
1383	2016-04-14	65
1384	2016-06-09	53
1385	2016-08-15	32
1386	2015-02-03	22
1387	2015-07-23	81
1388	2016-09-14	36
1389	2015-11-21	82
1390	2016-02-01	41
1391	2015-08-14	95
1392	2015-02-21	18
1393	2015-09-28	1
1394	2015-10-20	75
1395	2015-05-30	55
1396	2015-09-28	59
1397	2016-03-27	63
1398	2015-10-17	93
1399	2015-11-05	9
1400	2015-08-29	45
1401	2016-02-23	83
1402	2016-08-21	8
1403	2015-01-29	1
1404	2016-07-08	43
1405	2016-03-25	54
1406	2016-01-18	70
1407	2015-02-11	11
1408	2016-08-13	15
1409	2015-05-21	66
1410	2015-03-07	51
1411	2015-01-13	11
1412	2015-09-23	15
1413	2015-03-06	24
1414	2015-05-08	75
1415	2015-10-04	20
1416	2015-08-30	37
1417	2016-07-10	54
1418	2015-09-30	25
1419	2016-09-26	41
1420	2015-10-25	2
1421	2015-12-02	83
1422	2015-05-21	28
1423	2016-09-24	50
1424	2016-05-31	70
1425	2015-03-18	77
1426	2015-05-22	72
1427	2015-05-07	65
1428	2016-08-07	58
1429	2016-01-31	15
1430	2016-06-04	6
1431	2016-02-26	78
1432	2015-04-28	5
1433	2015-07-17	66
1434	2015-11-04	33
1435	2015-01-02	86
1436	2015-09-30	1
1437	2015-05-02	58
1438	2016-09-27	76
1439	2015-12-12	6
1440	2016-04-07	45
1441	2016-04-08	50
1442	2015-07-09	100
1443	2015-09-21	10
1444	2015-09-18	54
1445	2015-04-26	23
1446	2016-03-27	32
1447	2015-12-18	64
1448	2015-08-13	69
1449	2016-07-15	98
1450	2016-06-01	15
1451	2015-11-19	41
1452	2016-09-15	14
1453	2016-06-23	37
1454	2015-11-08	48
1455	2015-08-20	13
1456	2015-10-17	23
1457	2015-03-27	6
1458	2015-09-17	2
1459	2015-03-21	30
1460	2016-02-27	37
1461	2015-11-05	94
1462	2016-03-18	91
1463	2016-07-20	47
1464	2015-11-02	18
1465	2015-11-22	27
1466	2016-09-19	76
1467	2016-06-10	38
1468	2016-06-19	49
1469	2016-05-29	66
1470	2015-03-24	5
1471	2016-06-10	98
1472	2015-12-05	15
1473	2016-07-20	97
1474	2015-06-21	65
1475	2016-09-04	33
1476	2016-05-18	73
1477	2015-02-04	44
1478	2016-09-07	91
1479	2015-06-04	68
1480	2016-04-20	75
1481	2016-07-13	37
1482	2015-07-06	53
1483	2016-07-12	73
1484	2015-01-28	86
1485	2015-02-09	97
1486	2015-04-15	85
1487	2015-10-23	38
1488	2015-01-16	3
1489	2016-01-19	26
1490	2015-06-22	11
1491	2015-06-24	48
1492	2015-11-16	25
1493	2016-08-16	89
1494	2016-09-09	32
1495	2015-08-06	5
1496	2015-02-05	24
1497	2016-08-13	16
1498	2015-01-04	76
1499	2016-07-05	58
1500	2015-03-15	42
1501	2015-06-25	8
1502	2016-09-26	11
1503	2015-11-29	86
1504	2015-10-12	85
1505	2016-01-26	4
1506	2015-02-10	14
1507	2015-09-26	72
1508	2015-05-20	56
1509	2016-05-17	13
1510	2016-04-29	94
1511	2015-01-25	84
1512	2016-08-18	51
1513	2015-11-20	5
1514	2015-06-13	58
1515	2016-01-03	79
1516	2015-10-22	69
1517	2016-07-22	84
1518	2016-08-05	16
1519	2016-03-17	9
1520	2016-08-24	77
1521	2016-09-08	82
1522	2016-03-29	6
1523	2016-07-12	30
1524	2015-07-17	15
1525	2015-12-24	51
1526	2015-05-14	4
1527	2016-03-02	24
1528	2015-06-04	47
1529	2016-06-13	77
1530	2016-09-22	19
1531	2015-09-04	100
1532	2015-04-25	65
1533	2015-08-15	22
1534	2016-08-28	90
1535	2016-01-12	64
1536	2015-09-08	21
1537	2015-08-07	82
1538	2016-06-26	47
1539	2015-05-04	27
1540	2016-07-03	16
1541	2015-09-23	19
1542	2015-04-28	63
1543	2016-07-24	87
1544	2016-05-25	53
1545	2016-03-25	8
1546	2015-09-28	58
1547	2016-07-02	67
1548	2016-05-07	40
1549	2015-11-04	81
1550	2016-08-17	75
1551	2015-01-06	5
1552	2015-10-09	44
1553	2015-10-10	69
1554	2015-12-05	40
1555	2015-11-11	33
1556	2015-01-14	74
1557	2016-06-22	76
1558	2016-08-12	34
1559	2015-03-28	8
1560	2015-03-02	39
1561	2015-04-23	49
1562	2015-12-30	10
1563	2015-08-07	30
1564	2015-10-16	97
1565	2015-11-08	82
1566	2015-06-07	15
1567	2015-08-30	18
1568	2016-09-04	21
1569	2015-01-17	41
1570	2016-05-27	39
1571	2015-12-28	64
1572	2015-01-04	91
1573	2015-03-23	41
1574	2016-04-13	68
1575	2015-04-03	42
1576	2016-08-17	32
1577	2016-04-08	13
1578	2015-08-15	69
1579	2015-06-07	15
1580	2015-11-12	21
1581	2015-06-10	32
1582	2015-02-09	27
1583	2015-07-13	91
1584	2016-09-28	46
1585	2016-05-31	54
1586	2015-05-22	36
1587	2015-10-07	4
1588	2016-06-13	5
1589	2016-07-15	52
1590	2016-01-27	94
1591	2016-03-12	91
1592	2016-02-14	21
1593	2015-11-29	56
1594	2015-06-02	88
1595	2016-08-26	98
1596	2015-12-26	15
1597	2016-05-05	97
1598	2015-03-27	99
1599	2016-03-25	91
1600	2015-03-04	26
1601	2015-10-23	37
1602	2015-01-15	90
1603	2016-01-01	58
1604	2015-08-29	37
1605	2016-02-06	87
1606	2015-12-14	35
1607	2016-04-18	47
1608	2015-11-27	50
1609	2016-08-11	11
1610	2015-02-19	53
1611	2015-05-16	1
1612	2015-10-05	46
1613	2015-08-22	96
1614	2015-07-02	36
1615	2016-03-01	60
1616	2016-06-21	89
1617	2016-03-29	75
1618	2015-06-10	35
1619	2016-03-16	79
1620	2015-12-21	1
1621	2015-03-13	33
1622	2016-07-30	68
1623	2016-07-16	58
1624	2016-01-14	79
1625	2015-09-05	72
1626	2015-01-16	77
1627	2015-02-05	3
1628	2015-04-30	75
1629	2015-12-12	31
1630	2015-06-23	26
1631	2015-10-25	4
1632	2016-09-16	71
1633	2015-05-02	50
1634	2016-06-05	57
1635	2015-04-28	29
1636	2016-03-22	75
1637	2016-05-23	39
1638	2016-09-25	72
1639	2015-05-20	50
1640	2016-01-17	93
1641	2015-07-30	64
1642	2015-07-29	54
1643	2015-06-17	80
1644	2015-03-27	48
1645	2015-06-13	4
1646	2015-02-25	68
1647	2016-08-16	19
1648	2015-03-24	69
1649	2016-08-29	47
1650	2015-04-15	38
1651	2016-01-06	48
1652	2015-01-25	25
1653	2015-05-29	24
1654	2016-08-15	56
1655	2016-01-13	43
1656	2015-05-20	44
1657	2016-01-31	53
1658	2015-10-07	44
1659	2015-05-26	51
1660	2015-03-25	70
1661	2015-12-05	29
1662	2015-05-03	23
1663	2016-05-06	42
1664	2016-07-28	82
1665	2016-03-14	49
1666	2016-04-06	61
1667	2016-09-24	56
1668	2016-05-29	90
1669	2016-05-16	26
1670	2016-05-08	71
1671	2016-01-25	53
1672	2016-05-05	58
1673	2016-04-02	9
1674	2016-03-03	46
1675	2016-04-16	29
1676	2016-07-16	68
1677	2015-09-16	45
1678	2015-01-03	96
1679	2016-05-08	94
1680	2016-09-09	50
1681	2015-12-23	56
1682	2015-12-27	17
1683	2016-01-21	34
1684	2015-10-11	49
1685	2015-08-15	62
1686	2015-09-08	2
1687	2015-04-04	17
1688	2015-04-23	88
1689	2015-01-07	100
1690	2016-02-14	89
1691	2015-04-25	79
1692	2015-07-16	44
1693	2015-05-05	70
1694	2015-07-29	12
1695	2016-04-04	80
1696	2015-02-09	69
1697	2016-05-11	38
1698	2015-09-01	73
1699	2016-08-14	30
1700	2015-01-24	71
1701	2015-07-07	3
1702	2016-09-07	74
1703	2016-06-10	42
1704	2015-05-17	5
1705	2016-02-27	12
1706	2016-04-08	13
1707	2015-04-10	57
1708	2015-04-22	20
1709	2016-04-13	91
1710	2016-09-01	2
1711	2015-09-16	1
1712	2015-06-06	57
1713	2016-07-28	32
1714	2015-10-31	67
1715	2016-07-05	24
1716	2016-05-26	18
1717	2015-09-13	24
1718	2016-07-26	34
1719	2016-04-27	99
1720	2016-01-01	28
1721	2016-06-08	38
1722	2015-02-11	70
1723	2015-09-06	12
1724	2016-03-29	92
1725	2015-12-20	50
1726	2015-05-22	14
1727	2015-06-12	89
1728	2015-07-08	18
1729	2015-10-31	61
1730	2015-07-21	56
1731	2016-06-01	8
1732	2016-04-13	32
1733	2015-07-08	80
1734	2015-01-28	18
1735	2016-05-25	57
1736	2015-06-15	39
1737	2016-01-13	14
1738	2016-09-30	20
1739	2016-05-03	79
1740	2015-08-29	63
1741	2016-09-19	9
1742	2015-06-28	19
1743	2015-11-10	68
1744	2016-09-21	22
1745	2015-11-18	73
1746	2015-11-15	84
1747	2015-09-10	74
1748	2015-06-11	75
1749	2016-04-26	2
1750	2016-04-12	39
1751	2015-11-19	93
1752	2016-02-14	2
1753	2015-11-10	89
1754	2015-05-19	26
1755	2016-03-24	5
1756	2016-08-31	34
1757	2015-06-16	78
1758	2015-03-24	78
1759	2015-02-17	20
1760	2015-03-30	79
1761	2015-12-27	50
1762	2016-01-05	63
1763	2015-06-01	18
1764	2016-01-19	64
1765	2015-07-11	22
1766	2015-12-21	20
1767	2015-03-11	66
1768	2015-04-24	99
1769	2015-07-02	10
1770	2015-02-25	28
1771	2015-04-14	57
1772	2016-01-12	14
1773	2015-09-13	87
1774	2015-10-16	40
1775	2015-05-09	23
1776	2016-03-25	61
1777	2016-09-07	33
1778	2015-09-19	95
1779	2015-02-14	48
1780	2015-09-23	6
1781	2016-06-18	28
1782	2015-06-26	97
1783	2016-06-28	10
1784	2016-05-10	42
1785	2015-06-30	67
1786	2016-05-15	64
1787	2016-09-05	2
1788	2015-06-15	23
1789	2015-10-10	9
1790	2016-06-17	90
1791	2015-07-16	30
1792	2015-05-18	19
1793	2016-04-09	25
1794	2016-01-11	90
1795	2016-07-26	70
1796	2016-01-22	87
1797	2015-06-19	18
1798	2015-01-12	59
1799	2015-09-22	16
1800	2016-03-15	91
1801	2016-03-09	18
1802	2015-02-24	79
1803	2015-03-31	94
1804	2015-07-21	23
1805	2016-04-09	88
1806	2016-02-20	42
1807	2015-05-05	2
1808	2015-02-03	69
1809	2015-10-09	59
1810	2016-05-16	17
1811	2015-12-31	41
1812	2015-02-27	49
1813	2016-02-05	82
1814	2016-05-24	66
1815	2015-05-29	50
1816	2015-12-20	12
1817	2015-10-10	34
1818	2016-05-24	58
1819	2015-06-11	35
1820	2016-02-17	95
1821	2015-02-17	37
1822	2015-04-14	35
1823	2015-05-05	5
1824	2016-03-18	98
1825	2015-07-05	53
1826	2015-10-16	42
1827	2016-04-04	47
1828	2015-01-13	5
1829	2015-09-06	41
1830	2016-04-27	100
1831	2015-09-03	26
1832	2015-06-08	14
1833	2016-09-24	3
1834	2015-07-22	24
1835	2015-06-12	7
1836	2015-06-04	88
1837	2016-06-09	10
1838	2016-03-18	15
1839	2016-05-20	44
1840	2016-03-03	40
1841	2016-05-15	35
1842	2015-06-24	9
1843	2015-07-26	62
1844	2016-01-22	80
1845	2016-09-05	77
1846	2015-01-20	10
1847	2016-01-09	75
1848	2016-06-17	92
1849	2016-08-08	60
1850	2016-08-21	26
1851	2016-01-27	69
1852	2015-11-02	63
1853	2016-01-11	47
1854	2016-03-15	62
1855	2016-02-02	2
1856	2015-12-10	98
1857	2015-07-05	15
1858	2016-01-22	82
1859	2016-08-17	80
1860	2015-04-04	55
1861	2016-07-04	95
1862	2015-11-28	47
1863	2015-03-27	59
1864	2015-03-24	100
1865	2016-07-18	94
1866	2015-07-23	17
1867	2015-07-24	50
1868	2016-01-25	72
1869	2015-09-21	99
1870	2016-05-17	25
1871	2016-02-01	9
1872	2015-01-10	59
1873	2016-06-08	10
1874	2015-04-07	31
1875	2016-09-13	61
1876	2015-09-08	28
1877	2016-03-13	85
1878	2015-06-16	19
1879	2016-08-14	9
1880	2016-02-25	70
1881	2015-10-18	62
1882	2016-05-08	45
1883	2015-09-01	37
1884	2015-04-26	86
1885	2016-06-21	34
1886	2015-11-24	14
1887	2015-03-17	49
1888	2015-01-06	77
1889	2016-07-07	12
1890	2016-06-24	80
1891	2015-03-10	22
1892	2015-08-19	12
1893	2016-05-09	52
1894	2015-09-10	65
1895	2015-12-07	8
1896	2016-03-18	27
1897	2015-08-21	7
1898	2016-09-25	4
1899	2015-08-02	42
1900	2016-08-01	69
1901	2016-02-13	81
1902	2016-05-07	45
1903	2015-07-30	48
1904	2015-08-09	98
1905	2016-02-04	38
1906	2016-03-12	3
1907	2016-04-16	13
1908	2015-08-22	38
1909	2015-08-22	66
1910	2016-01-14	41
1911	2015-01-12	95
1912	2016-05-27	63
1913	2016-01-31	2
1914	2016-08-19	29
1915	2015-09-07	54
1916	2015-10-03	33
1917	2015-01-03	81
1918	2015-01-17	99
1919	2016-04-20	65
1920	2015-06-12	48
1921	2015-07-08	27
1922	2015-11-15	74
1923	2015-12-07	48
1924	2016-05-19	99
1925	2015-12-22	81
1926	2015-03-08	90
1927	2016-08-15	77
1928	2015-10-27	22
1929	2015-08-14	21
1930	2015-10-21	26
1931	2015-04-29	90
1932	2016-06-21	44
1933	2015-04-07	46
1934	2015-12-23	8
1935	2016-08-06	61
1936	2015-08-28	48
1937	2016-08-24	59
1938	2016-07-13	18
1939	2016-06-23	40
1940	2016-08-29	34
1941	2015-10-02	31
1942	2016-07-15	60
1943	2016-02-22	92
1944	2016-09-04	92
1945	2015-06-19	93
1946	2016-03-22	28
1947	2016-01-06	24
1948	2016-02-22	17
1949	2015-10-11	76
1950	2016-02-02	55
1951	2015-04-08	98
1952	2015-09-06	8
1953	2015-06-11	23
1954	2015-09-22	85
1955	2016-04-10	71
1956	2015-12-14	12
1957	2016-02-23	50
1958	2016-04-20	34
1959	2016-01-31	91
1960	2016-08-16	28
1961	2015-11-27	100
1962	2016-06-05	93
1963	2015-07-30	74
1964	2016-05-12	61
1965	2016-09-10	62
1966	2016-06-23	29
1967	2016-05-27	40
1968	2015-02-26	55
1969	2015-03-24	71
1970	2015-03-29	98
1971	2015-02-19	43
1972	2016-05-20	75
1973	2016-07-05	84
1974	2015-07-14	100
1975	2016-03-28	39
1976	2015-08-16	47
1977	2015-02-06	81
1978	2015-07-16	75
1979	2016-05-04	31
1980	2016-03-07	52
1981	2015-05-09	52
1982	2016-09-18	13
1983	2015-01-28	15
1984	2015-10-14	30
1985	2015-09-27	98
1986	2015-01-27	58
1987	2015-11-27	26
1988	2016-03-05	89
1989	2015-02-23	68
1990	2015-08-24	35
1991	2016-07-03	73
1992	2016-05-21	11
1993	2016-06-27	70
1994	2016-02-29	62
1995	2015-05-25	56
1996	2016-08-02	31
1997	2015-02-01	80
1998	2015-07-29	73
1999	2016-01-30	95
2000	2016-08-10	11
2010	2016-11-07	155
2011	2016-11-07	155
\.


--
-- Data for Name: products; Type: TABLE DATA; Schema: public; Owner: -
--

COPY products (pcode, pname, pdesc, ptype, price) FROM stdin;
1	pname_598_	pdesc_118_118_118_1	MOVIE	6.82
2	pname_81	pdesc_525_525_52	MOVIE	12.08
3	pname_22	pdesc_815_815_815_81	MUSIC	14.06
4	pname_6	pdesc_665_665_66	BOOK	13.05
5	pname_4	pdesc_439_439_439_43	BOOK	11.38
6	pname_1	pdesc_718_718_718_7	BOOK	12.25
7	pname_77	pdesc_27_27_27_	MOVIE	10.67
8	pname_553	pdesc_671_671_671_	MOVIE	3.66
9	pname_60	pdesc_402_402_402	MUSIC	9.77
10	pname_781	pdesc_372_372_3	MOVIE	6.99
11	pname_83	pdesc_491_491_491_49	MOVIE	5.70
12	pname_339	pdesc_267_267_267_	BOOK	11.78
13	pname_974_	pdesc_547_547_547_54	MUSIC	6.53
14	pname_8	pdesc_604_604_604_6	MUSIC	11.95
15	pname_312_	pdesc_178_178_178_1	BOOK	12.23
16	pname_49	pdesc_265_265_265_	MUSIC	10.14
17	pname_231_	pdesc_457_457_457_	MOVIE	5.56
18	pname_51	pdesc_202_202_2	BOOK	7.42
19	pname_574_	pdesc_85_85_85_85_8	BOOK	10.07
20	pname_97_	pdesc_937_937_93	BOOK	6.80
21	pname_164_	pdesc_581_581_58	MUSIC	9.50
22	pname_487_	pdesc_15_15_15_15_15	MUSIC	10.88
23	pname_669_	pdesc_623_623_623_62	MUSIC	9.36
24	pname_3	pdesc_615_615_615_	BOOK	10.75
25	pname_361	pdesc_997_997_99	MOVIE	6.59
26	pname_8	pdesc_954_954_954	BOOK	12.20
27	pname_679_	pdesc_265_265_265_	MOVIE	10.36
28	pname_40	pdesc_500_500_5	MOVIE	9.39
29	pname_9	pdesc_631_631_63	MUSIC	11.95
30	pname_201_	pdesc_602_602_602_6	MUSIC	12.47
31	pname_9	pdesc_674_674_6	MOVIE	11.27
32	pname_46	pdesc_487_487_487_	BOOK	2.49
33	pname_76	pdesc_546_546_546	BOOK	10.59
34	pname_761	pdesc_928_928_928	MOVIE	16.56
35	pname_500_	pdesc_337_337_33	MUSIC	8.85
36	pname_442	pdesc_362_362_362_3	MOVIE	5.94
37	pname_68	pdesc_262_262_2	MOVIE	7.48
38	pname_684	pdesc_372_372_3	MUSIC	8.28
39	pname_52	pdesc_804_804_8	MOVIE	9.24
40	pname_7	pdesc_429_429_429_	MUSIC	7.97
41	pname_90	pdesc_62_62_62_	MUSIC	11.95
42	pname_573	pdesc_950_950_950	MUSIC	12.60
43	pname_48	pdesc_239_239_239_	MUSIC	10.30
44	pname_239_	pdesc_1_1_1_1_1_1_	MOVIE	7.01
45	pname_573	pdesc_771_771_77	MOVIE	11.93
46	pname_23	pdesc_735_735_735_73	BOOK	9.97
47	pname_70	pdesc_356_356_356	MUSIC	14.07
48	pname_365	pdesc_107_107_107_10	MOVIE	14.39
49	pname_600	pdesc_466_466_466	MOVIE	5.79
50	pname_8	pdesc_332_332_332_3	BOOK	13.07
51	pname_67	pdesc_552_552_552_5	MUSIC	7.17
52	pname_5	pdesc_211_211_211_21	BOOK	8.66
53	pname_9	pdesc_459_459_459_	BOOK	7.71
54	pname_399	pdesc_182_182_1	BOOK	7.27
55	pname_523	pdesc_988_988_988	MUSIC	5.37
56	pname_70	pdesc_821_821_82	MUSIC	11.73
57	pname_85	pdesc_179_179_17	MUSIC	7.16
58	pname_6	pdesc_824_824_824_8	MUSIC	11.01
59	pname_305	pdesc_878_878_878	BOOK	7.53
60	pname_275_	pdesc_494_494_494	MOVIE	18.44
61	pname_47	pdesc_520_520_520_5	MUSIC	10.57
62	pname_789	pdesc_935_935_93	MUSIC	10.35
63	pname_72	pdesc_88_88_88_88_8	MOVIE	5.29
64	pname_930_	pdesc_666_666_666_6	BOOK	10.14
65	pname_68	pdesc_426_426_4	BOOK	14.97
66	pname_406	pdesc_475_475_47	BOOK	11.81
67	pname_3	pdesc_360_360_360_3	MUSIC	12.38
68	pname_219_	pdesc_234_234_2	MOVIE	6.19
69	pname_47	pdesc_305_305_30	BOOK	5.76
70	pname_611_	pdesc_272_272_272	MUSIC	10.69
71	pname_2	pdesc_327_327_327_32	BOOK	8.97
72	pname_281_	pdesc_903_903_90	BOOK	8.16
73	pname_234	pdesc_117_117_11	BOOK	12.40
74	pname_1	pdesc_685_685_685_68	BOOK	7.33
75	pname_94_	pdesc_319_319_319_	MOVIE	10.11
76	pname_877_	pdesc_355_355_355_35	BOOK	11.78
77	pname_9	pdesc_120_120_1	BOOK	12.16
78	pname_74	pdesc_735_735_735_73	MOVIE	5.72
79	pname_221_	pdesc_755_755_755_	MUSIC	5.38
80	pname_201_	pdesc_229_229_22	MUSIC	14.58
81	pname_731	pdesc_574_574_574	MUSIC	11.12
82	pname_128_	pdesc_337_337_33	MUSIC	7.87
83	pname_127	pdesc_611_611_611_	MUSIC	18.48
84	pname_570_	pdesc_370_370_3	BOOK	7.30
85	pname_11	pdesc_199_199_199_19	MUSIC	8.88
86	pname_8	pdesc_332_332_332_3	MUSIC	9.64
87	pname_568_	pdesc_870_870_870	BOOK	11.36
88	pname_80	pdesc_136_136_136	BOOK	8.76
89	pname_426	pdesc_438_438_438	BOOK	12.12
90	pname_88	pdesc_984_984_984	MUSIC	9.38
91	pname_346_	pdesc_14_14_14_1	BOOK	8.80
92	pname_45	pdesc_90_90_90_9	BOOK	9.27
93	pname_823_	pdesc_63_63_63_63_6	BOOK	10.83
94	pname_54	pdesc_336_336_336_3	BOOK	14.25
95	pname_993	pdesc_487_487_487_	BOOK	13.68
96	pname_194_	pdesc_97_97_97_97_97	MUSIC	10.72
97	pname_6	pdesc_295_295_295_	BOOK	13.64
98	pname_477_	pdesc_105_105_105_10	BOOK	12.43
99	pname_486	pdesc_653_653_653_65	MUSIC	12.81
100	pname_41	pdesc_653_653_653_65	BOOK	4.47
101	pname_771	pdesc_233_233_233_	BOOK	13.33
102	pname_50_	pdesc_549_549_549_54	BOOK	9.90
103	pname_143	pdesc_863_863_863_	BOOK	10.82
104	pname_291_	pdesc_249_249_249_24	BOOK	5.82
105	pname_2	pdesc_976_976_9	MOVIE	12.09
106	pname_806	pdesc_139_139_139_13	MOVIE	12.84
107	pname_726_	pdesc_949_949_949_	MUSIC	8.51
108	pname_41	pdesc_51_51_51_51_	BOOK	7.27
109	pname_299_	pdesc_259_259_25	BOOK	10.86
110	pname_86	pdesc_426_426_4	MOVIE	14.08
111	pname_5	pdesc_32_32_32_32_	MOVIE	11.36
112	pname_3	pdesc_325_325_325_32	BOOK	10.51
113	pname_668	pdesc_333_333_33	MOVIE	14.45
114	pname_77	pdesc_603_603_60	BOOK	6.42
115	pname_1	pdesc_996_996_996_9	BOOK	11.03
116	pname_456	pdesc_985_985_985_98	MUSIC	6.17
117	pname_426	pdesc_763_763_763_76	MOVIE	8.60
118	pname_803_	pdesc_405_405_405_40	BOOK	6.57
119	pname_954_	pdesc_520_520_520_5	BOOK	4.46
120	pname_329	pdesc_476_476_476_4	MUSIC	8.84
121	pname_866	pdesc_29_29_29_29	BOOK	10.18
122	pname_133	pdesc_925_925_925_92	MUSIC	8.51
123	pname_59	pdesc_95_95_95_95_	BOOK	10.83
124	pname_608	pdesc_492_492_492	MUSIC	11.08
125	pname_47	pdesc_958_958_958	MOVIE	6.82
126	pname_3	pdesc_354_354_354	MOVIE	9.37
127	pname_4	pdesc_445_445_44	BOOK	11.18
128	pname_46	pdesc_452_452_4	BOOK	7.66
129	pname_644	pdesc_952_952_952	BOOK	10.27
130	pname_4	pdesc_59_59_59_59_59	MOVIE	12.08
131	pname_958_	pdesc_32_32_32_32_	MOVIE	13.93
132	pname_140_	pdesc_444_444_444_4	MOVIE	11.53
133	pname_3	pdesc_621_621_621_62	MOVIE	8.52
134	pname_856	pdesc_867_867_867_	MOVIE	12.25
135	pname_254	pdesc_299_299_299_	MUSIC	3.57
136	pname_15_	pdesc_249_249_249_24	BOOK	9.02
137	pname_608	pdesc_955_955_955_95	MUSIC	7.52
138	pname_933	pdesc_751_751_751_	BOOK	12.65
139	pname_235_	pdesc_519_519_519_51	MOVIE	9.95
140	pname_2	pdesc_664_664_664_6	MUSIC	13.30
141	pname_42	pdesc_768_768_768	MOVIE	7.62
142	pname_3	pdesc_76_76_76_76_	MUSIC	9.24
143	pname_110_	pdesc_963_963_96	MUSIC	10.23
144	pname_630	pdesc_951_951_951_95	MOVIE	9.67
145	pname_679_	pdesc_853_853_85	MOVIE	10.61
146	pname_37	pdesc_305_305_30	BOOK	10.84
147	pname_16	pdesc_338_338_338_3	BOOK	8.83
148	pname_302_	pdesc_906_906_906_9	BOOK	12.14
149	pname_55	pdesc_987_987_987_98	MOVIE	10.23
150	pname_669_	pdesc_472_472_472_4	MUSIC	13.10
151	pname_95_	pdesc_241_241_241_24	MUSIC	10.46
152	pname_36	pdesc_842_842_842	BOOK	7.58
153	pname_25	pdesc_324_324_324	BOOK	9.43
154	pname_15	pdesc_264_264_2	MUSIC	9.30
155	pname_543	pdesc_683_683_683_68	BOOK	10.84
156	pname_702_	pdesc_20_20_20_20	MOVIE	8.47
157	pname_19_	pdesc_460_460_460	MUSIC	7.15
158	pname_8	pdesc_569_569_569_	MOVIE	11.44
159	pname_220	pdesc_848_848_848	MUSIC	6.62
160	pname_2	pdesc_357_357_357_35	BOOK	15.25
161	pname_751	pdesc_274_274_274	MOVIE	13.09
162	pname_271_	pdesc_739_739_739_73	MOVIE	2.88
163	pname_6	pdesc_157_157_157_	MOVIE	8.35
164	pname_736_	pdesc_8_8_8_8_8_8_8	MOVIE	12.04
165	pname_735	pdesc_995_995_99	BOOK	10.55
166	pname_6	pdesc_325_325_325_32	BOOK	11.37
167	pname_130_	pdesc_879_879_879_87	BOOK	11.19
168	pname_853_	pdesc_533_533_533_	BOOK	18.45
169	pname_30	pdesc_390_390_390_3	BOOK	11.61
170	pname_619_	pdesc_391_391_39	MOVIE	6.95
171	pname_957	pdesc_99_99_99_9	MUSIC	12.79
172	pname_45	pdesc_521_521_52	MOVIE	7.50
173	pname_1	pdesc_612_612_6	MUSIC	17.94
174	pname_144_	pdesc_67_67_67_67	MUSIC	8.17
175	pname_786_	pdesc_148_148_148_1	MOVIE	10.03
176	pname_76	pdesc_305_305_30	MOVIE	10.21
177	pname_4	pdesc_582_582_582_5	BOOK	4.38
178	pname_6	pdesc_753_753_753_	BOOK	5.79
179	pname_9	pdesc_992_992_992_9	MOVIE	11.05
180	pname_775	pdesc_89_89_89_89	MUSIC	7.66
181	pname_669_	pdesc_389_389_389_38	BOOK	9.35
182	pname_716_	pdesc_634_634_634_6	MOVIE	9.82
183	pname_769	pdesc_994_994_994_9	MOVIE	7.27
184	pname_48	pdesc_926_926_926	MUSIC	13.65
185	pname_5	pdesc_836_836_8	MOVIE	10.44
186	pname_4	pdesc_364_364_364_3	MUSIC	10.91
187	pname_759	pdesc_818_818_818	BOOK	9.67
188	pname_847_	pdesc_904_904_904_9	BOOK	10.13
189	pname_268	pdesc_862_862_8	MOVIE	13.74
190	pname_107	pdesc_883_883_88	MOVIE	12.14
191	pname_958_	pdesc_703_703_703_70	BOOK	5.17
192	pname_2	pdesc_975_975_975_	BOOK	11.35
193	pname_127	pdesc_51_51_51_51_	MUSIC	11.52
194	pname_124_	pdesc_68_68_68_	MOVIE	11.56
195	pname_2	pdesc_452_452_4	MUSIC	7.39
196	pname_5	pdesc_193_193_193_19	MOVIE	11.98
197	pname_47	pdesc_130_130_130	MOVIE	10.05
198	pname_973	pdesc_354_354_354	BOOK	5.15
199	pname_74	pdesc_208_208_2	MUSIC	10.46
200	pname_7	pdesc_98_98_98_98_	MUSIC	6.30
201	pname_7	pdesc_595_595_595_	MOVIE	10.79
202	pname_14	pdesc_743_743_74	MUSIC	10.46
203	pname_83	pdesc_557_557_55	MOVIE	9.16
204	pname_3	pdesc_770_770_770_7	MUSIC	6.56
205	pname_20	pdesc_809_809_809_	MOVIE	9.24
206	pname_53	pdesc_368_368_368_3	MUSIC	8.96
207	pname_69	pdesc_300_300_300_3	MUSIC	8.10
208	pname_671_	pdesc_3_3_3_3_3_3_3_	BOOK	9.49
209	pname_8	pdesc_463_463_463_46	MUSIC	17.38
210	pname_321	pdesc_226_226_226_2	MOVIE	6.21
211	pname_49	pdesc_552_552_552_5	MUSIC	10.71
212	pname_1	pdesc_218_218_218	BOOK	6.43
213	pname_618	pdesc_201_201_201_	MUSIC	9.33
214	pname_7	pdesc_307_307_30	MUSIC	6.82
215	pname_2	pdesc_670_670_6	MOVIE	14.33
216	pname_158_	pdesc_713_713_71	MOVIE	5.69
217	pname_8	pdesc_755_755_755_	MOVIE	13.75
218	pname_84	pdesc_789_789_789_	BOOK	7.41
219	pname_705	pdesc_914_914_9	MOVIE	10.45
220	pname_3	pdesc_838_838_8	BOOK	12.79
221	pname_31	pdesc_597_597_597_	BOOK	3.17
222	pname_147	pdesc_926_926_926	MOVIE	9.44
223	pname_72	pdesc_456_456_4	MOVIE	14.02
224	pname_65_6	pdesc_788_788_7	BOOK	11.04
225	pname_25_2	pdesc_181_181_181_	MUSIC	8.91
226	pname_7	pdesc_566_566_5	MOVIE	10.30
227	pname_588_	pdesc_273_273_273_27	MOVIE	9.60
228	pname_77	pdesc_743_743_74	MUSIC	12.63
229	pname_533	pdesc_259_259_25	MOVIE	7.82
230	pname_78	pdesc_31_31_31_31_31	MOVIE	7.66
231	pname_908_	pdesc_364_364_364_3	BOOK	6.52
232	pname_22_2	pdesc_504_504_5	MUSIC	11.34
233	pname_28	pdesc_669_669_66	BOOK	17.41
234	pname_86	pdesc_736_736_736	MUSIC	11.01
235	pname_60	pdesc_330_330_330_3	BOOK	10.83
236	pname_93_	pdesc_443_443_44	MOVIE	11.97
237	pname_3	pdesc_998_998_998_9	MOVIE	6.78
238	pname_8	pdesc_529_529_52	MOVIE	7.00
239	pname_712_	pdesc_337_337_33	MOVIE	6.39
240	pname_209_	pdesc_177_177_17	MOVIE	10.98
241	pname_386_	pdesc_557_557_55	MOVIE	12.62
242	pname_75	pdesc_791_791_791_79	MOVIE	12.24
243	pname_473_	pdesc_917_917_917_	MUSIC	6.15
244	pname_1	pdesc_250_250_250_2	BOOK	9.65
245	pname_7	pdesc_672_672_6	MUSIC	10.33
246	pname_9	pdesc_711_711_71	MOVIE	15.25
247	pname_5	pdesc_713_713_71	MUSIC	8.57
248	pname_520_	pdesc_436_436_436	MOVIE	14.41
249	pname_477_	pdesc_193_193_193_19	MUSIC	10.54
250	pname_92	pdesc_560_560_5	MOVIE	10.36
251	pname_638	pdesc_709_709_709_70	BOOK	7.26
252	pname_725	pdesc_771_771_77	BOOK	13.75
253	pname_77	pdesc_420_420_4	MUSIC	9.51
254	pname_564_	pdesc_973_973_973_	BOOK	4.82
255	pname_6	pdesc_281_281_28	MOVIE	11.83
256	pname_940_	pdesc_6_6_6_6_6_6	BOOK	11.76
257	pname_2	pdesc_388_388_388	MOVIE	11.33
258	pname_29	pdesc_346_346_3	BOOK	6.05
259	pname_36	pdesc_844_844_844	MUSIC	12.29
260	pname_27	pdesc_433_433_433_43	MOVIE	14.29
261	pname_55_	pdesc_786_786_7	MUSIC	17.66
262	pname_557	pdesc_613_613_613_	BOOK	12.17
263	pname_372_	pdesc_349_349_349_	BOOK	10.37
264	pname_38	pdesc_281_281_28	BOOK	13.15
265	pname_437_	pdesc_327_327_327_32	MUSIC	13.33
266	pname_568_	pdesc_806_806_8	MUSIC	12.16
267	pname_13	pdesc_390_390_390_3	MOVIE	12.60
268	pname_853_	pdesc_195_195_195_19	MUSIC	9.05
269	pname_54_	pdesc_62_62_62_	MUSIC	5.53
270	pname_9	pdesc_726_726_7	BOOK	13.42
271	pname_639_	pdesc_27_27_27_	MOVIE	9.39
272	pname_9	pdesc_147_147_14	MOVIE	8.36
273	pname_188_	pdesc_721_721_721_	MOVIE	9.70
274	pname_5	pdesc_831_831_831_	MUSIC	14.30
275	pname_594_	pdesc_798_798_798	MUSIC	11.15
276	pname_473_	pdesc_209_209_209_	MUSIC	13.02
277	pname_578_	pdesc_9_9_9_9_9_9_9_	BOOK	6.64
278	pname_74	pdesc_513_513_513_51	MUSIC	9.23
279	pname_77	pdesc_255_255_25	MOVIE	6.71
280	pname_635_	pdesc_386_386_386	MUSIC	7.24
281	pname_9	pdesc_420_420_4	MOVIE	6.00
282	pname_2	pdesc_115_115_11	BOOK	7.07
283	pname_29_2	pdesc_262_262_2	MUSIC	7.20
284	pname_712_	pdesc_657_657_657_65	MUSIC	8.11
285	pname_577	pdesc_52_52_52_5	MOVIE	7.66
286	pname_9	pdesc_238_238_2	MOVIE	13.28
287	pname_3	pdesc_175_175_17	BOOK	9.48
288	pname_31	pdesc_497_497_497_49	MOVIE	12.46
289	pname_6	pdesc_542_542_542	MUSIC	12.93
290	pname_88	pdesc_399_399_39	MOVIE	11.81
291	pname_7	pdesc_588_588_588_5	MUSIC	13.43
292	pname_10	pdesc_668_668_668_6	MUSIC	14.16
293	pname_92	pdesc_256_256_256_2	MOVIE	7.33
294	pname_7	pdesc_654_654_654	MOVIE	3.79
295	pname_9	pdesc_874_874_874	BOOK	11.45
296	pname_907	pdesc_475_475_47	MOVIE	5.95
297	pname_553	pdesc_587_587_58	MUSIC	7.62
298	pname_3	pdesc_685_685_685_68	MUSIC	10.80
299	pname_5	pdesc_810_810_810	MUSIC	5.44
300	pname_588_	pdesc_124_124_1	BOOK	10.78
301	pname_76	pdesc_337_337_33	BOOK	12.60
302	pname_311	pdesc_282_282_282_2	MUSIC	12.86
303	pname_150_	pdesc_451_451_451_	MUSIC	8.65
304	pname_2	pdesc_58_58_58_5	MUSIC	11.50
305	pname_14	pdesc_741_741_74	MOVIE	7.08
306	pname_250	pdesc_699_699_69	MUSIC	10.68
307	pname_18_	pdesc_680_680_680	MOVIE	13.96
308	pname_49	pdesc_591_591_591_	MOVIE	5.61
309	pname_8	pdesc_838_838_8	MUSIC	12.97
310	pname_248	pdesc_629_629_629_62	MUSIC	7.97
311	pname_80	pdesc_841_841_841_84	MUSIC	5.32
312	pname_12	pdesc_198_198_198	BOOK	9.44
313	pname_7	pdesc_552_552_552_5	MUSIC	14.04
314	pname_7	pdesc_390_390_390_3	BOOK	11.24
315	pname_21	pdesc_219_219_219_21	MOVIE	9.11
316	pname_52	pdesc_8_8_8_8_8_8_8	MOVIE	9.83
317	pname_817_	pdesc_349_349_349_	MOVIE	5.37
318	pname_157	pdesc_614_614_6	MUSIC	11.34
319	pname_6	pdesc_734_734_734	BOOK	9.12
320	pname_21	pdesc_645_645_645_	MUSIC	10.39
321	pname_8	pdesc_454_454_4	MUSIC	12.28
322	pname_4	pdesc_973_973_973_	MUSIC	7.25
323	pname_264	pdesc_799_799_799_79	BOOK	8.61
324	pname_58_	pdesc_754_754_7	MOVIE	13.80
325	pname_69_6	pdesc_34_34_34_34_34	MOVIE	9.02
326	pname_96_	pdesc_927_927_927_92	MUSIC	10.28
327	pname_833_	pdesc_401_401_401_40	MUSIC	9.63
328	pname_7	pdesc_618_618_6	BOOK	7.57
329	pname_299_	pdesc_896_896_8	MUSIC	7.24
330	pname_174_	pdesc_241_241_241_24	BOOK	5.46
331	pname_59_	pdesc_644_644_6	MOVIE	10.87
332	pname_8	pdesc_224_224_224_2	MOVIE	9.77
333	pname_87	pdesc_32_32_32_32_	MUSIC	6.73
334	pname_806	pdesc_308_308_308_3	BOOK	13.55
335	pname_57	pdesc_226_226_226_2	MUSIC	12.86
336	pname_43	pdesc_713_713_71	BOOK	10.52
337	pname_5	pdesc_959_959_959_95	BOOK	11.14
338	pname_527	pdesc_511_511_511_51	MOVIE	8.40
339	pname_22	pdesc_316_316_3	MUSIC	8.64
340	pname_20	pdesc_421_421_421_	MOVIE	4.09
341	pname_570_	pdesc_306_306_306_3	MUSIC	9.07
342	pname_530_	pdesc_593_593_593_	MUSIC	10.61
343	pname_8	pdesc_1_1_1_1_1_1_	MUSIC	9.39
344	pname_38	pdesc_711_711_71	BOOK	9.66
345	pname_1	pdesc_599_599_599_	MUSIC	11.93
346	pname_84	pdesc_688_688_688	BOOK	10.66
347	pname_39	pdesc_522_522_522_5	MOVIE	11.78
348	pname_103	pdesc_173_173_17	BOOK	7.59
349	pname_32	pdesc_39_39_39_3	MUSIC	8.15
350	pname_3	pdesc_548_548_548	MUSIC	4.73
351	pname_938_	pdesc_514_514_514	MOVIE	12.82
352	pname_53	pdesc_856_856_856_8	MOVIE	9.54
353	pname_123	pdesc_84_84_84_	MOVIE	14.47
354	pname_970_	pdesc_89_89_89_89	MOVIE	10.59
355	pname_661_	pdesc_71_71_71_7	BOOK	10.15
356	pname_5	pdesc_260_260_2	MUSIC	9.69
357	pname_6	pdesc_487_487_487_	MUSIC	10.32
358	pname_34	pdesc_994_994_994_9	BOOK	11.60
359	pname_681_	pdesc_973_973_973_	MUSIC	10.68
360	pname_5	pdesc_9_9_9_9_9_9_9_	BOOK	11.73
361	pname_89	pdesc_978_978_9	MOVIE	10.20
362	pname_7	pdesc_328_328_328	MUSIC	14.52
363	pname_376_	pdesc_666_666_666_6	BOOK	8.29
364	pname_210	pdesc_428_428_4	MUSIC	9.22
365	pname_3	pdesc_249_249_249_24	MUSIC	3.12
366	pname_873_	pdesc_752_752_7	MUSIC	10.22
367	pname_124_	pdesc_509_509_509_	MUSIC	10.56
368	pname_9	pdesc_499_499_499_49	BOOK	6.93
369	pname_7	pdesc_212_212_212	MOVIE	10.76
370	pname_674	pdesc_504_504_5	BOOK	10.78
371	pname_660	pdesc_244_244_244	MOVIE	6.24
372	pname_65_6	pdesc_752_752_7	MOVIE	10.18
373	pname_655_	pdesc_118_118_118_1	BOOK	15.10
374	pname_8	pdesc_255_255_25	BOOK	6.68
375	pname_389	pdesc_287_287_28	MUSIC	8.66
376	pname_688	pdesc_496_496_496	MOVIE	7.49
377	pname_7	pdesc_729_729_729_	MOVIE	7.15
378	pname_953	pdesc_511_511_511_51	MUSIC	11.49
379	pname_5	pdesc_141_141_14	BOOK	10.61
380	pname_86	pdesc_553_553_55	BOOK	7.92
381	pname_6	pdesc_471_471_47	MUSIC	7.81
382	pname_4	pdesc_300_300_300_3	MUSIC	10.58
383	pname_218	pdesc_718_718_718_7	MUSIC	8.39
384	pname_618	pdesc_242_242_242	MOVIE	3.98
385	pname_8	pdesc_302_302_302_3	MOVIE	6.07
386	pname_63_6	pdesc_92_92_92_92_	BOOK	12.49
387	pname_77	pdesc_406_406_406	MUSIC	9.13
388	pname_341	pdesc_340_340_3	MOVIE	15.15
389	pname_270	pdesc_345_345_345_	MOVIE	7.91
390	pname_133	pdesc_655_655_655_65	BOOK	7.22
391	pname_4	pdesc_307_307_30	MOVIE	8.61
392	pname_302_	pdesc_221_221_22	MOVIE	11.00
393	pname_38	pdesc_341_341_341_	BOOK	11.37
394	pname_9	pdesc_369_369_36	BOOK	11.20
395	pname_56_	pdesc_433_433_433_43	MOVIE	12.18
396	pname_423_	pdesc_331_331_33	BOOK	10.70
397	pname_749	pdesc_808_808_8	MUSIC	11.35
398	pname_847_	pdesc_897_897_897_	BOOK	5.78
399	pname_4	pdesc_204_204_2	MUSIC	7.70
400	pname_355	pdesc_932_932_932_9	BOOK	8.57
401	pname_63	pdesc_908_908_908_9	MOVIE	8.26
402	pname_9	pdesc_398_398_398_3	MUSIC	11.76
403	pname_36	pdesc_615_615_615_	MUSIC	6.65
404	pname_862	pdesc_790_790_790	BOOK	12.90
405	pname_8	pdesc_426_426_4	MOVIE	10.90
406	pname_873_	pdesc_544_544_544	BOOK	12.67
407	pname_18	pdesc_897_897_897_	BOOK	6.80
408	pname_63_6	pdesc_572_572_572	BOOK	4.76
409	pname_7	pdesc_50_50_50_50_50	BOOK	5.94
410	pname_9	pdesc_852_852_852_8	MOVIE	8.50
411	pname_1	pdesc_336_336_336_3	MUSIC	8.97
412	pname_799	pdesc_223_223_22	MUSIC	7.67
413	pname_3	pdesc_773_773_77	BOOK	11.87
414	pname_50_	pdesc_285_285_28	MUSIC	6.96
415	pname_557	pdesc_488_488_4	MUSIC	6.85
416	pname_396_	pdesc_269_269_269_	MUSIC	9.80
417	pname_8	pdesc_743_743_74	MOVIE	10.81
418	pname_402	pdesc_812_812_812	BOOK	15.37
419	pname_19	pdesc_705_705_705_70	BOOK	7.08
420	pname_507	pdesc_572_572_572	MUSIC	12.01
421	pname_365	pdesc_340_340_3	MOVIE	7.91
422	pname_741	pdesc_385_385_385_38	MOVIE	8.89
423	pname_8	pdesc_939_939_93	MOVIE	15.27
424	pname_7	pdesc_941_941_941_	MUSIC	12.85
425	pname_84	pdesc_171_171_17	BOOK	8.54
426	pname_9	pdesc_593_593_593_	MUSIC	14.66
427	pname_4	pdesc_184_184_1	BOOK	14.59
428	pname_361	pdesc_78_78_78_78_78	MUSIC	12.53
429	pname_250	pdesc_235_235_235_	MOVIE	10.62
430	pname_924_	pdesc_183_183_183_	MOVIE	13.29
431	pname_96	pdesc_236_236_2	MOVIE	15.85
432	pname_711	pdesc_659_659_659_65	MUSIC	11.92
433	pname_51	pdesc_832_832_8	MUSIC	9.66
434	pname_90	pdesc_402_402_402	MUSIC	7.65
435	pname_604	pdesc_153_153_153_	BOOK	13.54
436	pname_908_	pdesc_558_558_558_5	BOOK	3.48
437	pname_87	pdesc_683_683_683_68	BOOK	7.33
438	pname_241_	pdesc_773_773_77	BOOK	12.64
439	pname_20	pdesc_665_665_66	MOVIE	8.46
440	pname_9	pdesc_451_451_451_	MUSIC	6.72
441	pname_53_	pdesc_511_511_511_51	MUSIC	14.12
442	pname_813_	pdesc_991_991_99	MOVIE	10.89
443	pname_94_	pdesc_587_587_58	MUSIC	12.75
444	pname_24	pdesc_249_249_249_24	MOVIE	2.45
445	pname_209_	pdesc_814_814_814	BOOK	8.12
446	pname_670	pdesc_484_484_4	MOVIE	9.90
447	pname_183	pdesc_25_25_25_25_2	BOOK	12.55
448	pname_2	pdesc_393_393_39	MUSIC	8.98
449	pname_57	pdesc_707_707_707_70	MUSIC	11.03
450	pname_8	pdesc_403_403_403_40	MOVIE	11.29
451	pname_41	pdesc_320_320_320	MUSIC	11.65
452	pname_960_	pdesc_572_572_572	BOOK	7.63
453	pname_39	pdesc_17_17_17_1	BOOK	7.02
454	pname_580_	pdesc_871_871_871_87	MOVIE	15.27
455	pname_534_	pdesc_583_583_58	BOOK	10.73
456	pname_7	pdesc_533_533_533_	BOOK	12.31
457	pname_39	pdesc_802_802_8	MUSIC	13.23
458	pname_877_	pdesc_540_540_540	MUSIC	12.90
459	pname_104_	pdesc_835_835_835_	BOOK	17.95
460	pname_54	pdesc_694_694_694_6	BOOK	10.34
461	pname_817_	pdesc_974_974_9	MOVIE	11.36
462	pname_654	pdesc_156_156_1	MUSIC	14.42
463	pname_933	pdesc_642_642_6	MUSIC	8.95
464	pname_77	pdesc_491_491_491_49	MUSIC	11.78
465	pname_453_	pdesc_784_784_7	MUSIC	12.44
466	pname_877_	pdesc_528_528_528_5	MOVIE	9.29
467	pname_8	pdesc_331_331_33	MUSIC	15.36
468	pname_977	pdesc_720_720_7	MOVIE	7.39
469	pname_5	pdesc_3_3_3_3_3_3_3_	MUSIC	0.87
470	pname_65_6	pdesc_189_189_189_	BOOK	12.32
471	pname_47	pdesc_104_104_104	MOVIE	7.75
472	pname_15_	pdesc_689_689_689_68	BOOK	10.23
473	pname_413_	pdesc_257_257_25	MOVIE	11.98
474	pname_55	pdesc_17_17_17_1	MOVIE	10.57
475	pname_30	pdesc_119_119_11	MUSIC	5.58
476	pname_610	pdesc_368_368_368_3	MUSIC	6.86
477	pname_80	pdesc_687_687_687_68	MOVIE	10.59
478	pname_1	pdesc_121_121_121_	MUSIC	12.72
479	pname_31	pdesc_777_777_77	MUSIC	14.47
480	pname_6	pdesc_191_191_191_19	MOVIE	6.52
481	pname_7	pdesc_708_708_708	BOOK	8.55
482	pname_568_	pdesc_586_586_586_5	MOVIE	13.88
483	pname_85	pdesc_480_480_4	BOOK	10.61
484	pname_712_	pdesc_4_4_4_4_4	MUSIC	8.38
485	pname_130_	pdesc_279_279_279_27	BOOK	7.18
486	pname_321	pdesc_592_592_5	MOVIE	13.36
487	pname_7	pdesc_16_16_16_16_	MOVIE	15.45
488	pname_568_	pdesc_421_421_421_	MUSIC	8.15
489	pname_974_	pdesc_948_948_9	MUSIC	5.27
490	pname_87	pdesc_840_840_840	BOOK	6.83
491	pname_299_	pdesc_218_218_218	MOVIE	14.18
492	pname_23	pdesc_318_318_3	MOVIE	13.76
493	pname_4	pdesc_522_522_522_5	BOOK	13.76
494	pname_78	pdesc_951_951_951_95	BOOK	8.87
495	pname_7	pdesc_392_392_392_3	BOOK	12.72
496	pname_893_	pdesc_472_472_472_4	MUSIC	6.78
497	pname_866	pdesc_994_994_994_9	MOVIE	13.74
498	pname_615_	pdesc_210_210_210	BOOK	6.20
499	pname_856	pdesc_520_520_520_5	BOOK	11.15
500	pname_882	pdesc_465_465_465_46	MOVIE	12.16
501	pname_813_	pdesc_827_827_82	BOOK	9.99
502	pname_3	pdesc_380_380_380	MOVIE	12.96
503	pname_813_	pdesc_948_948_9	BOOK	9.06
504	pname_553	pdesc_291_291_291_	MUSIC	5.60
505	pname_413_	pdesc_58_58_58_5	MOVIE	12.13
506	pname_43	pdesc_774_774_774_7	MUSIC	8.74
507	pname_6	pdesc_209_209_209_	MOVIE	8.11
508	pname_534_	pdesc_535_535_535_	MOVIE	9.15
509	pname_49	pdesc_13_13_13_13_	BOOK	9.60
510	pname_978_	pdesc_354_354_354	MUSIC	8.74
511	pname_402	pdesc_363_363_36	MUSIC	10.83
512	pname_239_	pdesc_542_542_542	BOOK	10.82
513	pname_721	pdesc_514_514_514	MOVIE	10.55
514	pname_619_	pdesc_641_641_641_	MUSIC	12.24
515	pname_3	pdesc_988_988_988	MOVIE	10.11
516	pname_675_	pdesc_53_53_53_53_53	MOVIE	9.80
517	pname_99	pdesc_802_802_8	MUSIC	9.61
518	pname_55	pdesc_567_567_567_	MUSIC	8.75
519	pname_523	pdesc_369_369_36	MUSIC	7.81
520	pname_843_	pdesc_478_478_478_4	MOVIE	11.07
521	pname_689_	pdesc_767_767_767_76	MOVIE	8.12
522	pname_9	pdesc_385_385_385_38	MOVIE	11.20
523	pname_16	pdesc_218_218_218	MUSIC	9.29
524	pname_958_	pdesc_984_984_984	MUSIC	7.10
525	pname_7	pdesc_729_729_729_	MUSIC	9.04
526	pname_369	pdesc_654_654_654	BOOK	6.45
527	pname_49	pdesc_453_453_453_	MOVIE	13.18
528	pname_50	pdesc_247_247_247_24	BOOK	10.43
529	pname_867_	pdesc_663_663_66	MUSIC	12.82
530	pname_615_	pdesc_199_199_199_19	BOOK	11.26
531	pname_53	pdesc_904_904_904_9	MOVIE	6.67
532	pname_45	pdesc_150_150_1	BOOK	11.33
533	pname_21_2	pdesc_434_434_434	BOOK	12.03
534	pname_4	pdesc_891_891_891_	MOVIE	7.39
535	pname_321	pdesc_267_267_267_	MOVIE	11.62
536	pname_81	pdesc_484_484_4	MOVIE	7.01
537	pname_5	pdesc_858_858_858_8	BOOK	13.28
538	pname_20	pdesc_666_666_666_6	BOOK	6.28
539	pname_34	pdesc_13_13_13_13_	BOOK	14.18
540	pname_108_	pdesc_681_681_681_68	MUSIC	12.69
541	pname_997	pdesc_775_775_77	MOVIE	12.51
542	pname_67	pdesc_540_540_540	MOVIE	11.73
543	pname_24	pdesc_602_602_602_6	BOOK	9.92
544	pname_260	pdesc_571_571_571_57	MUSIC	10.72
545	pname_822	pdesc_500_500_5	BOOK	9.09
546	pname_791	pdesc_125_125_125_	BOOK	9.92
547	pname_134_	pdesc_455_455_455_	MUSIC	10.43
548	pname_476	pdesc_215_215_215_21	MUSIC	11.84
549	pname_665_	pdesc_371_371_371_	MUSIC	14.23
550	pname_138_	pdesc_126_126_1	MUSIC	8.76
551	pname_994_	pdesc_954_954_954	MOVIE	9.54
552	pname_3	pdesc_863_863_863_	MUSIC	14.05
553	pname_548_	pdesc_372_372_3	BOOK	12.88
554	pname_258	pdesc_141_141_14	MOVIE	9.62
555	pname_366_	pdesc_251_251_25	MOVIE	9.00
556	pname_249_	pdesc_733_733_733_73	BOOK	10.37
557	pname_5	pdesc_349_349_349_	MOVIE	8.91
558	pname_5	pdesc_41_41_41_41_4	MOVIE	7.11
559	pname_3	pdesc_307_307_30	BOOK	6.40
560	pname_513	pdesc_757_757_757_	MUSIC	9.51
561	pname_473_	pdesc_639_639_63	MOVIE	10.16
562	pname_3	pdesc_306_306_306_3	BOOK	5.92
563	pname_37	pdesc_254_254_254_2	MUSIC	11.87
564	pname_9	pdesc_311_311_311_	MOVIE	8.45
565	pname_34	pdesc_411_411_41	MUSIC	10.87
566	pname_853_	pdesc_658_658_658	BOOK	5.93
567	pname_4	pdesc_333_333_33	MOVIE	4.85
568	pname_9	pdesc_999_999_99	MOVIE	7.01
569	pname_208	pdesc_739_739_739_73	MOVIE	5.74
570	pname_251_	pdesc_817_817_817_81	BOOK	7.58
571	pname_426	pdesc_40_40_40_	MUSIC	7.12
572	pname_7	pdesc_748_748_748_7	BOOK	6.60
573	pname_291_	pdesc_834_834_8	BOOK	12.57
574	pname_4	pdesc_255_255_25	MUSIC	13.86
575	pname_55	pdesc_242_242_242	BOOK	9.05
576	pname_679_	pdesc_975_975_975_	MUSIC	8.15
577	pname_759	pdesc_230_230_2	MOVIE	9.81
578	pname_58	pdesc_835_835_835_	MUSIC	16.45
579	pname_5	pdesc_73_73_73_73_	MUSIC	8.05
580	pname_32	pdesc_504_504_5	BOOK	12.06
581	pname_4	pdesc_98_98_98_98_	MUSIC	9.05
582	pname_87	pdesc_625_625_625_62	MOVIE	5.67
583	pname_40	pdesc_892_892_8	BOOK	7.54
584	pname_147	pdesc_668_668_668_6	BOOK	7.48
585	pname_681_	pdesc_880_880_880_8	BOOK	4.20
586	pname_269_	pdesc_453_453_453_	MOVIE	9.79
587	pname_789	pdesc_769_769_769_76	MOVIE	7.77
588	pname_609_	pdesc_953_953_953_95	MOVIE	12.81
589	pname_423_	pdesc_596_596_5	MOVIE	14.50
590	pname_50	pdesc_19_19_19_19_	MOVIE	9.43
591	pname_651_	pdesc_173_173_17	BOOK	14.32
592	pname_8	pdesc_693_693_69	MUSIC	9.86
593	pname_27	pdesc_857_857_85	MUSIC	8.08
594	pname_80	pdesc_28_28_28_28_2	BOOK	9.74
595	pname_5	pdesc_497_497_497_49	MUSIC	13.42
596	pname_274	pdesc_430_430_430	MOVIE	8.68
597	pname_886	pdesc_419_419_41	MOVIE	9.91
598	pname_74	pdesc_410_410_410_4	MOVIE	16.58
599	pname_49	pdesc_54_54_54_54_	MUSIC	13.06
600	pname_84	pdesc_241_241_241_24	MUSIC	9.73
601	pname_28	pdesc_302_302_302_3	BOOK	10.20
602	pname_8	pdesc_223_223_22	MUSIC	9.98
603	pname_5	pdesc_957_957_957_95	BOOK	11.12
604	pname_1	pdesc_612_612_6	BOOK	10.90
605	pname_4	pdesc_803_803_803_	MUSIC	12.44
606	pname_402	pdesc_710_710_710_7	MUSIC	7.73
607	pname_81	pdesc_308_308_308_3	MOVIE	7.67
608	pname_235_	pdesc_716_716_716_7	MOVIE	10.88
609	pname_76	pdesc_89_89_89_89	BOOK	7.98
610	pname_260	pdesc_760_760_760	MOVIE	11.58
611	pname_351	pdesc_688_688_688	BOOK	11.53
612	pname_82	pdesc_447_447_44	MOVIE	6.71
613	pname_47	pdesc_618_618_6	BOOK	7.12
614	pname_51_	pdesc_280_280_280_2	MUSIC	13.72
615	pname_1	pdesc_732_732_732	MOVIE	9.16
616	pname_5	pdesc_672_672_6	MOVIE	10.63
617	pname_41	pdesc_848_848_848	MOVIE	12.86
618	pname_33	pdesc_370_370_3	MOVIE	7.67
619	pname_913	pdesc_723_723_723_	BOOK	9.28
620	pname_73	pdesc_541_541_541_54	BOOK	8.34
621	pname_3	pdesc_997_997_99	MUSIC	9.25
622	pname_806	pdesc_199_199_199_19	MUSIC	11.35
623	pname_173	pdesc_193_193_193_19	BOOK	9.52
624	pname_70	pdesc_946_946_9	MOVIE	15.80
625	pname_183	pdesc_25_25_25_25_2	MOVIE	11.70
626	pname_3	pdesc_326_326_326	MOVIE	10.16
627	pname_963	pdesc_800_800_8	BOOK	13.11
628	pname_967	pdesc_637_637_63	MOVIE	3.39
629	pname_702_	pdesc_346_346_3	MUSIC	13.43
630	pname_76	pdesc_249_249_249_24	BOOK	10.85
631	pname_853_	pdesc_734_734_734	MOVIE	9.27
632	pname_866	pdesc_712_712_712_7	MOVIE	7.09
633	pname_62_6	pdesc_759_759_759_	MUSIC	11.18
634	pname_722_	pdesc_378_378_3	MOVIE	11.79
635	pname_95	pdesc_344_344_3	MOVIE	9.90
636	pname_8	pdesc_711_711_71	MOVIE	9.02
637	pname_7	pdesc_404_404_404	MOVIE	11.63
638	pname_154_	pdesc_623_623_623_62	MOVIE	9.94
639	pname_537	pdesc_619_619_619_	MOVIE	9.88
640	pname_557	pdesc_698_698_698_6	BOOK	12.43
641	pname_361	pdesc_410_410_410_4	BOOK	5.28
642	pname_655_	pdesc_4_4_4_4_4	MUSIC	10.55
643	pname_5	pdesc_495_495_495_49	MOVIE	11.09
644	pname_80	pdesc_2_2_2_2_2_2_2	BOOK	13.91
645	pname_843_	pdesc_381_381_381_38	MOVIE	7.06
646	pname_729	pdesc_445_445_44	MOVIE	8.74
647	pname_379	pdesc_737_737_737_73	MOVIE	9.31
648	pname_9	pdesc_977_977_977_	MOVIE	11.73
649	pname_18_	pdesc_526_526_526_5	MOVIE	8.59
650	pname_19_	pdesc_299_299_299_	MOVIE	7.16
651	pname_4	pdesc_406_406_406	BOOK	3.82
652	pname_8	pdesc_204_204_2	MOVIE	9.39
653	pname_32	pdesc_62_62_62_	BOOK	9.24
654	pname_456	pdesc_946_946_9	BOOK	9.82
655	pname_7	pdesc_701_701_701_70	MOVIE	11.10
656	pname_453_	pdesc_739_739_739_73	BOOK	8.84
657	pname_472	pdesc_204_204_2	BOOK	13.65
658	pname_275_	pdesc_217_217_217_21	MUSIC	7.58
659	pname_5	pdesc_370_370_3	MOVIE	5.04
660	pname_342_	pdesc_334_334_334_3	MUSIC	16.69
661	pname_948_	pdesc_793_793_793_79	BOOK	11.32
662	pname_349	pdesc_491_491_491_49	BOOK	9.57
663	pname_1	pdesc_260_260_2	BOOK	7.31
664	pname_43	pdesc_992_992_992_9	BOOK	5.76
665	pname_934_	pdesc_889_889_88	MOVIE	9.21
666	pname_953	pdesc_304_304_304_3	MUSIC	11.38
667	pname_5	pdesc_629_629_629_62	MOVIE	8.61
668	pname_9	pdesc_860_860_8	MOVIE	7.19
669	pname_371	pdesc_430_430_430	MUSIC	12.31
670	pname_497_	pdesc_117_117_11	MOVIE	7.84
671	pname_507	pdesc_138_138_138	MUSIC	12.73
672	pname_138_	pdesc_86_86_86_86	MOVIE	11.41
673	pname_28	pdesc_233_233_233_	MOVIE	11.85
674	pname_64	pdesc_666_666_666_6	MUSIC	12.73
675	pname_1	pdesc_579_579_579_57	MOVIE	9.19
676	pname_280	pdesc_301_301_30	MOVIE	12.07
677	pname_84	pdesc_890_890_8	MOVIE	9.58
678	pname_89	pdesc_926_926_926	MUSIC	8.26
679	pname_6	pdesc_148_148_148_1	MOVIE	15.44
680	pname_11	pdesc_759_759_759_	MOVIE	3.96
681	pname_91_	pdesc_434_434_434	BOOK	11.38
682	pname_9	pdesc_218_218_218	MOVIE	2.60
683	pname_732_	pdesc_1000_1000_	MUSIC	8.68
684	pname_7	pdesc_969_969_96	BOOK	9.89
685	pname_5	pdesc_701_701_701_70	BOOK	9.64
686	pname_17	pdesc_43_43_43_	BOOK	11.14
687	pname_8	pdesc_747_747_74	MOVIE	12.59
688	pname_11_	pdesc_134_134_134	MUSIC	8.37
689	pname_436	pdesc_975_975_975_	MUSIC	10.30
690	pname_138_	pdesc_307_307_30	BOOK	11.17
691	pname_934_	pdesc_628_628_628	MUSIC	11.31
692	pname_64	pdesc_420_420_4	MOVIE	11.08
693	pname_412	pdesc_951_951_951_95	MUSIC	11.27
694	pname_56	pdesc_731_731_731_73	BOOK	11.03
695	pname_918_	pdesc_554_554_554_5	BOOK	6.10
696	pname_84	pdesc_517_517_517_51	BOOK	10.49
697	pname_9	pdesc_30_30_30_3	MOVIE	7.77
698	pname_7	pdesc_230_230_2	MOVIE	11.03
699	pname_518_	pdesc_995_995_99	MOVIE	14.50
700	pname_671_	pdesc_256_256_256_2	MOVIE	9.98
701	pname_4	pdesc_886_886_886_8	MUSIC	10.91
702	pname_75	pdesc_503_503_503_	BOOK	8.96
703	pname_5	pdesc_394_394_394_3	MUSIC	6.94
704	pname_7	pdesc_835_835_835_	MOVIE	10.31
705	pname_251_	pdesc_579_579_579_57	BOOK	12.05
706	pname_7	pdesc_107_107_107_10	BOOK	11.44
707	pname_99	pdesc_87_87_87_	BOOK	11.98
708	pname_8	pdesc_54_54_54_54_	BOOK	14.06
709	pname_14	pdesc_126_126_1	MUSIC	7.70
710	pname_6	pdesc_322_322_322	MUSIC	12.33
711	pname_9	pdesc_843_843_843_84	MOVIE	8.04
712	pname_8	pdesc_964_964_964_9	BOOK	8.55
713	pname_771	pdesc_520_520_520_5	BOOK	11.52
714	pname_396_	pdesc_925_925_925_92	MOVIE	10.06
715	pname_311	pdesc_783_783_783_	MUSIC	5.96
716	pname_1	pdesc_515_515_515_51	BOOK	13.27
717	pname_997	pdesc_776_776_776_7	BOOK	7.07
718	pname_365	pdesc_171_171_17	BOOK	9.49
719	pname_5	pdesc_568_568_5	MUSIC	8.15
720	pname_782_	pdesc_280_280_280_2	BOOK	16.27
721	pname_6	pdesc_280_280_280_2	MUSIC	5.95
722	pname_540_	pdesc_112_112_112_1	MOVIE	7.15
723	pname_190_	pdesc_195_195_195_19	MUSIC	7.71
724	pname_22_2	pdesc_727_727_727_	BOOK	4.59
725	pname_638	pdesc_19_19_19_19_	MUSIC	6.49
726	pname_836	pdesc_417_417_41	BOOK	8.95
727	pname_10	pdesc_79_79_79_79_	MUSIC	8.48
728	pname_9	pdesc_141_141_14	BOOK	10.38
729	pname_245_	pdesc_888_888_888_8	MOVIE	11.52
730	pname_4	pdesc_922_922_922	MUSIC	11.32
731	pname_654	pdesc_47_47_47_47_4	MOVIE	14.25
732	pname_487_	pdesc_28_28_28_28_2	MOVIE	8.03
733	pname_9	pdesc_311_311_311_	MUSIC	8.84
734	pname_1	pdesc_293_293_293_	MOVIE	13.12
735	pname_99_	pdesc_503_503_503_	BOOK	14.29
736	pname_640	pdesc_952_952_952	MUSIC	9.50
737	pname_7	pdesc_49_49_49_	BOOK	12.82
738	pname_268	pdesc_285_285_28	MOVIE	14.74
739	pname_4	pdesc_181_181_181_	MUSIC	11.79
740	pname_883_	pdesc_444_444_444_4	MOVIE	12.59
741	pname_786_	pdesc_501_501_501_	BOOK	10.07
742	pname_77	pdesc_716_716_716_7	BOOK	7.38
743	pname_998_	pdesc_268_268_2	MOVIE	5.61
744	pname_524_	pdesc_625_625_625_62	MOVIE	12.77
745	pname_399	pdesc_150_150_1	MOVIE	5.35
746	pname_3	pdesc_425_425_425_	MOVIE	8.19
747	pname_259_	pdesc_371_371_371_	MUSIC	9.77
748	pname_3	pdesc_38_38_38_38_	MUSIC	12.10
749	pname_7	pdesc_702_702_702	BOOK	12.14
750	pname_22_2	pdesc_662_662_662_6	BOOK	9.38
751	pname_456	pdesc_861_861_861_	MUSIC	12.00
752	pname_761	pdesc_995_995_99	MOVIE	6.24
753	pname_5	pdesc_388_388_388	BOOK	13.64
754	pname_9	pdesc_677_677_677_	MUSIC	7.19
755	pname_66	pdesc_747_747_74	MUSIC	3.99
756	pname_37	pdesc_894_894_8	BOOK	9.80
757	pname_1	pdesc_683_683_683_68	MOVIE	3.59
758	pname_4	pdesc_839_839_839_	MOVIE	10.68
759	pname_3	pdesc_552_552_552_5	BOOK	16.36
760	pname_827_	pdesc_35_35_35_35_	BOOK	10.99
761	pname_3	pdesc_59_59_59_59_59	MOVIE	9.38
762	pname_1	pdesc_20_20_20_20	MOVIE	9.57
763	pname_120_	pdesc_970_970_9	MUSIC	13.83
764	pname_255_	pdesc_96_96_96_9	BOOK	7.17
765	pname_7	pdesc_236_236_2	MOVIE	12.06
766	pname_67	pdesc_526_526_526_5	BOOK	14.25
767	pname_361	pdesc_472_472_472_4	MUSIC	12.90
768	pname_938_	pdesc_283_283_28	BOOK	12.35
769	pname_6	pdesc_177_177_17	MOVIE	13.31
770	pname_540_	pdesc_620_620_620	MUSIC	8.88
771	pname_658	pdesc_738_738_738	BOOK	12.02
772	pname_564_	pdesc_347_347_347_	BOOK	9.22
773	pname_99	pdesc_46_46_46_	BOOK	6.32
774	pname_88	pdesc_474_474_474_4	MOVIE	12.24
775	pname_57	pdesc_68_68_68_	BOOK	4.29
776	pname_2	pdesc_83_83_83_83	MOVIE	10.75
777	pname_65_6	pdesc_974_974_9	MUSIC	8.23
778	pname_305	pdesc_553_553_55	MUSIC	10.17
779	pname_35	pdesc_136_136_136	MUSIC	10.49
780	pname_5	pdesc_898_898_8	MOVIE	13.91
781	pname_268	pdesc_22_22_22_22_2	MUSIC	14.35
782	pname_36	pdesc_211_211_211_21	MUSIC	9.89
783	pname_970_	pdesc_769_769_769_76	BOOK	8.49
784	pname_9	pdesc_553_553_55	MUSIC	3.88
785	pname_68_6	pdesc_331_331_33	BOOK	5.96
786	pname_21_2	pdesc_304_304_304_3	MOVIE	8.23
787	pname_15	pdesc_606_606_606_6	MUSIC	8.03
788	pname_827_	pdesc_153_153_153_	MOVIE	14.97
789	pname_769	pdesc_16_16_16_16_	MUSIC	5.52
790	pname_524_	pdesc_825_825_82	BOOK	3.53
791	pname_987	pdesc_721_721_721_	MUSIC	13.67
792	pname_1	pdesc_673_673_673_	MOVIE	12.88
793	pname_376_	pdesc_493_493_493_49	MUSIC	9.62
794	pname_143	pdesc_20_20_20_20	BOOK	11.14
795	pname_75	pdesc_147_147_14	BOOK	6.77
796	pname_9	pdesc_868_868_8	MOVIE	7.76
797	pname_527	pdesc_351_351_351_35	MUSIC	10.52
798	pname_580_	pdesc_19_19_19_19_	MUSIC	6.74
799	pname_706_	pdesc_737_737_737_73	BOOK	16.33
800	pname_887_	pdesc_58_58_58_5	MUSIC	10.37
801	pname_90	pdesc_999_999_99	MOVIE	10.63
802	pname_3	pdesc_968_968_968_9	MUSIC	17.71
803	pname_61	pdesc_1000_1000_	MOVIE	14.82
804	pname_771	pdesc_704_704_704	MOVIE	4.96
805	pname_87	pdesc_893_893_893_	MUSIC	12.12
806	pname_23	pdesc_58_58_58_5	BOOK	9.00
807	pname_325	pdesc_993_993_99	MUSIC	7.24
808	pname_77	pdesc_186_186_1	MUSIC	8.31
809	pname_413_	pdesc_493_493_493_49	BOOK	13.08
810	pname_432	pdesc_299_299_299_	MOVIE	11.96
811	pname_597	pdesc_120_120_1	MOVIE	12.96
812	pname_359	pdesc_722_722_7	BOOK	10.54
813	pname_9	pdesc_21_21_21_	MUSIC	14.31
814	pname_80	pdesc_650_650_650	MOVIE	9.00
815	pname_168_	pdesc_483_483_483_	MUSIC	15.95
816	pname_37	pdesc_434_434_434	BOOK	10.31
817	pname_852	pdesc_241_241_241_24	MUSIC	9.25
818	pname_61	pdesc_322_322_322	MOVIE	8.69
819	pname_355	pdesc_990_990_990_9	BOOK	7.41
820	pname_1	pdesc_140_140_140_1	MUSIC	5.08
821	pname_37	pdesc_892_892_8	BOOK	8.48
822	pname_59_	pdesc_481_481_481_	MOVIE	11.83
823	pname_98	pdesc_323_323_323_32	MUSIC	9.74
824	pname_305	pdesc_222_222_222_2	MOVIE	11.60
825	pname_4	pdesc_70_70_70_70_	MOVIE	11.93
826	pname_99	pdesc_724_724_7	MOVIE	11.17
827	pname_7	pdesc_265_265_265_	BOOK	8.35
828	pname_93	pdesc_715_715_71	MOVIE	6.74
829	pname_73	pdesc_16_16_16_16_	MUSIC	7.14
830	pname_386_	pdesc_241_241_241_24	BOOK	15.24
831	pname_958_	pdesc_6_6_6_6_6_6	BOOK	12.81
832	pname_51_	pdesc_799_799_799_79	MOVIE	10.27
833	pname_349	pdesc_154_154_1	BOOK	9.70
834	pname_7	pdesc_326_326_326	BOOK	10.89
835	pname_73	pdesc_364_364_364_3	MOVIE	11.53
836	pname_4	pdesc_585_585_58	MUSIC	8.66
837	pname_705	pdesc_731_731_731_73	BOOK	8.93
838	pname_675_	pdesc_159_159_159_	MOVIE	11.87
839	pname_446	pdesc_971_971_971_	BOOK	8.58
840	pname_269_	pdesc_873_873_873_87	BOOK	7.92
841	pname_755	pdesc_365_365_36	BOOK	8.35
842	pname_46	pdesc_904_904_904_9	BOOK	12.09
843	pname_8	pdesc_405_405_405_40	MUSIC	5.74
844	pname_924_	pdesc_501_501_501_	MUSIC	11.69
845	pname_970_	pdesc_442_442_442_4	BOOK	7.26
846	pname_52	pdesc_945_945_945_	BOOK	3.38
847	pname_947	pdesc_468_468_468	MOVIE	11.90
848	pname_83	pdesc_928_928_928	MOVIE	9.49
849	pname_5	pdesc_85_85_85_85_8	MUSIC	11.56
850	pname_786_	pdesc_980_980_980	MUSIC	9.08
851	pname_1	pdesc_619_619_619_	MOVIE	10.41
852	pname_376_	pdesc_208_208_2	MOVIE	6.54
853	pname_382_	pdesc_339_339_33	MUSIC	14.49
854	pname_33	pdesc_129_129_129_	BOOK	8.93
855	pname_5	pdesc_988_988_988	BOOK	0.82
856	pname_601_	pdesc_578_578_578	BOOK	6.28
857	pname_836	pdesc_493_493_493_49	BOOK	11.32
858	pname_1	pdesc_402_402_402	BOOK	11.32
859	pname_49	pdesc_444_444_444_4	BOOK	14.86
860	pname_5	pdesc_491_491_491_49	MUSIC	8.87
861	pname_6	pdesc_513_513_513_51	MOVIE	8.31
862	pname_4	pdesc_649_649_649_	MOVIE	8.62
863	pname_85	pdesc_552_552_552_5	BOOK	6.02
864	pname_76	pdesc_220_220_220_2	MUSIC	10.85
865	pname_93	pdesc_942_942_9	BOOK	10.18
866	pname_7	pdesc_91_91_91_91_91	MUSIC	10.39
867	pname_209_	pdesc_699_699_69	MUSIC	8.22
868	pname_689_	pdesc_471_471_47	BOOK	10.46
869	pname_3	pdesc_16_16_16_16_	MOVIE	4.51
870	pname_8	pdesc_324_324_324	BOOK	11.11
871	pname_78	pdesc_793_793_793_79	MUSIC	9.02
872	pname_18	pdesc_527_527_52	BOOK	16.43
873	pname_208	pdesc_566_566_5	BOOK	10.61
874	pname_735	pdesc_784_784_7	MUSIC	13.99
875	pname_609_	pdesc_191_191_191_19	BOOK	10.91
876	pname_168_	pdesc_989_989_989_98	MOVIE	14.16
877	pname_382_	pdesc_330_330_330_3	BOOK	11.79
878	pname_513	pdesc_592_592_5	MUSIC	14.99
879	pname_3	pdesc_471_471_47	MUSIC	6.54
880	pname_443_	pdesc_828_828_828_8	MUSIC	9.34
881	pname_261_	pdesc_713_713_71	MOVIE	9.30
882	pname_52	pdesc_33_33_33_3	BOOK	11.79
883	pname_392_	pdesc_353_353_353_35	BOOK	10.83
884	pname_5	pdesc_387_387_387_38	MOVIE	6.73
885	pname_803_	pdesc_615_615_615_	BOOK	6.65
886	pname_641_	pdesc_122_122_1	MOVIE	10.02
887	pname_90	pdesc_669_669_66	MUSIC	12.42
888	pname_654	pdesc_353_353_353_35	MOVIE	7.86
889	pname_928_	pdesc_217_217_217_21	MOVIE	16.84
890	pname_258	pdesc_52_52_52_5	MOVIE	6.84
891	pname_963	pdesc_242_242_242	MUSIC	12.34
892	pname_70	pdesc_883_883_88	BOOK	11.83
893	pname_1	pdesc_455_455_455_	MUSIC	8.62
894	pname_3	pdesc_209_209_209_	MUSIC	10.78
895	pname_87	pdesc_113_113_11	MUSIC	6.52
896	pname_6	pdesc_624_624_624	MUSIC	9.65
897	pname_48	pdesc_573_573_573_57	MUSIC	16.43
898	pname_8	pdesc_44_44_44_44_4	MUSIC	7.18
899	pname_1	pdesc_184_184_1	BOOK	9.16
900	pname_134_	pdesc_494_494_494	BOOK	10.02
901	pname_46	pdesc_754_754_7	BOOK	8.26
902	pname_43	pdesc_604_604_604_6	BOOK	13.79
903	pname_4	pdesc_441_441_44	BOOK	13.81
904	pname_8	pdesc_864_864_8	BOOK	9.91
905	pname_558_	pdesc_807_807_807_	BOOK	10.57
906	pname_1	pdesc_859_859_85	BOOK	6.87
907	pname_6	pdesc_846_846_846	MUSIC	3.69
908	pname_103	pdesc_15_15_15_15_15	BOOK	11.23
909	pname_3	pdesc_28_28_28_28_2	MOVIE	11.24
910	pname_96	pdesc_519_519_519_51	BOOK	10.13
911	pname_42	pdesc_564_564_5	MUSIC	13.56
912	pname_9	pdesc_497_497_497_49	BOOK	13.52
913	pname_731	pdesc_831_831_831_	BOOK	12.86
914	pname_75	pdesc_897_897_897_	MOVIE	6.81
915	pname_3	pdesc_137_137_137_13	BOOK	7.01
916	pname_10	pdesc_150_150_1	MOVIE	13.99
917	pname_80	pdesc_192_192_192	BOOK	5.74
918	pname_44	pdesc_990_990_990_9	MUSIC	12.87
919	pname_4	pdesc_663_663_66	MOVIE	10.77
920	pname_9	pdesc_641_641_641_	BOOK	10.61
921	pname_508_	pdesc_997_997_99	BOOK	6.49
922	pname_8	pdesc_890_890_8	MUSIC	7.68
923	pname_1	pdesc_193_193_193_19	MOVIE	10.14
924	pname_41	pdesc_938_938_938_9	MUSIC	16.97
925	pname_6	pdesc_809_809_809_	BOOK	8.55
926	pname_260	pdesc_917_917_917_	MUSIC	11.24
927	pname_8	pdesc_454_454_4	BOOK	8.80
928	pname_5	pdesc_509_509_509_	MUSIC	11.27
929	pname_56_	pdesc_908_908_908_9	MUSIC	8.18
930	pname_508_	pdesc_220_220_220_2	MOVIE	17.45
931	pname_66_6	pdesc_104_104_104	BOOK	8.39
932	pname_9	pdesc_823_823_82	BOOK	13.44
933	pname_699_	pdesc_90_90_90_9	MOVIE	9.65
934	pname_453_	pdesc_171_171_17	MUSIC	7.48
935	pname_9	pdesc_567_567_567_	BOOK	13.43
936	pname_352_	pdesc_841_841_841_84	MUSIC	14.65
937	pname_690	pdesc_963_963_96	MOVIE	10.52
938	pname_954_	pdesc_198_198_198	MOVIE	13.20
939	pname_886	pdesc_476_476_476_4	MOVIE	2.29
940	pname_27_2	pdesc_142_142_142_1	BOOK	9.63
941	pname_422	pdesc_53_53_53_53_53	MOVIE	11.54
942	pname_30	pdesc_288_288_288_2	BOOK	11.75
943	pname_193	pdesc_956_956_956	MUSIC	10.90
944	pname_2	pdesc_487_487_487_	MUSIC	8.77
945	pname_7	pdesc_461_461_461_46	BOOK	12.13
946	pname_76	pdesc_392_392_392_3	MUSIC	8.60
947	pname_8	pdesc_395_395_39	MUSIC	11.53
948	pname_4	pdesc_767_767_767_76	BOOK	10.60
949	pname_675_	pdesc_456_456_4	MUSIC	7.97
950	pname_356_	pdesc_92_92_92_92_	MUSIC	10.22
951	pname_123	pdesc_175_175_17	BOOK	9.01
952	pname_26	pdesc_643_643_643_	MUSIC	7.08
953	pname_38	pdesc_520_520_520_5	MOVIE	9.02
954	pname_279_	pdesc_162_162_162	MOVIE	9.42
955	pname_99	pdesc_139_139_139_13	MUSIC	7.20
956	pname_756_	pdesc_491_491_491_49	MOVIE	9.97
957	pname_882	pdesc_468_468_468	MOVIE	8.08
958	pname_5	pdesc_490_490_490	BOOK	11.74
959	pname_4	pdesc_702_702_702	MOVIE	12.01
960	pname_48	pdesc_282_282_282_2	BOOK	17.37
961	pname_110_	pdesc_589_589_58	BOOK	13.60
962	pname_593	pdesc_318_318_3	BOOK	14.17
963	pname_57_	pdesc_473_473_47	MUSIC	12.37
964	pname_49	pdesc_448_448_448_4	BOOK	9.62
965	pname_5	pdesc_478_478_478_4	MOVIE	10.27
966	pname_8	pdesc_822_822_822_8	MUSIC	12.71
967	pname_167	pdesc_960_960_960_9	BOOK	11.24
968	pname_301	pdesc_63_63_63_63_6	BOOK	9.52
969	pname_2	pdesc_69_69_69_69_6	MOVIE	6.97
970	pname_62	pdesc_562_562_5	MUSIC	14.19
971	pname_18	pdesc_281_281_28	MUSIC	11.48
972	pname_72	pdesc_571_571_571_57	MOVIE	10.63
973	pname_39	pdesc_647_647_647_	MUSIC	1.17
974	pname_503	pdesc_365_365_36	MUSIC	11.19
975	pname_993	pdesc_377_377_377_	MOVIE	12.42
976	pname_10	pdesc_126_126_1	BOOK	12.48
977	pname_1	pdesc_340_340_3	BOOK	10.21
978	pname_372_	pdesc_765_765_765_76	BOOK	9.67
979	pname_54	pdesc_304_304_304_3	BOOK	8.67
980	pname_130_	pdesc_304_304_304_3	BOOK	11.76
981	pname_9	pdesc_870_870_870	MOVIE	5.12
982	pname_1	pdesc_725_725_725_	MUSIC	14.34
983	pname_4	pdesc_77_77_77_7	BOOK	9.88
984	pname_91_	pdesc_642_642_6	MOVIE	12.79
985	pname_918_	pdesc_698_698_698_6	BOOK	8.59
986	pname_462	pdesc_763_763_763_76	MOVIE	13.40
987	pname_39	pdesc_647_647_647_	MOVIE	7.20
988	pname_544_	pdesc_685_685_685_68	MOVIE	7.41
989	pname_650	pdesc_281_281_28	MOVIE	9.05
990	pname_143	pdesc_364_364_364_3	MOVIE	11.76
991	pname_3	pdesc_784_784_7	BOOK	11.03
992	pname_9	pdesc_710_710_710_7	MOVIE	11.85
993	pname_7	pdesc_565_565_565_	MOVIE	6.07
994	pname_8	pdesc_320_320_320	MUSIC	11.43
995	pname_235_	pdesc_733_733_733_73	MOVIE	9.05
996	pname_779	pdesc_182_182_1	MOVIE	12.84
997	pname_577	pdesc_344_344_3	MUSIC	11.57
998	pname_4	pdesc_525_525_52	MOVIE	5.11
999	pname_4	pdesc_422_422_4	BOOK	8.35
1000	pname_44	pdesc_153_153_153_	MUSIC	11.82
\.


--
-- Data for Name: details; Type: TABLE DATA; Schema: public; Owner: -
--

COPY details (ordid, pcode, qty) FROM stdin;
461	348	1
150	991	1
1317	954	1
846	353	1
176	119	1
58	944	1
1051	494	1
109	118	1
935	321	1
724	309	2
1597	351	1
1306	498	3
797	923	1
1800	973	1
314	871	2
1330	374	1
1597	469	1
1554	414	1
951	360	1
1393	892	1
1026	925	1
1413	555	1
513	465	1
1237	431	1
1272	374	1
1353	299	1
188	491	1
1605	937	1
1341	544	1
1292	50	1
337	724	1
793	264	1
973	620	1
1229	876	1
1328	564	2
1811	169	1
873	856	1
344	214	1
1914	937	1
548	774	1
1197	168	1
1280	834	1
892	693	1
326	82	1
1488	668	1
1842	877	1
48	461	1
965	106	1
10	160	1
896	242	1
1372	653	1
1986	376	1
985	372	1
815	581	1
229	668	1
1419	568	1
829	735	1
1473	581	1
1155	636	1
798	537	1
398	178	1
739	520	1
1586	890	1
406	180	2
365	627	1
1634	472	1
1595	70	1
111	432	1
1833	774	1
1329	854	1
253	257	1
1989	959	1
921	618	1
852	436	1
1685	969	1
1558	693	1
1876	123	1
1938	618	1
643	309	1
1203	381	1
684	881	1
57	457	1
1664	935	1
901	598	1
272	95	1
166	319	1
327	644	1
798	324	1
250	378	1
467	486	1
766	51	1
1090	323	1
1219	326	1
1777	153	1
782	936	1
4	146	3
773	782	1
1667	314	1
570	740	1
678	587	1
1845	709	1
76	26	1
970	927	1
1051	573	1
1882	379	1
471	886	1
328	135	1
1322	22	1
108	359	1
526	730	1
1080	320	1
1976	786	1
1336	286	1
642	60	1
1078	137	3
1874	896	1
1900	889	1
1976	295	1
784	409	1
1178	65	1
500	453	1
692	491	1
695	703	3
1474	931	1
1592	706	1
1489	136	1
799	803	1
286	354	1
1124	74	1
1427	577	1
582	262	1
481	713	1
1113	351	1
93	196	1
1805	871	1
243	308	1
652	847	1
1713	487	1
1415	455	1
1122	798	1
1993	870	1
1963	12	1
1554	243	1
1302	748	1
1351	464	1
395	371	1
1055	128	1
369	540	1
251	626	1
57	645	1
1227	602	1
853	890	1
643	78	1
508	182	1
1712	285	1
410	836	1
1510	640	1
1521	197	1
787	478	2
1077	730	1
1034	445	1
580	649	1
1288	665	1
649	306	3
225	971	1
834	849	1
681	695	1
642	884	1
147	808	3
322	626	1
1927	550	1
1216	888	1
1612	713	1
1789	729	3
1088	360	2
1479	166	1
211	547	1
867	66	1
202	930	1
1236	736	1
1274	104	1
1789	641	1
476	378	1
722	516	1
1683	489	1
622	77	1
166	196	1
1281	229	1
724	358	1
1529	338	1
747	609	1
1203	249	1
575	554	1
841	365	1
1534	716	3
1668	664	1
1918	788	3
176	293	1
1360	982	1
815	349	1
198	888	1
882	986	1
347	439	1
1408	429	1
1964	482	1
870	858	1
1456	259	1
859	40	1
1029	278	1
418	158	1
1396	902	1
1256	148	1
1098	214	1
1850	155	2
1991	727	1
1243	830	1
706	776	1
1479	911	1
947	770	1
1096	624	1
798	528	1
1554	819	1
103	455	1
981	378	1
403	852	1
488	957	1
389	972	1
56	592	1
1735	609	1
1356	528	1
16	706	1
804	173	1
985	754	1
106	259	1
1205	723	1
270	463	1
197	174	1
1231	387	1
206	407	1
29	254	1
1778	762	1
1468	106	1
1354	597	1
351	687	1
1932	972	1
602	996	1
262	829	2
924	333	1
381	571	1
1003	964	1
1156	691	1
1370	589	1
1921	230	2
361	528	1
280	828	1
424	851	1
523	21	1
1436	575	1
1831	366	1
1607	6	1
654	562	2
1083	551	1
1184	429	1
1650	323	1
1832	964	1
958	626	1
740	354	1
1812	931	1
275	780	1
605	856	1
1557	684	1
1407	535	1
1895	921	1
764	630	1
1747	642	1
519	756	1
1762	277	1
1872	742	1
1466	659	1
1909	66	1
71	764	1
1163	577	1
1866	510	1
1321	55	1
1946	767	1
1669	460	1
1849	89	1
586	930	1
706	551	1
653	541	1
151	57	1
1053	105	1
1016	878	2
448	282	3
1139	954	1
1701	809	1
1508	745	1
820	985	1
1348	991	2
1549	213	1
189	698	1
1878	113	1
1639	204	1
877	415	1
1937	992	1
236	996	1
314	670	1
1365	502	1
1247	134	1
384	605	1
524	434	1
871	667	1
1592	901	1
1027	955	1
1357	917	1
348	855	1
808	831	1
1029	488	1
1203	515	1
1023	675	1
722	353	1
675	367	1
171	641	1
194	21	2
1795	190	1
1424	807	1
918	280	1
1535	636	1
525	100	1
893	386	1
1657	982	1
1998	352	1
1552	13	1
272	799	3
1220	541	1
1558	702	1
1438	503	1
1882	646	1
1335	754	1
319	429	1
849	900	1
1239	48	1
984	608	1
988	329	1
722	30	1
1485	139	1
699	36	1
784	233	2
1872	696	1
778	157	1
1320	341	1
1830	559	1
1903	83	1
1033	326	1
848	256	1
1921	724	1
36	926	1
1166	33	1
98	819	1
769	957	2
1745	782	2
1570	846	2
1287	811	1
1488	729	1
878	404	1
1492	930	1
980	864	1
911	922	1
800	247	1
250	586	2
1709	272	1
79	591	1
1115	334	1
1239	248	1
1570	199	1
1353	830	1
1569	773	2
1222	763	1
471	403	1
1100	106	1
690	509	1
173	59	1
1832	381	1
447	766	1
1850	674	1
1717	322	1
1242	782	2
709	217	1
1406	262	1
1581	810	2
1159	922	1
676	911	1
895	350	1
322	839	1
1813	594	1
1753	878	1
113	690	1
336	907	1
844	34	1
5	219	1
1139	643	1
1621	540	1
1510	448	1
1649	826	1
1228	94	1
1119	869	1
1090	82	1
170	853	1
1768	813	1
1743	483	1
1427	521	2
907	785	1
1648	585	1
857	194	1
1811	296	1
864	211	1
1732	772	1
982	945	1
372	856	1
892	119	1
1900	804	1
1717	462	1
337	481	1
643	275	1
28	701	1
1941	536	1
784	804	1
1303	652	1
761	391	1
1118	567	1
1917	493	1
1266	564	1
203	377	1
1096	6	1
31	664	1
1956	324	1
1689	722	1
1322	927	1
718	203	1
1417	670	1
71	708	1
312	409	1
713	482	1
988	191	1
1357	700	1
1491	198	1
88	374	1
949	769	1
1634	762	1
1008	906	1
709	686	1
1015	190	2
1349	557	1
1790	188	1
476	396	1
1989	373	1
1407	522	1
721	738	1
1564	756	1
1843	474	1
1510	79	1
1730	886	1
704	612	1
841	474	1
1334	734	1
856	395	1
278	294	1
560	9	2
385	117	1
860	597	1
622	438	1
189	816	1
64	399	1
1325	342	1
1904	578	1
213	956	1
1959	438	1
1578	6	1
1481	667	1
1418	137	3
1931	987	1
1418	895	1
505	280	1
1463	16	1
490	426	1
1609	437	1
584	733	1
448	601	1
511	820	2
532	425	1
916	582	1
1100	252	1
560	223	1
1039	567	2
1038	282	1
599	329	1
1720	499	1
1380	406	1
1618	222	1
1022	240	1
714	342	1
1828	466	1
1149	197	1
688	916	1
598	761	1
626	554	1
32	7	1
1955	283	1
1456	80	1
1572	807	1
1218	923	1
712	808	1
654	914	3
687	344	1
1834	802	1
1221	214	1
1213	594	1
1693	402	2
506	934	1
400	572	1
1314	630	2
668	426	1
607	745	1
417	190	1
938	815	1
1670	978	1
251	651	1
32	110	2
64	865	1
1471	425	1
1682	191	1
1249	589	1
275	499	1
807	114	1
1436	681	1
571	2	1
1659	775	1
1709	226	1
1885	222	1
1190	854	1
282	982	1
927	576	1
563	797	2
1626	590	1
308	103	1
753	478	1
194	111	1
794	897	1
742	932	1
344	196	1
316	728	1
1723	406	1
1608	833	1
1912	730	1
1862	861	1
1097	390	1
1191	142	1
169	80	1
1739	702	1
1048	401	2
1868	133	1
260	612	1
986	992	1
166	115	1
479	54	1
451	306	1
304	177	1
1541	169	1
1458	222	1
1668	537	1
408	492	1
1501	65	1
852	440	1
845	231	1
460	511	1
1233	836	1
1509	940	1
950	2	1
231	591	1
1445	139	1
1025	389	1
1984	841	1
1334	604	1
417	352	1
503	884	1
495	635	1
1811	217	1
1693	739	2
1365	975	1
59	651	1
1237	933	1
955	293	2
1426	827	1
595	533	1
1968	883	1
1674	835	1
100	622	1
730	954	1
1848	638	1
144	244	1
128	529	1
1699	600	1
1462	865	1
1648	207	3
1424	949	1
697	1000	1
399	476	1
1351	374	1
119	126	1
946	771	1
302	125	1
946	531	2
104	859	1
678	475	1
1602	190	2
1658	182	1
1880	875	1
963	160	1
1463	541	1
96	148	1
1462	516	1
247	716	1
79	140	1
456	713	3
1443	603	3
1840	193	1
1017	400	1
657	129	1
108	249	1
994	371	1
24	557	1
1964	112	1
127	582	1
918	889	1
1534	612	1
721	264	1
1141	600	1
1069	733	1
1194	793	1
1642	617	1
279	659	1
1979	944	1
1517	323	2
1951	844	1
1189	762	1
818	167	1
1068	836	1
1722	752	1
1555	222	1
390	846	2
1019	181	1
1652	501	1
640	381	1
1624	406	1
1418	154	1
172	548	1
363	694	2
973	671	1
997	745	3
624	939	1
1546	265	1
807	67	1
634	407	1
1830	250	1
370	288	1
1047	2	1
234	214	1
1777	399	1
118	147	1
509	400	1
605	963	1
1067	388	1
1342	799	1
538	61	1
808	330	1
1267	175	1
458	124	2
50	404	3
873	38	1
15	622	3
243	56	1
785	719	1
1765	896	1
381	127	1
1865	691	1
227	589	1
1572	256	1
453	442	1
626	883	1
1342	36	1
885	881	1
1668	571	2
1069	410	1
1561	78	1
1940	412	1
94	169	1
498	46	1
980	85	1
368	900	1
951	159	1
433	45	1
282	499	1
789	684	1
1357	858	1
352	263	1
679	418	1
1929	897	1
1688	677	1
1678	97	1
1797	507	1
264	981	1
407	58	1
1038	426	1
1677	937	2
1311	917	1
200	880	1
729	256	2
1891	639	1
1314	100	1
669	219	1
1680	639	1
1682	126	1
22	24	1
275	782	2
1754	413	1
680	738	1
1718	830	1
424	368	1
831	279	2
597	548	3
442	711	1
109	777	1
1819	374	1
1980	686	1
1052	272	1
309	631	1
1236	855	1
1821	947	1
1054	939	1
855	380	1
1923	381	1
1302	173	1
1585	573	1
1242	536	1
1875	505	1
591	540	1
410	91	1
22	750	1
1957	449	3
333	131	1
81	53	1
256	319	1
947	747	1
1993	248	1
300	249	1
723	919	1
1257	137	1
1923	705	1
745	785	1
1283	430	1
1195	412	1
1025	626	1
1897	957	1
663	626	1
685	509	1
916	542	1
1419	746	1
50	640	1
762	87	2
1454	374	1
519	579	1
1663	166	1
1683	199	1
1351	471	1
264	477	1
204	973	1
1469	499	1
587	281	1
417	57	1
650	190	1
103	693	1
725	881	1
1445	755	1
245	475	1
1548	658	1
1411	736	1
1005	104	1
28	440	1
656	620	1
590	720	1
1008	930	1
1557	568	1
1053	422	1
141	936	1
829	395	1
1950	677	1
1258	284	1
1441	681	1
12	215	1
763	271	1
1204	220	1
258	423	1
998	578	3
1492	865	1
496	62	1
100	550	1
1256	450	1
801	210	1
1929	916	1
580	22	1
186	334	1
1287	183	1
1865	624	1
1049	337	1
55	87	1
1069	830	1
1018	99	2
910	154	1
1909	669	1
439	16	1
457	621	1
912	416	1
1570	462	1
524	245	1
1777	651	1
871	979	1
1296	658	1
1555	380	1
340	540	2
1494	87	1
1036	272	1
1709	614	1
158	857	1
79	179	1
149	211	1
1692	698	1
86	392	1
986	397	1
1219	372	2
241	877	3
54	235	1
460	182	2
1077	498	2
678	187	1
1143	379	1
1017	320	1
763	210	1
1033	94	1
432	744	1
235	899	1
854	509	1
157	478	1
196	786	1
1120	94	1
138	354	1
1947	531	1
1156	819	2
146	43	1
1517	430	1
1188	14	1
1532	497	1
1990	878	1
1600	141	1
412	172	1
799	349	3
485	971	2
73	562	1
380	895	1
1583	226	2
1754	612	1
433	121	1
249	853	1
1522	447	1
707	987	1
826	386	1
1113	260	2
1675	759	1
1203	491	1
1158	292	1
821	136	1
1416	329	1
1632	210	1
1264	8	1
1534	926	1
698	845	2
1737	904	1
966	377	1
1712	691	1
592	968	1
1324	952	1
1793	793	1
1298	900	1
962	492	1
58	906	1
1522	582	1
1094	62	1
1121	378	2
1974	366	1
1024	949	1
1477	207	1
1184	337	1
1019	446	1
1774	746	1
1394	108	1
34	589	3
1309	837	1
1723	274	1
162	952	1
698	263	1
616	108	1
226	659	1
423	787	3
672	126	1
939	290	1
680	510	1
1652	541	1
643	234	1
97	616	1
174	146	1
335	802	1
1580	552	1
1718	817	1
1051	8	1
59	771	1
1574	818	1
502	121	1
681	439	2
1452	866	1
790	452	1
1744	637	1
1208	151	1
68	689	1
1013	5	1
1543	299	1
136	414	1
511	474	1
794	303	1
280	386	1
170	726	1
1873	481	1
1631	585	1
1984	292	1
1318	972	1
274	412	1
966	299	1
1776	278	1
1221	90	1
1652	356	1
1703	860	1
52	673	1
1941	749	1
366	705	1
1826	971	1
1633	692	1
206	125	1
410	991	1
1966	581	1
249	512	1
698	679	1
162	241	1
1035	370	1
40	222	1
37	538	1
992	422	3
194	38	1
1926	292	1
179	112	1
1922	644	1
1071	497	1
988	500	1
1266	746	1
1601	321	1
995	910	1
1386	611	1
479	862	1
791	470	1
1212	591	1
382	332	2
1954	849	1
1907	887	1
1013	791	1
464	590	1
639	424	1
328	342	1
1844	456	1
116	827	2
1138	636	1
1686	215	2
692	123	1
149	340	1
677	2	1
376	728	1
1124	29	1
1506	653	1
620	638	1
1573	173	1
1782	230	1
1586	790	1
1706	324	1
1070	972	1
633	792	1
1653	587	1
1363	712	1
381	506	1
357	746	1
175	456	1
526	359	1
177	561	1
783	611	1
12	750	1
876	353	1
1665	147	1
1037	173	1
1290	959	1
1117	459	1
7	574	1
1656	142	1
1412	943	1
450	451	1
969	527	1
1167	718	1
1553	725	2
420	230	1
1420	94	1
1584	447	1
1153	992	1
602	761	1
1055	355	1
225	887	1
913	416	1
865	585	1
1483	855	1
307	320	1
1669	153	3
1847	462	1
1833	615	1
1192	1000	1
938	688	1
1675	327	1
113	855	1
1311	731	1
195	825	2
225	857	1
1030	118	1
368	615	1
88	798	1
493	561	1
1083	21	1
565	318	2
1350	661	1
202	408	1
1548	683	3
5	424	1
1599	505	1
809	479	1
1296	268	1
979	293	1
650	743	2
205	437	1
325	714	1
1434	328	3
1906	450	1
994	260	1
1892	592	1
1978	171	1
123	987	1
662	434	2
412	502	1
1625	422	1
72	591	3
1916	971	1
1781	828	1
1701	430	1
743	706	1
1058	159	1
369	663	1
55	49	1
159	760	1
459	131	1
1328	757	1
958	792	1
1707	274	3
244	477	1
749	811	2
1355	245	1
982	72	1
1372	379	1
732	731	1
797	328	3
1937	384	1
1007	929	1
1354	863	1
1172	503	1
1818	907	1
1179	750	1
481	217	1
714	744	2
83	7	3
1959	919	1
692	781	1
1265	189	3
1213	170	1
436	726	1
1505	383	1
42	159	1
1214	639	1
1590	536	1
430	274	1
233	13	1
1192	307	1
633	887	1
1847	725	1
1110	66	1
1843	444	1
1399	820	1
77	152	1
1499	604	1
111	397	1
609	904	3
1861	41	1
1980	15	2
471	701	1
1920	596	1
214	419	1
672	561	2
298	501	1
387	595	1
512	927	1
334	598	2
535	618	1
1568	633	1
988	83	1
645	27	1
546	76	1
1982	600	1
1127	68	1
1714	215	1
648	638	1
1987	170	1
1643	781	1
244	946	1
377	161	1
1943	275	1
1044	356	1
960	129	1
526	570	1
1156	975	1
1004	272	1
1729	197	1
90	30	1
629	112	1
1350	685	1
1153	748	1
1446	465	1
1196	104	1
1048	643	1
769	762	1
902	21	1
1390	462	1
1379	133	1
1774	444	1
155	118	1
1353	806	1
798	313	1
477	222	1
1079	638	1
1907	671	1
794	228	1
39	966	1
1449	336	1
180	920	1
908	493	1
1047	569	1
257	85	1
1480	229	1
1624	252	1
871	464	1
819	558	3
1693	940	1
1736	733	2
1521	862	1
1103	721	1
1335	378	1
1964	605	1
578	467	1
216	567	1
1515	446	1
1987	962	1
1173	507	1
1729	256	1
48	697	1
1922	224	1
761	739	1
1988	494	1
270	606	1
1155	309	3
125	979	1
420	270	1
1905	390	1
963	88	1
240	660	1
579	268	1
599	429	1
165	393	1
1087	790	1
1462	750	1
876	637	1
416	637	1
1357	388	1
1253	551	1
168	340	1
1468	817	1
11	863	1
823	125	1
1291	806	1
1023	482	1
1578	492	1
1985	986	1
565	976	1
1999	28	1
802	123	1
476	610	1
26	401	1
569	772	1
1194	841	1
916	616	1
1391	559	1
1177	60	1
1292	783	1
824	556	1
623	295	1
1153	621	1
1096	911	2
932	52	1
248	543	1
1019	789	2
156	59	1
1272	270	1
1387	920	1
1041	729	2
1137	171	1
1477	457	1
1822	512	1
683	13	1
892	982	3
880	41	1
1976	392	1
997	810	1
1226	644	1
1943	973	1
954	470	1
358	390	1
1308	641	1
431	298	1
1855	29	1
1619	668	1
1790	421	1
901	461	2
952	755	2
1091	819	1
1066	767	1
738	928	1
1864	417	1
581	906	1
1425	125	2
877	664	1
1825	591	1
59	150	1
263	75	1
1156	625	1
1771	121	2
341	680	1
1579	685	1
1299	94	1
805	26	1
850	45	1
370	24	1
785	477	1
1834	408	1
1862	275	1
829	36	2
1737	876	1
1632	402	1
1434	341	1
484	116	1
845	743	1
1103	685	1
402	999	1
60	986	1
1759	667	1
1454	934	1
1678	6	2
1765	373	1
1985	194	1
83	151	1
1165	939	1
1390	255	1
349	395	1
1205	275	1
262	556	1
926	289	2
847	992	1
1884	942	1
421	62	1
1525	938	1
821	337	1
1831	45	1
1893	706	1
929	412	1
1572	42	1
1988	15	1
264	773	1
91	615	1
1728	500	1
941	375	1
1018	940	1
1587	209	1
1693	540	1
1270	286	1
1154	875	1
131	3	1
492	635	1
834	712	1
370	311	1
16	696	1
1085	880	1
66	44	1
780	934	1
1503	492	3
1988	355	1
61	854	1
793	976	1
759	879	1
1201	75	1
28	99	1
645	671	1
956	344	1
319	172	1
1892	297	1
719	407	1
1894	790	1
275	79	1
858	929	1
123	150	1
1060	711	1
1762	596	2
1773	294	3
1109	58	1
536	282	1
1873	708	1
1634	58	1
1952	898	3
724	303	1
1699	988	1
1205	492	1
1687	555	1
1679	666	1
1209	354	1
267	888	1
1709	919	1
166	483	1
184	194	1
607	88	1
742	54	1
962	415	1
1414	865	1
110	177	1
1385	431	1
1239	245	1
1896	360	1
948	404	1
428	437	1
1043	545	2
1497	24	3
295	956	1
759	321	1
231	530	1
1327	912	1
1980	422	1
254	719	3
48	363	1
124	291	1
24	409	1
813	956	1
1437	654	1
1826	335	1
1822	626	1
1333	14	1
766	897	1
95	949	1
1299	336	3
431	890	1
1285	450	1
560	755	2
1149	883	1
841	711	1
391	713	1
124	191	1
1549	868	1
905	271	1
1745	448	2
1977	607	1
200	811	1
1605	468	1
176	258	1
964	151	1
1786	99	1
808	113	1
1240	601	1
896	457	1
1201	368	1
810	302	1
1141	724	1
1099	725	1
551	660	1
510	281	3
838	48	1
751	8	1
126	830	2
1948	40	1
1188	455	1
605	38	1
756	604	1
1534	485	1
589	811	1
1215	834	1
498	774	1
1674	454	1
1608	476	1
1785	368	1
861	503	1
700	451	1
1893	542	1
157	183	1
1984	440	1
1924	676	1
884	732	1
44	453	1
511	839	1
1826	227	1
1768	704	3
460	956	2
1133	629	1
697	534	1
162	165	1
193	76	1
1098	124	1
146	651	1
239	371	1
1547	937	1
911	74	1
1209	49	3
1024	749	1
489	272	1
1831	575	1
234	653	1
1990	887	1
447	803	1
55	538	1
1814	459	1
41	820	1
1860	62	1
248	960	1
1144	70	1
1655	194	1
468	603	1
1340	217	1
869	499	1
1772	987	1
52	804	1
877	632	1
409	791	1
481	471	1
113	884	1
1268	286	3
1414	745	1
138	591	1
1129	968	1
985	841	1
1209	772	1
824	980	1
1516	934	1
30	848	1
1959	221	1
1723	64	1
15	254	2
510	546	1
1132	267	1
265	511	1
1514	319	1
582	578	1
1330	901	1
194	488	1
1817	500	1
407	39	2
1478	887	1
673	476	1
1444	92	1
466	6	1
1519	67	1
1973	956	2
521	644	1
1497	873	1
1264	752	1
1499	941	1
1808	439	1
1006	492	1
842	881	1
1979	357	1
1443	606	1
858	488	1
1242	70	1
1724	747	2
1173	400	1
86	138	1
872	88	1
1840	499	1
1443	690	1
271	769	1
1067	978	1
313	607	1
1793	466	1
744	598	1
1543	857	1
101	878	1
52	102	1
37	658	1
1400	182	1
1988	18	1
97	357	1
105	764	1
73	383	1
957	624	3
1831	631	1
4	759	1
1640	814	1
305	651	1
1913	573	1
1061	520	1
528	748	1
107	485	1
699	61	1
1258	235	1
13	672	1
1714	654	1
853	161	1
314	898	1
1303	973	1
1907	171	1
559	264	2
1293	151	1
421	969	1
1597	213	1
1825	261	1
78	516	1
398	245	1
1807	128	3
514	380	1
986	975	1
1063	108	1
690	921	1
187	130	1
1165	941	1
1891	111	1
1074	370	1
978	930	1
1254	297	1
266	928	1
1803	729	1
359	34	1
936	886	1
38	970	2
1206	995	1
1903	795	1
1540	211	3
563	382	1
202	374	1
1379	360	1
42	253	1
1252	281	2
182	923	1
548	847	1
811	48	1
470	936	1
1782	250	1
16	739	1
17	88	1
1685	396	1
1830	984	1
1309	568	1
917	24	1
88	441	1
1975	133	1
688	510	2
1346	960	1
672	245	1
114	429	1
1626	442	1
1740	378	1
53	316	1
497	955	1
1978	915	1
1215	374	2
1738	805	1
36	382	1
1416	776	1
1425	183	1
396	473	1
207	581	1
468	208	1
1806	273	1
1414	449	1
1647	874	1
38	724	1
802	772	1
1311	311	1
34	498	1
1360	44	1
439	671	1
864	544	1
601	250	1
1747	573	1
1078	862	1
796	585	1
1118	171	1
1838	976	1
1618	960	1
80	931	1
1218	341	1
1468	990	1
1804	943	1
1831	869	1
1602	450	1
1578	728	1
1183	385	3
1691	525	1
1041	309	1
249	978	2
1248	813	2
227	494	1
621	409	1
105	657	1
390	714	1
1511	398	1
307	726	1
1313	916	1
1871	379	1
1553	949	1
1797	863	1
373	98	3
729	904	1
412	377	3
1805	669	1
142	807	1
1895	219	1
496	841	1
69	953	3
930	329	1
1820	940	1
1575	768	1
1011	453	1
113	344	1
165	68	1
576	652	1
1446	27	1
1751	996	1
385	811	1
1008	387	1
1288	538	1
769	147	1
383	554	1
71	7	1
685	781	1
1770	635	1
432	389	1
315	10	1
1478	409	1
1046	329	1
1016	167	1
112	134	1
469	693	3
950	565	1
123	760	1
882	195	3
528	841	1
832	988	1
1772	708	1
1040	342	1
812	739	1
617	601	1
1227	160	1
1937	5	1
648	636	1
678	366	1
203	873	1
51	966	1
1128	179	1
767	32	1
821	867	1
397	100	1
727	645	1
465	90	1
71	350	1
1255	571	1
486	600	1
1563	640	1
311	140	1
1797	617	1
52	139	1
1879	811	1
81	141	1
1739	490	1
1259	617	1
155	401	1
1535	348	1
231	719	1
1036	707	1
1812	909	2
1850	592	1
1698	242	1
1875	18	1
1973	826	2
890	148	2
1474	936	1
1014	570	1
157	674	1
371	130	1
458	875	1
1215	536	1
777	491	1
999	759	2
736	442	1
56	720	1
677	507	1
352	12	1
12	714	1
1978	158	1
1347	14	1
422	796	1
250	820	1
1926	83	1
1140	328	2
521	324	1
1089	951	1
1313	534	1
1716	344	1
517	104	1
1588	938	1
814	446	1
1677	549	1
861	820	1
1356	356	1
1004	69	1
1977	626	1
129	870	1
609	259	1
1243	679	1
649	429	1
1487	270	1
955	492	1
1830	579	1
59	8	1
1543	687	1
1147	32	1
1142	734	1
1706	469	1
1254	109	1
1662	351	1
782	938	1
1650	767	1
1638	732	1
1714	843	1
1955	751	1
1527	115	1
1040	800	1
1895	730	1
911	88	1
1455	867	1
289	311	1
339	134	1
1915	778	1
452	322	1
1864	729	1
354	148	1
1856	886	1
1080	176	1
556	418	1
327	832	1
246	296	1
1898	406	1
1446	332	1
540	970	1
885	368	1
1451	184	1
1882	952	1
1468	883	1
836	550	1
262	440	1
609	581	1
1172	639	1
524	233	1
340	613	1
1889	316	1
624	397	1
1544	120	1
1656	771	1
514	50	1
1821	526	1
300	175	1
992	682	1
1667	412	1
1019	408	1
1011	600	1
536	857	1
1479	130	1
1093	389	2
1132	294	1
1224	382	1
238	169	1
1298	71	1
484	71	1
1198	853	1
775	673	1
1424	64	1
79	258	2
305	802	1
1018	243	1
949	85	1
1399	434	1
409	183	1
1269	708	1
1444	479	1
731	711	1
1429	81	1
1487	20	1
1737	769	1
811	699	1
998	40	1
776	267	1
1663	735	3
1978	114	1
40	123	2
1686	683	1
410	473	1
422	67	1
1291	477	1
998	151	2
866	93	1
20	785	1
441	590	1
1199	217	1
730	920	1
231	472	1
1482	616	1
364	705	1
802	396	1
1276	654	1
1750	640	1
1554	284	1
1752	785	2
1200	338	1
1410	476	1
1625	520	1
487	821	1
1008	171	1
1465	698	1
1127	937	1
1616	876	1
17	597	1
924	925	1
979	621	1
687	680	1
940	148	1
1568	180	1
1856	618	2
650	107	1
1584	817	1
1553	854	1
649	423	2
1645	779	1
300	262	1
1510	170	1
1545	632	1
308	470	1
1337	438	1
420	964	1
1907	431	1
672	703	2
1242	644	1
966	466	1
972	103	1
1230	805	2
995	878	1
927	474	1
1382	995	2
648	247	1
1314	13	1
1687	180	1
252	359	1
572	275	1
958	782	1
397	853	1
381	376	1
1371	404	1
325	878	1
517	374	1
426	593	1
1158	553	1
366	770	1
1608	2	1
1956	199	1
191	605	1
1156	215	1
572	656	1
1043	820	1
1389	550	1
1945	825	2
1290	202	1
1635	409	1
378	133	1
813	411	2
1197	586	1
1364	582	1
1800	568	1
726	317	1
314	448	1
1317	917	1
157	169	2
49	798	1
270	546	1
74	77	1
1352	218	1
1802	857	1
834	651	2
468	752	1
1399	927	1
665	431	1
1959	636	1
464	875	1
713	142	1
447	187	1
519	530	1
1214	938	1
667	319	1
1430	113	1
1186	610	1
259	676	1
824	502	3
1603	747	1
593	989	1
1136	571	1
1518	392	1
1804	640	1
1798	236	1
1942	765	1
284	99	2
1489	801	1
1371	219	1
1873	637	1
1492	858	1
394	329	1
1325	434	1
583	854	1
872	330	1
38	775	1
232	583	1
596	389	1
90	395	1
1143	689	1
850	279	1
670	250	1
528	79	1
851	600	1
838	512	3
1633	970	1
862	458	1
541	684	3
28	913	1
1083	914	1
772	281	1
1702	627	1
477	401	1
1230	819	1
2000	340	1
768	124	1
269	763	1
139	434	1
1100	895	1
1800	114	1
1867	564	1
737	995	1
889	573	2
1904	13	1
680	326	2
1716	242	2
927	764	1
1390	15	1
300	557	1
1207	627	1
1809	470	3
1587	172	1
409	240	1
1144	450	3
717	434	1
93	23	1
1286	745	1
1308	3	2
1058	977	1
666	778	1
842	912	1
998	353	1
1081	291	1
607	287	1
168	275	1
878	468	1
517	398	2
723	729	3
364	906	1
1323	377	1
806	35	1
1617	517	1
1827	118	2
1531	89	3
1938	930	1
905	235	1
1363	849	1
1573	130	1
684	487	1
821	840	1
709	322	1
1214	747	2
1270	108	1
1214	969	1
611	339	1
94	63	1
324	969	1
683	424	1
1819	237	1
1761	369	1
1311	321	1
1530	953	1
509	266	1
1706	129	1
165	729	1
833	863	1
726	581	1
1944	816	1
592	970	1
1063	421	1
1819	635	1
299	431	1
671	608	1
998	925	1
135	135	1
1194	883	1
523	518	1
1858	496	1
1663	47	1
1028	161	1
1705	359	1
382	424	1
1238	583	1
233	14	1
1605	827	2
920	846	1
1186	937	1
1232	848	1
134	598	1
1665	1000	3
772	738	1
1865	617	1
1637	885	1
638	861	1
298	809	1
1927	519	1
21	630	1
49	736	1
1988	246	1
1760	322	1
1484	361	1
1540	832	1
1771	314	1
322	359	1
1752	912	1
63	315	1
1156	119	1
1909	149	1
181	246	1
1059	797	1
385	336	1
406	191	1
346	114	1
1882	594	1
1053	315	1
623	220	1
514	420	1
1686	662	1
1631	561	1
1745	295	1
1263	867	1
1685	610	1
1044	856	1
395	459	1
1577	641	1
637	657	1
1885	524	1
494	142	1
75	179	1
1232	630	1
1754	285	1
91	945	2
1094	126	1
1336	64	1
1794	776	1
391	446	1
1688	53	1
955	537	1
1447	600	2
1015	921	1
48	877	1
716	324	1
1966	733	1
1113	90	1
1854	474	1
878	433	1
1726	396	1
1015	302	1
1057	537	1
1107	84	1
1538	6	1
703	320	1
997	394	2
786	783	1
1589	106	1
24	822	3
1392	648	1
1280	305	1
60	706	1
1163	924	1
1770	900	1
1309	901	1
1900	88	1
1321	93	1
780	748	1
395	543	2
595	773	1
1013	678	1
1874	930	1
431	414	2
1299	779	1
893	380	1
440	420	1
1957	190	1
1832	832	1
758	106	1
1768	337	1
119	493	1
1895	335	2
298	365	1
1996	646	1
66	754	1
474	352	1
1977	798	1
1753	140	1
1909	247	1
1191	686	1
1010	535	2
1062	54	1
1857	970	1
200	413	1
845	268	1
907	218	1
389	948	1
1531	302	1
253	301	1
1693	454	1
287	206	1
369	689	1
1426	899	1
237	5	1
1887	653	1
1304	704	1
746	932	3
728	988	1
473	238	1
1950	334	1
614	849	1
331	798	1
797	876	1
382	112	1
221	370	1
274	746	3
1893	568	1
916	819	1
26	193	1
1066	313	2
1394	537	1
1301	530	1
928	800	1
1494	818	1
1490	429	1
1892	581	1
914	477	1
1433	50	3
1341	120	1
1092	208	1
1297	326	1
112	413	1
771	61	1
1300	555	1
1402	526	1
1579	982	1
1342	373	1
1048	839	1
1661	850	1
1323	646	1
1844	930	1
1132	867	1
565	507	2
1073	494	3
337	132	2
1655	585	1
291	951	1
630	81	1
45	648	1
1340	72	2
1295	547	1
1090	634	2
1073	153	1
1923	408	1
1455	979	1
695	595	1
643	651	1
401	13	1
1264	425	1
432	682	1
806	173	1
850	228	1
436	425	1
534	170	1
1153	720	1
526	821	1
1387	202	1
1125	122	1
1974	509	1
276	587	1
1174	661	2
601	701	1
414	713	1
949	747	3
1240	434	1
936	763	1
1524	26	1
746	833	1
817	518	1
284	433	1
1480	33	1
1421	318	1
1864	875	1
1080	91	1
1563	700	1
1423	155	1
1972	326	1
993	627	1
16	496	1
1823	17	1
1279	302	1
771	610	2
154	253	1
1732	861	1
1700	133	1
89	655	1
395	356	1
153	793	1
51	328	1
517	497	1
1255	826	2
143	878	2
1864	317	1
228	654	1
24	998	1
74	740	1
1494	528	1
1181	986	3
1612	392	1
54	501	1
281	62	1
1367	739	1
1829	828	1
294	953	1
1318	297	1
357	71	1
1627	531	1
38	370	3
794	9	1
1982	471	3
632	591	3
1405	789	1
1989	810	1
1889	685	1
384	164	1
1725	825	1
173	292	1
1422	289	1
1112	861	1
892	215	1
78	975	1
622	955	1
791	441	1
948	61	1
164	391	1
133	927	1
1278	691	1
1969	380	1
1324	548	3
1246	989	1
1923	956	1
1067	194	1
923	340	1
1698	285	1
516	453	1
541	544	1
177	703	1
67	135	2
1923	707	3
1497	185	1
1997	634	1
1177	918	2
1345	961	1
1139	632	1
981	110	1
65	344	2
855	563	2
879	979	1
855	670	1
478	382	1
1338	961	1
1696	324	1
568	898	1
26	583	1
419	596	1
968	683	1
1959	593	1
912	505	1
1810	613	1
1522	394	1
554	591	1
1047	964	1
697	977	1
1780	30	1
1930	349	1
1115	784	1
366	845	1
644	522	1
1382	173	1
1683	393	1
731	288	1
876	606	1
620	782	3
1105	907	1
85	20	1
1229	86	1
1231	529	1
1221	435	1
1914	153	1
71	377	2
1536	11	3
523	665	1
286	421	3
1549	414	1
103	684	1
1932	473	1
546	137	3
1739	644	1
1964	21	1
600	549	1
504	871	1
1466	866	1
1636	486	1
1364	788	1
159	593	1
1455	375	1
190	116	1
219	790	3
925	529	1
1632	712	1
1014	302	1
756	324	1
805	510	1
772	561	1
1854	402	3
1933	748	1
1483	508	1
572	136	1
1439	857	1
262	47	1
1105	363	1
1463	921	1
1822	290	1
184	198	1
1141	887	2
1731	369	1
668	782	1
643	459	1
1066	284	1
1282	641	1
1278	50	1
1824	467	1
1235	264	1
1563	574	1
1465	977	1
1099	488	1
1229	562	1
1673	811	1
1179	345	1
1230	704	1
1676	978	1
1589	8	1
279	279	1
392	770	3
678	257	2
1606	183	3
798	402	2
158	359	1
1891	78	1
1201	510	1
1931	136	2
1949	101	1
1762	826	1
842	943	1
1722	72	2
76	954	1
111	47	1
156	610	1
232	598	1
278	988	1
250	350	2
1667	968	1
1373	591	1
1551	441	1
1887	530	1
373	552	1
1223	306	1
1410	167	1
1973	818	1
1385	195	1
1696	781	1
396	990	2
179	155	1
470	889	1
1744	503	1
1877	191	1
1635	72	1
999	794	1
541	499	1
127	100	1
1435	457	3
105	781	1
384	705	1
1781	423	1
1584	210	1
617	281	1
564	956	1
251	482	1
1783	937	1
1749	465	1
1404	807	1
253	558	1
1478	529	1
1451	949	1
1831	220	1
1433	728	1
1004	749	1
1463	557	1
1446	551	1
679	309	1
697	94	1
1585	603	1
1786	752	1
508	521	1
981	765	1
1908	106	1
297	96	1
422	853	1
1559	527	1
1981	142	1
1272	254	1
580	132	1
1969	511	1
652	956	1
387	798	1
1122	208	1
432	772	1
163	115	1
1940	308	1
1488	739	1
1066	733	1
1917	40	1
1971	674	1
1250	416	1
1319	245	1
3	331	1
469	280	1
1799	518	1
692	50	1
264	875	1
702	504	1
1283	229	1
703	130	1
1247	57	3
595	456	1
461	145	1
1891	428	1
111	9	1
181	781	1
1266	126	1
1153	542	1
1085	135	1
549	430	1
1905	908	1
382	995	1
873	37	1
579	867	1
26	402	1
951	333	1
846	255	1
1497	737	1
130	607	1
1481	545	1
303	561	1
1178	45	1
1438	10	1
1492	586	1
998	411	1
1159	946	1
1707	603	1
1156	346	1
1139	267	1
1790	351	1
217	61	1
1791	433	1
380	227	1
985	662	1
1336	382	1
522	98	1
189	739	1
1097	619	1
610	83	1
912	248	1
752	925	1
671	763	1
943	647	1
1364	450	2
1418	366	1
1264	546	1
1797	459	1
923	37	1
246	184	1
530	215	1
1219	152	1
1325	387	1
1706	662	1
1949	262	1
1311	92	1
899	381	1
265	749	1
1244	950	1
1432	88	1
659	594	1
1805	638	1
1112	191	1
1577	623	1
1694	113	1
255	217	1
132	911	1
1774	601	1
733	535	1
1314	687	1
1395	377	1
1550	260	1
1040	906	1
1899	702	1
707	891	1
823	912	1
1049	610	1
1552	754	1
60	2	3
1883	154	1
912	608	1
1752	949	1
245	809	1
420	629	1
1031	714	1
1452	678	1
1990	611	1
806	352	1
444	846	1
735	112	1
1701	75	1
136	464	1
858	846	1
954	283	1
827	229	1
1772	273	1
968	978	1
1532	437	1
887	739	1
743	646	1
846	120	3
1869	100	1
1033	705	1
1952	616	1
1207	233	1
87	661	1
263	806	1
1361	481	2
524	588	1
1945	26	1
1594	35	1
73	620	1
287	145	1
1948	581	1
1785	303	1
363	114	1
515	491	1
701	977	2
1984	763	2
960	607	1
685	91	1
999	858	2
174	252	1
492	310	1
1989	123	1
923	489	1
213	240	1
264	340	1
933	752	1
13	630	1
231	662	2
899	460	1
1593	539	1
332	539	1
1611	978	1
1431	890	1
913	824	1
183	464	1
1420	561	1
674	955	1
883	598	1
1285	981	1
922	811	1
1999	289	1
1571	998	1
1756	958	1
583	715	1
74	436	1
1407	810	1
397	880	1
57	55	1
1743	964	1
1633	439	1
1134	368	1
799	225	1
1032	262	1
413	582	1
1809	820	1
918	514	1
279	775	1
960	533	1
982	973	1
1480	925	1
1671	998	1
1846	740	1
624	367	1
654	563	3
110	760	1
519	286	1
1033	93	1
190	367	1
1002	266	1
1877	25	1
264	509	2
1778	447	1
19	543	1
374	272	1
1640	449	1
1869	672	1
1956	229	1
112	131	1
1287	969	1
816	188	1
764	972	1
1573	942	1
45	377	1
1262	414	1
130	907	2
524	631	1
1846	194	1
1842	788	1
88	394	1
1014	151	1
775	475	1
1697	773	1
748	442	1
549	59	1
320	678	2
786	733	1
511	70	1
987	665	1
798	585	2
38	893	1
955	560	1
1463	158	2
300	983	1
1121	296	1
256	406	1
875	566	1
1765	478	1
1510	834	1
261	745	1
689	552	1
1100	749	1
1432	43	1
966	563	1
436	305	1
1974	692	1
349	399	1
293	23	3
88	189	1
1640	914	1
1159	749	1
1445	561	2
823	343	3
940	44	1
33	581	1
1813	241	1
581	111	2
299	342	1
1448	680	2
610	537	1
1774	489	1
1863	603	1
1685	945	1
1383	186	1
116	483	1
882	606	1
5	711	1
1759	717	3
1792	864	1
977	854	1
1643	982	1
789	145	1
70	891	1
1042	317	1
1313	595	1
941	226	1
582	613	1
300	691	1
1457	233	1
1419	243	1
332	980	1
1656	968	1
1821	754	1
72	465	1
1488	298	1
1389	570	2
1835	434	1
114	899	1
1592	257	1
1496	717	1
1653	474	1
394	328	1
711	581	1
1903	952	1
790	264	1
1574	152	1
628	884	1
637	987	1
1782	577	1
1541	402	1
337	289	2
256	256	1
1128	625	1
1094	579	1
1188	157	1
1866	559	1
1931	973	1
286	522	1
374	212	1
1879	638	1
918	805	1
1290	523	1
1051	625	1
698	264	1
1068	22	1
1350	578	2
208	829	1
620	994	1
271	808	1
1493	41	1
258	853	1
816	328	1
1012	642	1
1995	440	1
1273	620	2
468	927	1
1132	977	1
544	577	1
1780	958	1
1646	449	1
1594	896	2
1259	87	1
1282	472	1
1763	104	1
1590	584	1
1264	246	1
802	810	1
1008	253	1
368	398	1
563	525	1
1259	992	1
1836	829	1
189	275	1
58	341	1
1647	629	3
1918	693	1
1926	912	1
318	856	1
520	237	1
218	404	1
281	287	1
425	548	1
1645	708	2
205	665	1
1022	12	1
1825	800	1
1979	568	1
848	515	1
1916	268	2
326	121	1
168	1	1
12	603	2
439	124	1
802	261	1
1589	166	2
153	553	1
1321	133	1
728	251	1
130	808	3
1548	925	1
438	5	1
1566	809	1
965	95	1
1565	157	1
819	538	1
747	662	1
1268	307	1
1349	973	1
178	12	1
1757	707	1
773	568	1
1289	96	1
1325	936	1
1551	477	1
926	86	1
1525	252	1
1619	11	1
1985	765	1
1728	797	1
1573	419	1
1585	918	1
509	908	1
113	54	1
71	791	1
662	837	1
653	535	1
1498	594	1
1875	489	3
1585	124	1
1055	993	1
607	786	1
1629	922	1
678	477	1
1084	915	1
1639	377	1
1358	390	1
1933	971	1
1216	598	1
1846	584	1
1538	632	1
1808	690	1
1637	460	1
1543	405	1
1610	423	1
20	282	1
1022	780	1
1062	756	1
153	858	1
806	414	1
1043	975	1
1867	922	1
933	18	1
563	527	1
620	30	1
617	194	1
1117	175	1
131	140	1
158	24	1
865	39	1
201	619	1
338	847	1
1624	561	1
1491	170	1
1162	434	1
397	990	1
310	245	2
10	638	1
1317	291	1
1497	31	1
1984	675	1
800	536	1
1982	187	3
892	359	2
96	757	1
1136	59	1
12	275	1
1525	95	1
1662	866	1
1822	467	1
1741	504	1
1989	742	1
1210	378	1
402	981	1
1781	589	2
845	819	1
1541	993	1
1390	665	1
1931	729	1
581	2	1
332	55	1
1149	106	3
419	762	1
1452	200	1
1041	135	1
372	874	1
825	939	1
324	472	1
1188	400	1
354	179	3
839	377	1
1582	104	1
789	523	1
126	201	1
734	342	3
634	913	2
895	150	1
1286	762	1
1342	39	1
173	8	1
480	718	1
1659	675	1
863	642	1
277	621	1
1635	410	1
491	200	3
1306	727	1
1867	892	1
1927	394	2
1089	853	1
442	828	1
748	532	1
763	963	1
735	368	1
1356	143	1
103	873	1
431	137	1
825	730	1
1056	429	1
1262	833	1
1564	775	3
1821	380	1
974	639	1
870	111	1
489	596	1
1192	241	1
685	887	1
1611	256	1
239	820	1
809	334	1
1105	908	1
1258	681	1
1910	10	1
1999	205	1
1283	196	1
893	230	1
1298	919	1
669	649	2
530	832	1
1519	597	1
1068	268	1
1903	266	1
1027	795	1
1770	494	3
1066	534	3
600	58	1
961	59	1
1744	859	1
850	641	1
681	917	1
300	595	1
1953	509	1
1536	448	1
1706	274	1
711	530	1
1662	272	2
1463	388	1
600	648	1
487	314	1
1113	178	1
1217	807	1
1095	23	1
85	131	1
1573	323	3
325	470	1
1781	769	1
1687	25	1
40	247	1
1961	279	1
1870	681	1
30	465	1
945	799	1
1214	175	1
582	787	1
1468	537	1
1423	479	1
1485	439	1
1677	182	1
1590	647	1
963	429	1
1461	139	1
857	821	1
848	579	3
1421	752	1
1155	100	1
491	776	1
1740	896	1
918	273	1
1976	944	1
1345	896	1
753	464	1
385	108	1
1914	9	1
698	406	1
531	89	1
1077	877	1
989	934	1
1237	970	1
1524	261	1
986	709	1
981	460	1
939	784	1
1703	419	1
837	337	1
1015	782	1
1711	334	1
686	741	1
1822	165	1
417	279	1
971	769	1
1119	485	1
1807	434	1
1968	822	2
309	264	1
1655	548	1
483	383	1
1457	160	2
534	358	1
752	185	1
699	218	1
1481	910	1
1693	286	1
1452	475	1
1061	980	1
726	5	1
17	821	1
1618	296	1
1144	343	1
1416	622	1
688	447	1
131	479	1
406	796	1
1212	23	1
1931	686	1
481	26	1
1440	258	2
1483	446	1
627	289	1
826	994	1
1566	756	1
1874	432	1
334	416	1
1169	749	1
1977	323	1
186	99	1
301	870	1
426	316	1
1073	980	1
654	604	1
801	29	1
1875	36	1
1742	770	1
635	477	1
1621	737	1
1075	63	1
1138	393	1
1712	556	1
1854	472	1
908	175	1
256	250	1
235	119	1
1260	175	1
889	469	1
1782	71	1
1070	821	1
1034	370	1
1481	991	1
1664	951	1
682	146	1
1139	345	1
732	179	1
144	449	1
1483	307	2
1970	234	1
239	963	1
1899	572	1
1703	619	1
1636	633	1
1185	128	1
251	977	1
323	373	1
311	632	1
1994	491	1
1506	356	1
1717	483	1
1892	977	1
1401	311	1
1866	486	1
1229	585	1
1208	620	2
1963	331	3
1149	462	1
343	899	1
1406	567	1
1333	50	1
782	821	1
809	800	1
1580	232	1
579	329	1
1631	528	1
1356	115	1
1159	631	1
640	824	1
1181	948	1
763	32	3
347	547	1
1180	228	2
166	970	1
733	469	1
1764	58	1
959	550	1
1109	712	1
5	133	1
664	581	1
199	706	1
1107	532	1
50	877	2
267	782	1
738	819	1
1762	198	1
1797	118	1
1734	232	1
1383	593	1
370	826	1
5	627	1
1765	178	1
261	86	1
1899	9	1
777	48	2
1459	423	1
7	429	1
1337	454	1
555	466	1
1500	796	1
85	322	1
63	262	1
114	417	1
543	594	3
1996	909	1
1631	388	1
649	553	1
1248	309	1
1778	231	1
1825	121	1
213	408	1
332	836	1
1463	295	1
144	620	1
1261	845	1
1706	650	1
706	789	1
1575	806	1
428	137	1
1901	885	1
1490	211	1
566	792	1
745	710	1
652	72	1
1773	317	1
377	761	1
1416	280	1
1020	947	1
1493	397	1
1750	321	1
1275	812	1
323	449	1
1068	464	1
736	684	1
1572	65	1
919	68	1
808	921	1
1572	662	1
1489	644	1
201	438	1
168	352	1
316	572	1
1352	182	1
925	248	1
1601	178	1
104	896	1
1020	379	1
1608	48	1
681	332	1
494	779	1
1706	559	1
900	612	1
860	577	1
698	390	1
1958	512	1
1594	711	1
1405	487	3
1038	26	1
300	346	3
113	38	1
1819	970	1
1992	598	1
1662	1	3
773	31	1
579	28	1
1362	934	1
1009	333	1
890	480	2
913	164	1
1743	165	2
1938	890	1
1188	46	1
1678	35	1
1489	733	1
1492	71	1
613	866	1
1358	751	1
1772	253	2
1564	821	1
1364	256	1
1264	153	1
856	175	1
780	197	1
1354	281	1
1722	647	2
375	952	1
1749	194	1
697	720	1
869	580	1
652	765	1
1597	830	1
737	929	1
382	251	1
1693	571	1
515	564	1
1826	896	1
609	531	1
165	405	1
1109	533	1
342	667	1
1063	339	1
1664	162	1
217	993	1
1396	188	1
1472	167	1
652	576	1
413	876	1
1059	917	1
1887	400	1
732	584	1
1153	179	1
1020	568	1
928	838	1
670	792	1
159	835	1
956	164	1
1845	895	3
884	209	1
298	675	1
1141	518	1
850	459	2
1611	799	1
818	452	1
1476	934	1
765	70	1
1402	727	2
692	245	1
270	620	1
1175	535	2
1505	183	1
279	90	1
150	256	1
1546	910	1
247	740	1
1438	453	1
1780	530	1
917	490	1
1438	530	2
386	440	2
1196	53	1
127	804	1
306	115	1
1938	515	1
1164	327	1
743	432	1
1813	776	1
386	292	1
463	390	1
885	867	1
1876	912	1
1883	804	1
1624	461	1
1781	667	1
897	820	1
1493	42	1
1469	577	1
1016	69	1
369	837	1
1313	937	1
1535	601	1
1714	822	1
51	348	1
848	908	1
253	717	1
12	758	1
1328	758	1
826	12	1
1331	167	3
1876	547	3
176	775	3
1009	600	1
1215	455	1
1668	774	1
228	6	1
373	813	3
1930	542	1
711	278	1
194	846	1
1045	116	1
11	264	1
1986	282	1
1061	576	1
635	5	1
477	620	1
317	312	1
378	775	1
1836	49	2
1768	87	1
1136	51	1
1998	890	1
1412	960	1
1837	59	1
1899	808	1
1182	516	1
1221	43	1
762	780	1
800	963	1
881	830	1
824	1000	1
1423	106	1
1387	220	1
1272	124	1
209	455	1
1676	124	1
911	288	1
1568	630	1
1097	871	1
808	835	1
1390	631	1
745	445	1
1919	793	1
1916	224	1
1843	178	1
1595	600	1
349	244	1
1918	632	1
1924	58	1
1986	492	1
1433	870	1
1599	36	1
306	964	1
1484	774	1
1590	52	1
768	389	1
253	895	1
99	758	1
1203	181	1
1099	526	1
1864	921	1
1152	669	1
889	148	1
1188	417	1
1486	762	1
676	711	1
1932	374	1
966	28	1
590	38	1
1248	341	1
851	956	1
853	542	1
117	11	1
421	873	1
1056	293	1
633	842	1
146	644	1
70	758	1
3	557	1
1148	640	1
1761	10	1
1605	915	1
711	397	1
695	198	1
903	996	1
1580	133	1
1416	604	2
1683	204	1
1286	156	1
1871	47	1
1300	148	1
164	250	1
250	190	1
928	661	1
425	108	1
556	214	1
68	615	1
92	893	1
286	196	1
1802	844	3
1308	224	1
1123	150	1
614	356	1
1653	234	1
1144	308	1
174	203	1
1349	151	3
102	899	1
533	62	1
1955	340	1
141	661	1
374	892	1
1221	276	1
1740	629	1
1687	484	2
822	833	2
673	776	1
745	564	1
742	571	1
1129	334	1
529	628	1
547	522	1
824	992	1
168	268	1
1309	209	1
1973	1	1
1131	744	1
355	26	1
1055	123	1
810	103	1
1969	87	1
1247	113	1
354	187	1
519	387	1
1953	647	1
327	329	1
982	584	1
1651	914	1
1937	898	1
1838	126	1
1125	717	1
1549	477	1
1000	494	1
1966	610	1
1705	975	1
1511	310	3
1052	570	1
1104	713	1
1836	940	1
351	457	1
331	693	1
223	570	1
276	603	1
253	154	1
455	69	1
1635	188	2
65	634	2
1068	9	1
1443	400	1
591	440	1
900	153	1
1797	528	1
1920	636	1
209	246	1
1897	286	1
1631	143	1
1435	707	1
250	72	1
1891	80	1
1347	250	3
910	479	1
194	204	1
1568	204	1
441	447	3
1318	224	1
1717	676	1
506	664	1
1155	606	1
1382	24	1
57	914	1
1345	935	1
999	619	1
1880	249	1
217	188	1
1701	508	1
374	605	1
1659	954	1
924	190	2
1941	351	1
1814	340	1
1113	837	1
101	719	1
1603	197	1
1209	70	1
1574	128	1
47	123	1
537	981	1
1652	87	1
1105	439	1
675	244	1
1879	957	1
1522	379	1
1251	458	1
375	311	1
1787	855	1
898	881	1
407	607	2
943	435	1
198	574	1
784	218	1
135	974	1
171	369	1
939	357	1
697	371	1
1797	867	1
329	805	1
1399	816	1
1941	930	1
65	900	1
239	796	1
1353	494	1
1562	194	1
1759	362	1
1680	479	1
80	206	1
1093	897	1
1743	322	1
398	55	1
1209	254	1
470	674	1
637	220	1
1116	874	1
478	792	1
399	889	1
791	962	1
1541	342	1
1861	286	1
1414	396	1
410	942	1
385	355	1
1648	506	1
1264	775	1
1750	686	1
1941	826	1
1946	228	1
621	278	1
1700	130	1
653	597	1
305	920	1
1596	627	1
1664	168	1
1935	982	1
12	338	1
535	20	1
1275	701	2
1692	254	1
1501	480	1
4	756	1
974	227	1
993	270	1
285	106	1
1176	971	2
884	13	1
727	742	1
1619	874	1
1107	120	2
240	999	1
498	681	1
1503	58	1
201	27	1
1148	48	1
827	140	1
1165	66	1
919	468	1
670	626	1
12	604	1
1464	792	1
1386	491	1
459	837	1
442	173	1
1031	360	1
529	318	1
1623	343	1
1042	408	1
1948	92	1
1371	585	1
177	693	1
1551	592	1
830	611	1
1420	942	1
1786	425	1
1231	55	1
539	770	1
1113	367	1
1723	62	1
12	802	1
1706	4	1
1290	68	1
557	326	1
771	599	1
1683	536	3
1551	651	1
702	530	1
1224	342	3
20	55	2
1611	831	1
1543	60	1
562	569	1
362	332	1
1873	2	1
1463	965	1
1704	346	1
2000	685	2
283	817	1
642	271	1
1042	520	1
964	199	1
341	320	1
550	425	1
1290	275	2
1325	665	1
293	478	1
1081	84	1
1515	126	1
152	253	1
993	595	1
1152	750	1
1160	240	1
549	630	3
1291	265	1
1079	500	1
870	680	1
1115	406	1
199	753	1
1974	539	1
1662	999	1
80	523	1
652	93	1
81	716	1
381	125	1
438	779	1
1858	202	1
829	807	1
1547	827	1
1981	918	1
1161	729	2
317	995	3
640	512	1
1335	468	1
260	882	1
1676	916	1
1447	364	1
414	444	3
1801	908	1
1878	452	2
1236	186	1
441	160	1
1281	75	1
1435	217	1
60	462	1
1918	501	1
1148	309	1
1909	791	1
911	982	1
1224	544	2
505	149	1
1854	880	1
1856	321	1
705	673	1
1174	223	1
1982	266	1
874	510	1
1139	399	2
508	663	1
1063	288	1
652	967	1
1532	421	1
196	349	1
402	292	1
488	224	1
634	582	1
634	13	1
1234	75	1
590	232	1
1304	929	1
1757	681	2
44	223	1
777	464	3
1737	881	1
739	122	3
1516	347	1
336	159	1
696	168	1
267	706	1
1616	312	1
191	673	1
1569	548	1
152	337	2
1585	299	1
800	67	1
476	124	1
1674	759	1
6	411	1
1993	746	1
719	128	1
1503	14	1
34	858	1
494	357	1
959	331	1
1209	9	1
841	109	1
254	933	1
1388	558	1
355	240	1
268	686	1
1878	242	1
1957	505	1
1738	434	1
243	51	1
352	41	1
133	83	1
1248	415	1
81	517	1
1018	677	2
1852	721	3
1043	458	1
267	154	1
282	643	1
1038	594	1
359	659	1
1804	612	1
1626	650	1
590	747	1
11	503	1
1296	605	1
1999	860	1
271	157	1
1412	278	1
1147	215	1
220	150	1
785	990	1
297	566	1
532	592	1
1138	275	1
758	491	1
94	406	1
417	792	3
1537	487	1
1800	283	1
1445	393	1
141	935	1
1521	480	1
1920	722	1
1522	780	1
571	646	1
143	625	3
1835	564	1
1878	299	1
1950	954	1
1703	319	1
511	991	1
195	810	2
40	403	1
23	242	1
1328	797	1
1268	809	1
1423	825	1
1296	475	1
222	189	1
375	640	1
353	951	1
1038	581	1
1899	732	1
1554	736	1
693	784	1
1716	341	1
1509	616	1
1416	806	1
1497	789	1
34	643	1
864	394	1
1569	224	1
725	150	1
1638	965	3
686	297	1
540	621	1
1413	774	1
848	57	1
1938	459	1
1106	78	1
1507	729	1
1626	182	1
32	576	1
410	960	3
544	220	1
1325	720	1
1416	291	1
1597	510	1
468	584	1
1995	108	1
1996	886	1
888	472	2
931	312	1
1667	954	1
841	296	1
1765	9	1
341	27	2
163	417	1
913	926	1
1520	921	1
1200	559	1
38	691	1
1794	419	2
1257	574	1
1607	144	1
50	825	1
815	505	1
1680	918	1
540	960	1
247	130	1
1030	966	1
809	166	1
1971	48	1
1517	186	1
49	990	1
86	700	1
1426	957	1
304	419	1
55	108	2
1171	942	1
1236	860	1
1716	731	1
1499	830	1
703	978	3
1128	32	1
1606	57	3
1258	533	1
193	103	3
656	869	2
1893	16	2
1238	666	1
810	584	2
1874	734	1
1755	699	3
1287	760	1
933	838	1
915	229	1
1529	962	1
1080	764	1
912	458	1
1010	240	1
1276	873	1
191	967	1
751	594	1
1463	87	1
97	628	1
421	303	1
1499	617	1
1662	192	1
1803	582	3
517	955	1
173	444	1
1512	420	1
1727	160	1
499	826	3
1534	403	1
1866	171	1
1793	698	1
89	633	1
1501	647	1
281	599	1
466	612	1
510	238	1
1376	84	1
1125	836	1
843	209	1
1062	100	1
1328	960	1
931	313	1
1303	298	1
1418	114	1
1145	282	1
346	4	1
581	728	1
587	475	1
1353	432	3
501	922	1
1253	213	1
1530	539	1
1077	73	1
1765	574	1
1175	48	1
1811	104	1
310	271	2
682	318	1
38	379	1
902	351	1
68	288	1
1371	323	1
409	25	1
690	403	1
1984	801	1
463	973	1
1517	178	1
1073	776	1
1837	327	1
1383	566	1
558	598	1
1500	492	2
406	733	1
1369	420	1
426	743	3
147	511	1
1609	719	1
1288	968	1
1511	940	1
1686	403	1
671	82	1
625	346	1
819	15	1
1458	893	1
265	691	1
706	243	1
960	645	1
156	283	1
691	523	1
1582	960	1
1535	567	2
642	336	1
1748	662	1
435	264	3
1960	985	1
1204	847	1
51	351	1
1858	176	1
1008	284	1
1334	636	1
1087	41	1
36	595	1
\.


--
-- Data for Name: invoices; Type: TABLE DATA; Schema: public; Owner: -
--

COPY invoices (invid, ordid, amount, issued, due) FROM stdin;
1780	941	18.96	2015-08-16	2015-08-23
1855	247	37.94	2016-02-10	2016-02-17
1755	1724	23.45	2016-03-29	2016-04-05
4	1510	44.63	2016-04-29	2016-05-06
1805	1445	54.76	2015-04-26	2015-05-03
1830	745	41.83	2016-03-30	2016-04-06
1880	1319	12.40	2015-02-20	2015-02-27
8	1361	17.10	2015-09-05	2015-09-12
9	1123	13.10	2015-02-03	2015-02-10
10	674	7.20	2015-03-30	2015-04-06
1905	794	56.98	2016-07-05	2016-07-12
2030	1179	25.57	2015-09-27	2015-10-04
13	1097	25.52	2016-06-06	2016-06-13
2055	722	44.09	2016-06-12	2016-06-19
2080	1051	44.16	2016-02-15	2016-02-22
2105	1472	13.43	2015-12-05	2015-12-12
17	1090	40.06	2015-03-14	2015-03-21
18	767	2.49	2015-09-07	2015-09-14
2130	1281	21.52	2016-09-06	2016-09-13
2180	323	31.36	2016-03-02	2016-03-09
21	37	13.86	2015-10-02	2015-10-09
22	837	11.14	2015-01-27	2015-02-03
23	1413	21.24	2015-03-06	2015-03-13
2205	299	31.75	2016-08-04	2016-08-11
2280	344	22.56	2015-09-17	2015-09-24
26	370	39.70	2016-09-20	2016-09-27
27	748	22.22	2015-12-01	2015-12-08
2305	1794	29.89	2016-01-11	2016-01-18
29	890	37.32	2015-10-09	2015-10-16
2355	1909	67.91	2015-08-22	2015-08-29
31	76	21.62	2016-08-18	2016-08-25
32	1869	15.88	2015-09-21	2015-09-28
2380	1699	20.57	2016-08-14	2016-08-21
2555	824	101.62	2015-04-20	2015-04-27
2680	314	50.45	2015-05-29	2015-06-05
2705	1023	27.68	2015-10-20	2015-10-27
2730	1463	130.99	2016-07-20	2016-07-27
2780	144	34.82	2015-05-15	2015-05-22
2805	1465	25.49	2015-11-22	2015-11-29
40	1616	23.60	2016-06-21	2016-06-28
41	1383	24.92	2016-04-14	2016-04-21
42	1974	45.08	2015-07-14	2015-07-21
2980	1455	30.66	2015-08-20	2015-08-27
3030	208	8.57	2016-03-21	2016-03-28
45	126	41.27	2015-09-16	2015-09-23
3080	1476	8.98	2016-05-18	2016-05-25
47	200	34.17	2015-03-27	2015-04-03
48	168	40.65	2016-04-05	2016-04-12
49	414	18.87	2016-01-01	2016-01-08
51	1561	5.72	2015-04-23	2015-04-30
3130	1922	29.94	2015-11-15	2015-11-22
53	1481	38.86	2016-07-13	2016-07-20
54	1906	11.29	2016-03-12	2016-03-19
55	1043	48.58	2015-03-05	2015-03-12
56	696	18.45	2016-03-03	2016-03-10
57	1036	20.34	2016-08-16	2016-08-23
58	112	38.05	2015-10-02	2015-10-09
59	16	40.50	2015-03-22	2015-03-29
60	908	23.79	2016-05-12	2016-05-19
61	1803	28.53	2015-03-31	2015-04-07
63	513	12.44	2015-07-08	2015-07-15
64	844	16.56	2015-02-15	2015-02-22
66	401	6.53	2015-11-12	2015-11-19
69	1509	20.26	2016-05-17	2016-05-24
70	457	9.25	2016-08-18	2016-08-25
71	436	24.57	2016-01-21	2016-01-28
72	1115	30.10	2016-01-24	2016-01-31
77	1905	18.45	2016-02-04	2016-02-11
78	1700	20.60	2015-01-24	2015-01-31
79	1217	7.24	2016-09-12	2016-09-19
84	1589	39.24	2016-07-15	2016-07-22
85	900	16.14	2015-03-17	2015-03-24
87	862	12.90	2016-09-12	2016-09-19
90	390	16.82	2015-08-22	2015-08-29
91	547	11.20	2015-09-15	2015-09-22
93	691	9.29	2015-07-29	2015-08-05
94	929	7.67	2016-09-21	2016-09-28
98	136	18.74	2016-06-29	2016-07-06
99	1864	45.10	2015-03-24	2015-03-31
102	1887	29.07	2015-03-17	2015-03-24
103	1203	51.99	2015-09-29	2015-10-06
104	952	7.98	2015-04-08	2015-04-15
105	742	27.83	2015-10-12	2015-10-19
106	775	17.43	2016-09-06	2016-09-13
110	309	22.42	2016-02-21	2016-02-28
111	1919	9.62	2016-04-20	2016-04-27
112	313	7.67	2016-01-10	2016-01-17
114	1466	15.43	2016-09-19	2016-09-26
115	1248	57.51	2016-01-07	2016-01-14
116	972	10.82	2016-04-25	2016-05-02
117	1990	38.94	2015-08-24	2015-08-31
119	1677	45.09	2015-09-16	2015-09-23
121	1703	34.35	2016-06-10	2016-06-17
123	810	38.64	2015-10-20	2015-10-27
126	1054	2.29	2015-04-26	2015-05-03
129	1057	13.28	2016-02-07	2016-02-14
131	1296	34.65	2016-06-19	2016-06-26
133	1754	26.24	2015-05-19	2015-05-26
135	992	29.27	2015-05-10	2015-05-17
136	1938	60.02	2016-07-13	2016-07-20
137	1227	25.23	2016-06-10	2016-06-17
139	488	19.12	2016-02-23	2016-03-01
142	1144	59.56	2015-06-06	2015-06-13
144	728	14.67	2015-10-02	2015-10-09
145	548	24.14	2016-04-08	2016-04-15
147	1921	19.91	2015-07-08	2015-07-15
148	1019	35.05	2015-10-19	2015-10-26
149	1136	21.82	2016-09-14	2016-09-21
154	1505	15.66	2016-01-26	2016-02-02
156	1572	56.14	2015-01-04	2015-01-11
158	1188	59.18	2016-07-06	2016-07-13
1930	1386	25.71	2015-02-03	2015-02-10
1955	628	6.73	2015-04-28	2015-05-05
161	649	86.08	2015-05-06	2015-05-13
162	285	12.84	2016-01-03	2016-01-10
163	234	16.06	2016-04-27	2016-05-04
164	1429	11.12	2016-01-31	2016-02-07
165	1626	37.30	2015-01-16	2015-01-23
1980	508	25.25	2015-05-24	2015-05-31
167	1477	21.33	2015-02-04	2015-02-11
2005	758	27.02	2016-02-22	2016-02-29
169	970	8.80	2015-12-31	2016-01-07
170	1073	58.55	2015-03-21	2015-03-28
173	827	21.12	2016-07-31	2016-08-07
174	1010	34.22	2015-12-29	2016-01-05
176	1858	27.45	2016-01-22	2016-01-29
177	1113	76.06	2015-03-27	2015-04-03
178	1369	12.01	2015-04-15	2015-04-22
179	1012	10.55	2015-11-05	2015-11-12
180	1617	9.61	2016-03-29	2016-04-05
181	957	47.40	2015-06-10	2015-06-17
183	1304	18.49	2015-07-05	2015-07-12
185	263	19.11	2015-02-09	2015-02-16
186	1423	50.08	2016-09-24	2016-10-01
187	1141	47.91	2015-01-12	2015-01-19
189	1422	12.93	2015-05-21	2015-05-28
190	919	13.58	2015-02-03	2015-02-10
192	20	23.77	2016-08-12	2016-08-19
196	369	39.23	2015-01-24	2015-01-31
197	654	78.78	2015-04-16	2015-04-23
198	1218	19.21	2016-08-05	2016-08-12
199	546	34.34	2015-12-22	2015-12-29
201	1124	19.28	2016-08-15	2016-08-22
202	1080	36.57	2016-01-01	2016-01-08
205	885	24.45	2015-04-23	2015-04-30
206	877	19.70	2015-04-22	2015-04-29
208	340	32.50	2015-09-22	2015-09-29
209	1379	20.25	2016-07-20	2016-07-27
210	1583	20.60	2015-07-13	2015-07-20
212	528	25.83	2016-09-07	2016-09-14
213	480	9.49	2015-06-02	2015-06-09
220	142	7.24	2015-04-19	2015-04-26
222	778	7.15	2015-07-29	2015-08-05
224	783	11.53	2015-10-08	2015-10-15
230	1978	37.66	2015-07-16	2015-07-23
231	1175	37.63	2015-11-13	2015-11-20
232	881	15.24	2016-02-04	2016-02-11
234	1968	34.49	2015-02-26	2015-03-05
235	1879	30.98	2016-08-14	2016-08-21
236	1295	10.43	2016-05-19	2016-05-26
237	537	5.12	2015-01-17	2015-01-24
238	158	32.75	2015-03-15	2015-03-22
239	441	62.33	2015-04-14	2015-04-21
240	1084	7.01	2016-06-07	2016-06-14
241	1631	50.17	2015-10-25	2015-11-01
243	1619	26.88	2016-03-16	2016-03-23
246	267	38.49	2015-09-19	2015-09-26
247	736	20.78	2015-02-03	2015-02-10
248	1299	56.30	2015-04-09	2015-04-16
249	392	26.64	2016-01-28	2016-02-04
256	51	40.69	2015-09-24	2015-10-01
258	1557	16.90	2016-06-22	2016-06-29
259	872	14.22	2015-05-12	2015-05-19
261	910	23.77	2015-11-10	2015-11-17
264	1679	11.38	2016-05-08	2016-05-15
266	155	14.83	2016-07-27	2016-08-03
270	869	23.21	2016-05-23	2016-05-30
272	914	10.59	2016-02-20	2016-02-27
274	1392	11.73	2015-02-21	2015-02-28
276	1116	13.99	2016-01-05	2016-01-12
281	599	17.86	2015-04-06	2015-04-13
282	883	16.58	2015-08-08	2015-08-15
283	60	75.50	2015-05-06	2015-05-13
284	85	27.98	2016-07-25	2016-08-01
285	1986	28.32	2015-01-27	2015-02-03
287	464	20.34	2016-08-30	2016-09-06
288	1892	36.74	2015-08-19	2015-08-26
290	644	11.20	2015-05-24	2015-05-31
292	1209	62.46	2016-02-27	2016-03-05
294	1608	43.03	2015-11-27	2015-12-04
297	1799	8.75	2015-09-22	2015-09-29
302	216	4.85	2015-11-18	2015-11-25
303	424	17.34	2016-04-26	2016-05-03
308	1875	41.30	2016-09-13	2016-09-20
309	1037	17.94	2016-04-11	2016-04-18
310	954	19.52	2016-03-19	2016-03-26
311	1199	13.75	2016-07-16	2016-07-23
312	378	12.81	2015-09-24	2015-10-01
313	1432	19.06	2015-04-28	2015-05-05
2155	1959	43.68	2016-01-31	2016-02-07
317	1735	7.98	2016-05-25	2016-06-01
318	34	72.11	2016-02-05	2016-02-12
319	61	8.93	2015-05-27	2015-06-03
320	846	52.82	2016-01-31	2016-02-07
321	762	36.63	2015-05-14	2015-05-21
322	912	60.12	2016-04-22	2016-04-29
323	1128	25.24	2016-04-17	2016-04-24
324	1053	30.09	2015-12-08	2015-12-15
330	819	39.84	2016-04-01	2016-04-08
332	681	38.53	2015-09-03	2015-09-10
333	1657	14.34	2016-01-31	2016-02-07
334	1519	22.29	2016-03-17	2016-03-24
335	531	12.12	2015-05-14	2015-05-21
336	1749	24.00	2016-04-26	2016-05-03
337	217	26.77	2015-10-03	2015-10-10
339	1977	33.18	2015-02-06	2015-02-13
340	497	7.20	2015-10-29	2015-11-05
342	643	62.62	2015-07-26	2015-08-02
343	1593	14.18	2015-11-29	2015-12-06
346	620	63.51	2016-03-17	2016-03-24
349	586	17.45	2015-10-10	2015-10-17
353	1585	53.08	2016-05-31	2016-06-07
354	825	13.61	2015-11-08	2015-11-15
358	1322	19.68	2016-08-21	2016-08-28
360	338	11.90	2015-12-30	2016-01-06
361	1595	20.42	2016-08-26	2016-09-02
363	1578	36.39	2015-08-15	2015-08-22
364	1838	21.85	2016-03-18	2016-03-25
365	504	9.02	2015-07-15	2015-07-22
367	312	5.94	2015-10-25	2015-11-01
369	988	43.05	2015-07-08	2015-07-15
370	1932	29.29	2016-06-21	2016-06-28
373	1927	38.97	2016-08-15	2016-08-22
376	1772	49.98	2016-01-12	2016-01-19
377	419	18.25	2016-02-06	2016-02-13
378	1923	70.53	2015-12-07	2015-12-14
381	1313	45.32	2015-07-14	2015-07-21
384	1417	7.84	2016-07-10	2016-07-17
386	687	13.62	2016-09-14	2016-09-21
387	521	27.71	2015-10-18	2015-10-25
388	130	39.98	2016-09-10	2016-09-17
395	1358	19.22	2016-04-16	2016-04-23
396	346	19.47	2015-03-19	2015-03-26
399	1988	53.92	2016-03-05	2016-03-12
402	284	35.28	2015-03-01	2015-03-08
404	1210	11.49	2015-11-13	2015-11-20
406	524	57.47	2015-04-15	2015-04-22
408	291	9.01	2016-01-17	2016-01-24
409	38	100.14	2016-06-28	2016-07-05
411	1597	47.00	2016-05-05	2016-05-12
412	1831	57.77	2015-09-03	2015-09-10
413	455	5.76	2015-09-11	2015-09-18
414	816	17.70	2015-05-07	2015-05-14
418	1846	31.63	2015-01-20	2015-01-27
419	1573	74.68	2015-03-23	2015-03-30
427	490	14.66	2016-01-14	2016-01-21
429	623	24.24	2015-07-06	2015-07-13
430	19	9.92	2016-06-15	2016-06-22
431	1850	44.27	2016-08-21	2016-08-28
432	523	27.46	2016-01-01	2016-01-08
440	1185	7.66	2016-08-21	2016-08-28
441	861	14.14	2016-01-26	2016-02-02
442	1667	37.85	2016-09-24	2016-10-01
443	1106	5.72	2016-09-10	2016-09-17
445	1441	11.38	2016-04-08	2016-04-15
447	1155	60.13	2015-05-20	2015-05-27
448	1273	16.68	2016-08-13	2016-08-20
451	1206	9.05	2015-02-23	2015-03-02
452	538	10.57	2015-05-17	2015-05-24
453	341	35.07	2016-06-27	2016-07-04
454	190	16.73	2015-01-11	2015-01-18
457	1508	5.35	2015-05-20	2015-05-27
458	684	24.75	2015-01-18	2015-01-25
459	1624	47.94	2016-01-14	2016-01-21
463	1830	37.60	2016-04-27	2016-05-04
464	685	45.17	2016-09-10	2016-09-17
466	97	24.34	2016-05-18	2016-05-25
469	1529	22.57	2016-06-13	2016-06-20
471	311	20.39	2015-06-21	2015-06-28
2230	500	7.02	2015-01-26	2015-02-02
2255	1110	11.81	2016-01-17	2016-01-24
474	1169	12.14	2016-08-11	2016-08-18
2330	1636	24.54	2016-03-22	2016-03-29
476	713	23.12	2016-03-04	2016-03-11
477	1643	28.69	2015-06-17	2015-06-24
478	1738	19.77	2016-09-30	2016-10-07
479	1321	24.72	2016-04-27	2016-05-04
480	1427	26.05	2015-05-07	2015-05-14
481	1884	11.75	2015-04-26	2015-05-03
482	701	20.42	2015-03-26	2015-04-02
483	1094	27.77	2016-05-27	2016-06-03
485	1770	46.53	2015-02-25	2015-03-04
490	218	12.90	2015-05-19	2015-05-26
491	1683	54.69	2016-01-21	2016-01-28
494	526	38.06	2015-02-22	2015-03-01
495	605	26.93	2015-04-10	2015-04-17
496	1697	6.32	2016-05-11	2016-05-18
497	213	25.71	2016-09-26	2016-10-03
498	1674	43.16	2016-03-03	2016-03-10
499	928	33.56	2016-03-14	2016-03-21
501	807	18.80	2016-04-10	2016-04-17
503	1181	50.80	2015-09-11	2015-09-18
505	951	25.08	2015-01-20	2015-01-27
508	1401	5.32	2016-02-23	2016-03-01
509	1419	21.35	2016-09-26	2016-10-03
510	241	35.37	2016-08-25	2016-09-01
512	1468	57.96	2016-06-19	2016-06-26
513	21	10.85	2015-03-05	2015-03-12
514	31	5.76	2015-03-11	2015-03-18
515	780	29.63	2015-04-29	2015-05-06
517	1649	11.17	2016-08-29	2016-09-05
518	1270	20.55	2016-08-09	2016-08-16
519	1474	23.04	2015-06-21	2015-06-28
522	147	35.76	2016-09-08	2016-09-15
523	386	27.60	2015-08-12	2015-08-19
524	1071	13.74	2015-03-10	2015-03-17
527	1061	30.98	2016-06-11	2016-06-18
529	1730	10.02	2015-07-21	2015-07-28
530	1255	29.46	2016-04-13	2016-04-20
533	257	8.88	2015-07-03	2015-07-10
534	150	22.79	2016-01-09	2016-01-16
535	1722	41.18	2015-02-11	2015-02-18
536	1068	50.14	2015-11-28	2015-12-05
537	1929	30.42	2015-08-14	2015-08-21
538	838	46.85	2016-09-25	2016-10-02
540	1898	12.67	2016-09-25	2016-10-02
541	172	11.84	2015-03-21	2015-03-28
542	187	12.08	2015-10-14	2015-10-21
543	1081	20.73	2015-02-04	2015-02-11
545	927	25.89	2016-01-12	2016-01-19
546	657	10.27	2015-02-27	2015-03-06
549	380	16.12	2015-11-22	2015-11-29
552	1433	60.70	2015-07-17	2015-07-24
560	1221	53.06	2015-05-31	2015-06-07
561	1024	20.11	2016-08-03	2016-08-10
564	83	42.47	2015-11-13	2015-11-20
567	1201	25.78	2016-02-05	2016-02-12
568	797	47.01	2016-09-03	2016-09-10
569	1120	14.25	2015-01-05	2015-01-12
570	1488	41.30	2015-01-16	2015-01-23
571	1040	27.85	2015-04-25	2015-05-02
572	1083	25.85	2016-01-06	2016-01-13
573	1734	11.34	2015-01-28	2015-02-04
576	1960	8.59	2016-08-16	2016-08-23
580	1341	19.56	2015-10-09	2015-10-16
582	1726	10.70	2015-05-22	2015-05-29
583	1793	29.94	2016-04-09	2016-04-16
584	1251	12.90	2015-04-04	2015-04-11
586	114	30.59	2016-05-03	2016-05-10
590	1380	12.67	2016-06-11	2016-06-18
591	571	20.82	2015-04-10	2015-04-17
592	478	23.46	2015-12-22	2015-12-29
594	219	10.59	2015-01-20	2015-01-27
595	503	6.73	2015-04-30	2015-05-07
596	1889	19.47	2016-07-07	2016-07-14
599	938	24.32	2016-01-03	2016-01-10
604	1451	21.62	2015-11-19	2015-11-26
606	543	29.22	2015-05-05	2015-05-12
607	845	28.59	2016-01-16	2016-01-23
608	1233	8.66	2016-05-28	2016-06-04
609	962	20.61	2015-03-06	2015-03-13
610	1145	7.07	2015-11-25	2015-12-02
611	1611	50.57	2015-05-16	2015-05-23
614	880	11.95	2016-07-28	2016-08-04
616	146	28.03	2016-03-26	2016-04-02
619	1671	5.11	2016-01-25	2016-02-01
621	590	45.66	2015-03-05	2015-03-12
622	1996	30.00	2016-08-02	2016-08-09
624	1253	18.87	2015-04-18	2015-04-25
627	1058	16.83	2016-09-20	2016-09-27
628	1903	44.49	2015-07-30	2015-08-06
629	564	9.97	2016-03-25	2016-04-01
2405	1882	36.17	2016-05-08	2016-05-15
2430	889	38.15	2015-05-24	2015-05-31
632	857	20.04	2016-06-11	2016-06-18
2455	806	43.29	2016-04-20	2016-04-27
2480	363	28.48	2016-04-25	2016-05-02
635	1774	26.11	2015-10-16	2015-10-23
636	1692	15.85	2015-07-16	2015-07-23
2505	1659	22.90	2015-05-26	2015-06-02
639	326	18.05	2015-05-13	2015-05-20
640	1287	38.19	2015-08-17	2015-08-24
642	1963	44.39	2015-07-30	2015-08-06
643	1027	13.97	2015-12-11	2015-12-18
644	439	33.95	2016-06-14	2016-06-21
646	240	25.04	2015-09-16	2015-09-23
647	703	51.48	2016-03-13	2016-03-20
648	1033	47.41	2015-05-23	2015-05-30
652	448	31.41	2016-08-22	2016-08-29
654	1601	18.07	2015-10-23	2015-10-30
658	1958	10.82	2016-04-20	2016-04-27
663	1105	31.67	2015-02-13	2015-02-20
666	1930	19.88	2015-10-21	2015-10-28
671	1575	21.35	2015-04-03	2015-04-10
672	670	33.40	2015-12-12	2015-12-19
673	1015	53.52	2015-07-03	2015-07-10
677	153	33.82	2015-03-29	2015-04-05
678	420	44.13	2015-01-14	2015-01-21
680	1893	50.46	2016-05-09	2016-05-16
682	1716	57.46	2016-05-26	2016-06-02
684	1149	73.82	2015-05-08	2015-05-15
685	262	45.44	2015-08-09	2015-08-16
690	1356	41.38	2015-12-02	2015-12-09
691	1431	6.84	2016-02-26	2016-03-04
695	761	20.40	2016-09-22	2016-09-29
696	301	11.11	2015-09-02	2015-09-09
697	470	44.22	2015-06-26	2015-07-03
698	848	64.41	2016-02-14	2016-02-21
699	1172	18.94	2016-01-09	2016-01-16
701	811	28.89	2015-06-15	2015-06-22
702	1261	7.26	2016-06-22	2016-06-29
703	785	30.50	2016-02-24	2016-03-02
706	1783	10.52	2016-06-28	2016-07-05
708	1562	11.56	2015-12-30	2016-01-06
709	663	10.16	2015-04-07	2015-04-14
711	1009	16.46	2016-08-17	2016-08-24
712	820	8.59	2016-03-30	2016-04-06
714	1452	30.53	2016-09-15	2016-09-22
715	1954	11.56	2015-09-22	2015-09-29
716	1570	31.64	2016-05-27	2016-06-03
718	617	27.76	2015-09-15	2015-09-22
719	689	14.05	2016-07-03	2016-07-10
720	1229	33.92	2015-08-26	2015-09-02
721	787	25.44	2015-11-06	2015-11-13
722	1268	66.88	2015-09-17	2015-09-24
723	851	19.70	2015-01-01	2015-01-08
724	1224	63.85	2015-06-01	2015-06-08
728	1483	47.79	2016-07-12	2016-07-19
729	181	29.60	2016-03-14	2016-03-21
733	1587	24.88	2015-10-07	2015-10-14
734	357	17.16	2016-02-11	2016-02-18
737	1873	46.32	2016-06-08	2016-06-15
738	433	22.11	2016-06-23	2016-06-30
739	1516	19.26	2015-10-22	2015-10-29
742	124	18.60	2015-02-26	2015-03-05
743	252	10.68	2015-06-25	2015-07-02
745	45	18.88	2015-06-12	2015-06-19
746	804	17.94	2015-09-26	2015-10-03
748	1862	19.46	2015-11-28	2015-12-05
749	1234	10.11	2016-09-30	2016-10-07
752	209	25.98	2016-04-01	2016-04-08
753	1148	39.79	2015-11-13	2015-11-20
756	1845	27.26	2016-09-05	2016-09-12
757	1336	34.00	2016-07-13	2016-07-20
759	1705	23.10	2016-02-27	2016-03-05
760	1425	20.91	2015-03-18	2015-03-25
763	1661	9.08	2015-12-05	2015-12-12
765	372	20.27	2015-02-27	2015-03-06
766	1696	28.15	2015-02-09	2015-02-16
767	1408	10.62	2016-08-13	2016-08-20
768	1490	21.33	2015-06-22	2015-06-29
770	430	14.30	2015-05-09	2015-05-16
771	1393	11.83	2015-09-28	2015-10-05
773	1623	9.39	2016-07-16	2016-07-23
778	856	22.21	2015-01-18	2015-01-25
779	332	39.97	2016-08-24	2016-08-31
780	431	39.08	2016-06-30	2016-07-07
781	1786	27.59	2016-05-15	2016-05-22
782	1055	34.71	2016-06-07	2016-06-14
786	1244	10.22	2016-03-04	2016-03-11
787	104	24.51	2015-07-19	2015-07-26
788	157	55.94	2015-07-14	2015-07-21
2530	183	11.78	2016-07-22	2016-07-29
2580	1098	17.90	2015-10-08	2015-10-15
791	541	51.54	2016-02-12	2016-02-19
792	1484	22.44	2015-01-28	2015-02-04
793	980	19.73	2016-06-15	2016-06-22
794	950	22.95	2015-12-07	2015-12-14
795	974	19.48	2015-01-27	2015-02-03
2605	417	74.19	2015-07-02	2015-07-09
797	1290	60.25	2016-09-18	2016-09-25
798	519	51.52	2016-05-09	2016-05-16
2630	1673	12.96	2016-04-02	2016-04-09
801	1801	11.23	2016-03-09	2016-03-16
2655	1134	6.93	2016-03-08	2016-03-15
805	505	17.47	2016-05-17	2016-05-24
806	1966	29.47	2016-06-23	2016-06-30
808	1646	11.03	2015-02-25	2015-03-04
810	1797	70.16	2015-06-19	2015-06-26
811	1811	37.13	2015-12-31	2016-01-07
812	1095	9.36	2016-09-18	2016-09-25
813	1103	15.59	2015-05-31	2015-06-07
814	460	50.41	2016-07-16	2016-07-23
816	1137	12.79	2015-07-15	2015-07-22
818	1709	43.15	2016-04-13	2016-04-20
820	1320	9.07	2015-02-03	2015-02-10
826	1406	17.02	2016-01-18	2016-01-25
827	1089	23.50	2016-04-05	2016-04-12
828	1814	22.04	2016-05-24	2016-05-31
830	123	31.29	2015-08-08	2015-08-15
832	1444	23.74	2015-09-18	2015-09-25
834	286	57.50	2016-04-22	2016-04-29
835	895	17.83	2016-08-29	2016-09-05
841	918	58.14	2015-02-19	2015-02-26
842	865	13.44	2015-05-16	2015-05-23
843	1154	10.91	2016-08-16	2016-08-23
844	1894	3.53	2015-09-10	2015-09-17
846	1479	37.01	2015-06-04	2015-06-11
847	958	32.93	2016-04-07	2016-04-14
849	384	36.53	2015-01-30	2015-02-06
851	1632	26.52	2016-09-16	2016-09-23
853	1521	25.19	2016-09-08	2016-09-15
854	902	22.32	2016-09-17	2016-09-24
855	1249	14.50	2016-07-30	2016-08-06
856	947	18.65	2016-07-07	2016-07-14
863	1581	23.92	2015-06-10	2015-06-17
864	116	27.31	2015-06-20	2015-06-27
865	1127	16.71	2015-02-22	2015-03-01
866	884	31.94	2015-11-20	2015-11-27
867	481	45.22	2015-04-21	2015-04-28
869	530	24.60	2016-02-03	2016-02-10
871	832	7.41	2015-08-19	2015-08-26
874	668	24.55	2015-01-27	2015-02-03
877	1691	9.04	2015-04-25	2015-05-02
878	1580	33.91	2015-11-12	2015-11-19
879	1547	18.87	2016-07-02	2016-07-09
882	56	26.13	2016-08-09	2016-08-16
883	808	50.74	2015-09-29	2015-10-06
885	1018	60.56	2015-07-13	2015-07-20
886	1196	13.53	2015-07-12	2015-07-19
888	913	44.68	2016-02-08	2016-02-15
889	1525	40.63	2015-12-24	2015-12-31
891	1272	36.00	2016-05-01	2016-05-08
893	59	32.60	2016-02-25	2016-03-03
894	174	33.75	2015-04-18	2015-04-25
897	1725	11.93	2015-12-20	2015-12-27
901	936	23.85	2016-05-17	2016-05-24
902	1524	29.86	2015-07-17	2015-07-24
904	596	7.91	2015-05-09	2015-05-16
905	1119	11.69	2015-03-19	2015-03-26
907	690	22.74	2015-06-01	2015-06-08
911	1565	7.15	2015-11-08	2015-11-15
913	961	7.53	2015-10-26	2015-11-02
916	303	10.16	2016-05-24	2016-05-31
917	707	19.54	2015-12-17	2015-12-24
918	842	33.72	2016-05-10	2016-05-17
926	549	53.37	2015-07-03	2015-07-10
928	1847	20.91	2016-01-09	2016-01-16
931	916	35.44	2016-02-12	2016-02-19
938	422	34.63	2015-04-01	2015-04-08
939	353	9.01	2015-06-15	2015-06-22
941	560	41.54	2015-01-26	2015-02-02
2755	817	8.75	2015-01-24	2015-01-31
946	1117	27.98	2015-06-07	2015-06-14
951	295	9.97	2016-06-02	2016-06-09
952	1544	8.84	2016-05-25	2016-06-01
955	540	40.81	2016-05-11	2016-05-18
956	135	14.76	2015-02-15	2015-02-22
958	776	12.60	2016-04-04	2016-04-11
960	629	10.51	2016-08-06	2016-08-13
961	1437	9.82	2015-05-02	2015-05-09
962	717	7.65	2016-06-08	2016-06-15
964	68	31.92	2015-08-02	2015-08-09
965	275	50.22	2015-01-15	2015-01-22
967	645	23.09	2015-04-16	2015-04-23
968	1687	40.01	2015-04-04	2015-04-11
970	1603	19.82	2016-01-01	2016-01-08
971	1350	53.86	2015-04-29	2015-05-06
973	1732	17.53	2016-04-13	2016-04-20
979	1031	21.79	2016-08-26	2016-09-02
980	587	11.58	2016-07-28	2016-08-04
981	28	43.30	2015-09-13	2015-09-20
984	1827	13.14	2016-04-04	2016-04-11
985	1712	29.34	2015-06-06	2015-06-13
987	1107	36.31	2015-06-18	2015-06-25
989	287	19.57	2016-08-04	2016-08-11
991	727	14.44	2016-06-24	2016-07-01
992	1833	21.40	2016-09-24	2016-10-01
993	1376	7.30	2015-09-08	2015-09-15
996	514	33.00	2015-10-01	2015-10-08
997	1174	36.66	2016-03-23	2016-03-30
999	622	32.00	2016-06-08	2016-06-15
1002	1394	20.55	2015-10-20	2015-10-27
1003	1391	6.40	2015-08-14	2015-08-21
1005	1981	22.11	2015-05-09	2015-05-16
1009	854	9.60	2016-01-15	2016-01-22
1010	1395	7.15	2015-05-30	2015-06-06
1012	102	9.16	2015-02-23	2015-03-02
1013	621	15.17	2015-03-17	2015-03-24
1015	1177	44.18	2015-05-15	2015-05-22
1017	410	104.33	2015-11-12	2015-11-19
1020	376	10.38	2015-11-24	2015-12-01
1022	1342	46.61	2016-05-06	2016-05-13
1023	53	9.83	2015-09-15	2015-09-22
1026	922	12.96	2016-03-31	2016-04-07
1027	1052	15.94	2015-08-07	2015-08-14
1028	22	20.13	2016-02-18	2016-02-25
1029	1522	53.94	2016-03-29	2016-04-05
1030	813	27.91	2016-05-15	2016-05-22
1031	930	7.24	2015-06-14	2015-06-21
1033	1863	11.12	2015-03-27	2015-04-03
1034	692	62.76	2015-11-29	2015-12-06
1036	796	4.20	2015-10-16	2015-10-23
1038	1537	15.45	2015-08-07	2015-08-14
1042	381	41.35	2016-08-18	2016-08-25
1044	1534	71.59	2016-08-28	2016-09-04
1045	211	10.43	2015-07-18	2015-07-25
1046	768	18.99	2015-03-02	2015-03-09
1047	1300	21.14	2015-01-18	2015-01-25
1049	812	11.79	2016-03-15	2016-03-22
1051	1768	67.74	2015-04-24	2015-05-01
1052	955	51.21	2015-10-19	2015-10-26
1054	203	17.76	2015-03-26	2015-04-02
1058	1757	34.74	2015-06-16	2015-06-23
1060	463	8.39	2016-05-28	2016-06-04
1061	1596	13.11	2015-12-26	2016-01-02
1062	221	10.78	2015-12-12	2015-12-19
1065	274	32.24	2015-07-17	2015-07-24
1066	1260	10.03	2016-07-18	2016-07-25
1067	1079	22.10	2015-09-09	2015-09-16
1068	1901	6.65	2016-02-13	2016-02-20
1069	1436	20.43	2015-09-30	2015-10-07
1070	997	50.41	2015-10-04	2015-10-11
1073	1826	43.59	2015-10-16	2015-10-23
1076	613	10.39	2016-09-25	2016-10-02
1080	1861	25.23	2016-07-04	2016-07-11
1081	706	31.96	2015-05-17	2015-05-24
1082	893	28.07	2015-07-31	2015-08-07
1083	399	23.70	2015-11-09	2015-11-16
1085	96	15.73	2016-05-16	2016-05-23
1086	1512	12.01	2016-08-18	2016-08-25
1087	1969	30.11	2015-03-24	2015-03-31
1089	1194	28.80	2015-08-17	2015-08-24
1091	1771	31.60	2015-04-14	2015-04-21
1095	771	46.79	2016-02-18	2016-02-25
1096	1355	10.33	2016-05-18	2016-05-25
1098	283	9.25	2016-05-20	2016-05-27
1099	1166	10.59	2016-05-23	2016-05-30
2830	486	9.73	2016-08-18	2016-08-25
1102	1008	63.86	2015-09-26	2015-10-03
1103	731	20.50	2015-08-11	2015-08-18
1104	428	14.85	2015-01-14	2015-01-21
2855	818	18.82	2015-05-29	2015-06-05
1106	1074	10.78	2015-02-20	2015-02-27
2880	1411	9.50	2015-01-13	2015-01-20
2905	1782	36.80	2015-06-26	2015-07-03
1109	207	9.05	2015-07-20	2015-07-27
2930	408	13.76	2016-09-20	2016-09-27
1111	1675	25.99	2016-04-16	2016-04-23
2955	30	21.93	2016-03-18	2016-03-25
1114	1837	17.16	2016-06-09	2016-06-16
1115	933	25.53	2015-12-13	2015-12-20
1116	268	11.14	2015-02-23	2015-03-02
1117	276	18.89	2015-10-31	2015-11-07
1118	205	16.54	2015-08-04	2015-08-11
1119	391	21.42	2015-08-21	2015-08-28
1120	739	36.60	2016-06-24	2016-07-01
1122	319	18.12	2015-11-05	2015-11-12
1123	550	8.54	2016-09-08	2016-09-15
1124	1498	9.74	2015-01-04	2015-01-11
1128	1543	58.69	2016-07-24	2016-07-31
1130	373	94.27	2015-05-08	2015-05-15
1131	289	5.32	2015-10-14	2015-10-21
1132	1003	9.62	2015-09-24	2015-10-01
1133	1238	18.92	2015-03-24	2015-03-31
1135	89	22.28	2016-07-22	2016-07-29
1136	398	21.49	2015-10-04	2015-10-11
1142	1791	9.66	2015-07-16	2015-07-23
1143	1447	28.68	2015-12-18	2015-12-25
1145	310	39.44	2016-01-27	2016-02-03
1148	1647	54.28	2016-08-16	2016-08-23
1154	1937	34.39	2016-08-24	2016-08-31
1155	468	43.13	2015-12-29	2016-01-05
1156	179	21.35	2016-07-03	2016-07-10
1161	1046	7.24	2015-11-03	2015-11-10
1162	887	11.79	2015-12-25	2016-01-01
1163	773	28.17	2015-05-01	2015-05-08
1166	271	28.77	2015-09-13	2015-09-20
1168	529	14.73	2016-03-30	2016-04-06
1169	191	35.53	2015-02-06	2015-02-13
1170	1728	22.68	2015-07-08	2015-07-15
1171	718	9.16	2015-05-27	2015-06-03
1174	1866	41.29	2015-07-23	2015-07-30
1177	607	31.82	2016-08-15	2016-08-22
1179	1449	10.52	2016-07-15	2016-07-22
1181	231	63.10	2015-11-12	2015-11-19
1182	1264	57.33	2016-05-02	2016-05-09
1184	1764	11.01	2016-01-19	2016-01-26
1185	763	35.44	2015-04-13	2015-04-20
1187	451	10.68	2016-01-30	2016-02-06
1188	1152	21.69	2016-06-20	2016-06-27
1190	382	59.21	2015-04-02	2015-04-09
1193	766	23.60	2016-05-23	2016-05-30
1194	322	29.42	2015-02-13	2015-02-20
1195	635	21.97	2016-04-11	2016-04-18
1197	1420	36.16	2015-10-25	2015-11-01
1198	339	12.25	2015-01-10	2015-01-17
1202	1129	23.07	2016-09-04	2016-09-11
1203	1664	43.77	2016-07-28	2016-08-04
1208	1823	5.56	2015-05-05	2015-05-12
1209	1645	38.61	2015-06-13	2015-06-20
1211	1813	33.11	2016-02-05	2016-02-12
1212	809	49.76	2016-03-14	2016-03-21
1213	1920	24.85	2015-06-12	2015-06-19
1216	1156	79.70	2016-06-03	2016-06-10
1217	1872	17.87	2015-01-10	2015-01-17
1218	110	15.37	2015-10-17	2015-10-24
1219	1385	23.24	2016-08-15	2016-08-22
1220	935	12.28	2016-05-24	2016-05-31
1222	1480	26.96	2016-04-20	2016-04-27
1224	1912	11.32	2016-05-27	2016-06-03
1229	1045	6.17	2016-09-29	2016-10-06
1230	173	27.80	2016-03-19	2016-03-26
1232	1945	36.06	2015-06-19	2015-06-26
1234	1548	42.17	2016-05-07	2016-05-14
1237	1541	40.05	2015-09-23	2015-09-30
1238	986	43.32	2016-09-23	2016-09-30
1240	1034	18.90	2015-07-01	2015-07-08
1242	484	15.14	2015-10-13	2015-10-20
1244	1807	30.63	2015-05-05	2015-05-12
1245	13	22.26	2015-06-01	2015-06-08
1247	747	17.55	2015-11-01	2015-11-08
1248	939	26.01	2016-06-23	2016-06-30
1255	186	26.36	2016-02-02	2016-02-09
1257	1762	40.32	2016-01-05	2016-01-12
1258	738	18.68	2015-08-05	2015-08-12
3005	1243	30.68	2015-01-14	2015-01-21
1260	673	17.61	2015-08-25	2015-09-01
3055	318	6.28	2016-06-28	2016-07-05
1262	1985	37.02	2015-09-27	2015-10-04
1263	1652	43.55	2015-01-25	2015-02-01
1264	329	12.12	2015-09-02	2015-09-09
3105	1382	46.79	2016-09-24	2016-10-01
1267	471	27.58	2015-04-29	2015-05-06
1268	1014	30.90	2016-03-02	2016-03-09
1269	719	14.46	2015-11-04	2015-11-11
1270	633	37.39	2016-01-24	2016-01-31
1271	1507	11.52	2015-09-26	2015-10-03
1272	108	21.22	2016-05-26	2016-06-02
1273	1314	45.29	2015-12-11	2015-12-18
1276	732	32.78	2016-09-16	2016-09-23
1277	601	21.27	2015-04-12	2015-04-19
1279	1180	25.26	2016-09-07	2016-09-14
1281	555	9.29	2016-08-29	2016-09-05
1282	1599	18.07	2016-03-25	2016-04-01
1283	133	27.28	2016-05-03	2016-05-10
1284	1994	14.18	2016-02-29	2016-03-07
1285	1546	23.46	2015-09-28	2015-10-05
1287	4	58.68	2015-04-16	2015-04-23
1288	801	18.16	2016-01-07	2016-01-14
1289	1653	29.35	2015-05-29	2015-06-05
1291	1308	44.44	2016-08-03	2016-08-10
1292	1153	72.25	2016-02-26	2016-03-04
1293	1518	11.00	2016-08-05	2016-08-12
1295	1353	74.31	2015-03-24	2015-03-31
1296	1843	18.81	2015-07-26	2015-08-02
1297	438	21.87	2015-12-31	2016-01-07
1299	1750	35.85	2016-04-12	2016-04-19
1301	782	36.33	2016-03-16	2016-03-23
1305	1971	27.12	2015-02-19	2015-02-26
1307	1897	21.36	2015-08-21	2015-08-28
1308	1514	9.12	2015-06-13	2015-06-20
1309	1269	14.06	2015-05-29	2015-06-05
1310	1964	46.33	2016-05-12	2016-05-19
1311	1535	36.51	2016-01-12	2016-01-19
1312	1559	13.18	2015-03-28	2015-04-04
1313	1582	23.19	2015-02-09	2015-02-16
1314	1651	6.81	2016-01-06	2016-01-13
1315	793	25.63	2015-08-13	2015-08-20
1316	495	9.90	2015-07-02	2015-07-09
1320	1190	8.93	2015-07-16	2015-07-23
1323	1075	5.29	2015-12-22	2015-12-29
1324	1773	16.74	2015-09-13	2015-09-20
1326	1226	13.91	2016-06-30	2016-07-07
1327	1747	23.12	2015-09-10	2015-09-17
1330	1756	11.74	2016-08-31	2016-09-07
1333	896	25.47	2015-09-01	2015-09-08
1334	981	47.97	2016-02-05	2016-02-12
1335	320	16.52	2016-07-26	2016-08-02
1336	666	10.17	2015-07-25	2015-08-01
1337	1323	15.89	2016-01-26	2016-02-02
1338	1842	26.76	2015-06-24	2015-07-01
1340	892	94.44	2015-07-06	2015-07-13
1341	591	19.41	2016-04-28	2016-05-05
1342	458	33.07	2015-05-03	2015-05-10
1343	805	20.94	2015-06-18	2015-06-25
1344	875	5.93	2015-07-06	2015-07-13
1346	1348	22.06	2016-05-31	2016-06-07
1347	982	28.94	2015-01-19	2015-01-26
1348	1318	29.29	2015-08-15	2015-08-22
1351	879	8.67	2015-09-07	2015-09-14
1353	90	24.65	2016-01-12	2016-01-19
1354	1736	17.68	2015-06-15	2015-06-22
1356	600	36.97	2015-02-27	2015-03-06
1357	709	32.14	2016-07-25	2016-08-01
1360	1293	10.46	2016-05-22	2016-05-29
1362	1618	32.76	2015-06-10	2015-06-17
1363	279	25.42	2015-05-17	2015-05-24
1366	266	11.27	2016-09-03	2016-09-10
1372	65	52.92	2015-08-27	2015-09-03
1373	1637	16.99	2016-05-23	2016-05-30
1374	1122	16.23	2015-12-02	2015-12-09
1377	725	22.40	2016-07-27	2016-08-03
1378	593	9.05	2015-02-14	2015-02-21
1379	1297	10.28	2015-02-18	2015-02-25
1380	1633	33.73	2015-05-02	2015-05-09
1382	637	33.64	2016-01-09	2016-01-16
1383	905	20.22	2015-04-15	2015-04-22
1384	355	23.18	2015-08-22	2015-08-29
1385	1951	11.69	2015-04-08	2015-04-15
1387	680	44.04	2015-12-04	2015-12-11
1388	1856	37.64	2015-12-10	2015-12-17
1389	1970	11.01	2015-03-29	2015-04-05
1390	1655	27.60	2016-01-13	2016-01-20
1392	41	5.08	2016-02-24	2016-03-02
1393	306	20.65	2015-04-09	2015-04-16
1395	466	18.96	2015-11-28	2015-12-05
1397	1231	27.32	2016-05-16	2016-05-23
1398	202	28.89	2015-05-08	2015-05-15
1399	1288	25.01	2016-01-02	2016-01-09
1401	105	35.17	2015-03-20	2015-03-27
1404	1777	20.95	2016-09-07	2016-09-14
1408	375	24.83	2015-08-31	2015-09-07
1409	1286	23.39	2016-05-06	2016-05-13
1412	476	44.85	2015-09-11	2015-09-18
1413	1454	14.16	2015-11-08	2015-11-15
1414	383	9.62	2016-09-23	2016-09-30
3155	1550	14.29	2016-08-17	2016-08-24
1416	352	34.10	2015-08-19	2015-08-26
1417	1871	24.68	2016-02-01	2016-02-08
1418	1337	27.91	2016-03-25	2016-04-01
3180	1688	17.29	2015-04-23	2015-04-30
1420	592	23.71	2016-08-31	2016-09-07
1421	932	8.66	2016-03-26	2016-04-02
1422	184	16.71	2015-07-08	2015-07-15
3230	188	14.18	2015-05-13	2015-05-20
3280	237	11.38	2015-12-23	2015-12-30
1426	368	24.96	2016-01-01	2016-01-08
1428	461	18.20	2015-10-18	2015-10-25
1429	584	8.84	2015-09-11	2015-09-18
1431	258	29.76	2015-01-24	2015-01-31
1435	17	27.15	2015-08-18	2015-08-25
1438	878	29.95	2015-08-28	2015-09-04
1439	1192	38.40	2016-08-24	2016-08-31
1441	989	7.48	2015-03-17	2015-03-24
1444	1751	12.84	2015-11-19	2015-11-26
1447	1256	23.43	2015-05-05	2015-05-12
1448	1006	13.76	2015-07-08	2015-07-15
1451	1240	17.85	2015-07-07	2015-07-14
1454	920	3.38	2015-04-21	2015-04-28
1457	1759	44.34	2015-02-17	2015-02-24
1458	1017	18.96	2015-01-24	2015-01-31
1459	1184	21.76	2016-09-18	2016-09-25
1460	650	31.87	2015-03-05	2015-03-12
1461	1914	29.72	2016-08-19	2016-08-26
1463	852	10.20	2015-04-10	2015-04-17
1465	510	34.92	2016-02-20	2016-02-27
1467	365	13.11	2016-04-13	2016-04-20
1468	688	44.02	2015-01-07	2015-01-14
1469	743	32.10	2015-02-02	2015-02-09
1470	693	3.88	2015-01-27	2015-02-03
1472	1748	9.57	2015-06-11	2015-06-18
1473	1030	19.28	2016-02-27	2016-03-05
1476	536	18.39	2015-05-20	2015-05-27
1478	786	17.33	2016-03-27	2016-04-03
1479	1899	41.67	2015-08-02	2015-08-09
1480	1540	42.40	2016-07-03	2016-07-10
1481	1164	9.63	2016-05-27	2016-06-03
1482	1077	47.91	2015-08-04	2015-08-11
1483	347	18.89	2016-09-15	2016-09-22
1484	1940	13.28	2016-08-29	2016-09-05
1485	1532	28.98	2015-04-25	2015-05-02
1486	699	23.92	2016-09-25	2016-10-02
1487	1317	28.59	2016-09-19	2016-09-26
1488	2000	23.37	2016-08-10	2016-08-17
1491	1004	26.26	2015-12-28	2016-01-04
1496	1531	49.22	2015-09-04	2015-09-11
1497	945	16.33	2016-09-13	2016-09-20
1501	858	19.71	2015-01-28	2015-02-04
1502	1594	36.19	2015-06-02	2015-06-09
1503	409	38.51	2015-08-14	2015-08-21
1504	659	9.74	2016-08-14	2016-08-21
1505	132	13.56	2016-02-06	2016-02-13
1506	1069	32.58	2015-05-29	2015-06-05
1508	1047	27.44	2015-07-13	2015-07-20
1511	44	21.04	2015-11-14	2015-11-21
1513	251	38.07	2015-08-25	2015-09-01
1514	1991	8.48	2016-07-03	2016-07-10
1515	88	52.48	2016-04-20	2016-04-27
1516	836	8.76	2016-06-06	2016-06-13
1517	400	6.60	2015-01-21	2015-01-28
1518	565	51.38	2015-10-05	2015-10-12
1520	1458	18.06	2015-09-17	2015-09-24
1521	426	34.74	2015-08-27	2015-09-03
1529	1678	46.99	2015-01-03	2015-01-10
1532	57	32.47	2015-04-26	2015-05-03
1536	1634	30.81	2016-06-05	2016-06-12
1541	1404	7.24	2016-07-08	2016-07-15
1542	109	14.80	2015-12-21	2015-12-28
1543	7	24.48	2015-10-26	2015-11-02
1545	502	10.18	2015-12-13	2015-12-20
1547	1330	14.94	2015-01-04	2015-01-11
1548	1891	54.07	2015-03-10	2015-03-17
1549	667	9.12	2015-04-05	2015-04-12
1553	1780	35.47	2015-09-23	2015-09-30
1554	1340	30.07	2016-08-30	2016-09-06
1555	235	13.62	2016-02-22	2016-02-29
1560	1167	9.49	2015-02-09	2015-02-16
1562	261	14.99	2016-01-20	2016-01-27
1563	1176	22.96	2016-05-25	2016-06-01
1566	255	13.75	2015-03-08	2015-03-15
1567	1223	10.68	2015-02-01	2015-02-08
1568	1267	10.03	2015-05-15	2015-05-22
1569	570	12.59	2016-05-07	2016-05-14
1571	1860	10.35	2015-04-04	2015-04-11
1572	966	43.14	2016-08-08	2016-08-15
1573	1520	6.49	2016-08-24	2016-08-31
3330	278	11.20	2016-03-23	2016-03-30
3380	71	64.60	2016-05-03	2016-05-10
1576	1160	10.98	2015-05-07	2015-05-14
1577	1693	105.09	2015-05-05	2015-05-12
1578	374	39.06	2016-01-24	2016-01-31
3430	1741	5.60	2016-09-19	2016-09-26
1580	1063	36.28	2015-12-25	2016-01-01
1583	317	36.59	2015-05-20	2015-05-27
1584	100	20.11	2016-03-23	2016-03-30
1585	1491	12.10	2015-06-24	2015-07-01
1586	652	72.31	2015-07-29	2015-08-05
1588	1237	39.69	2016-01-06	2016-01-13
1590	1795	12.14	2016-07-26	2016-08-02
1592	1028	13.09	2015-11-11	2015-11-18
1593	1469	20.96	2016-05-29	2016-06-05
1595	228	22.07	2016-07-12	2016-07-19
1596	679	28.34	2015-02-21	2015-02-28
1597	11	28.23	2016-01-02	2016-01-09
1601	759	18.82	2015-08-22	2015-08-29
1604	841	38.54	2015-04-02	2015-04-09
1605	361	10.43	2015-03-06	2015-03-13
1606	163	21.84	2016-05-31	2016-06-07
1608	1817	12.16	2015-10-10	2015-10-17
1611	726	25.80	2016-05-04	2016-05-11
1612	1987	21.12	2015-11-27	2015-12-04
1613	1056	17.95	2015-05-25	2015-06-01
1614	1407	34.78	2015-02-11	2015-02-18
1615	589	12.96	2015-06-24	2015-07-01
1618	1430	14.45	2016-06-04	2016-06-11
1619	558	16.58	2016-01-15	2016-01-22
1620	256	43.91	2016-07-22	2016-07-29
1621	656	17.36	2016-09-17	2016-09-24
1622	1246	9.05	2015-09-23	2015-09-30
1626	272	62.67	2015-03-28	2015-04-04
1627	474	9.54	2016-06-01	2016-06-08
1628	92	8.62	2016-03-18	2016-03-25
1629	1338	13.60	2015-06-02	2015-06-09
1630	638	8.31	2015-07-03	2015-07-10
1632	389	21.23	2016-02-16	2016-02-23
1634	1610	15.27	2015-02-19	2015-02-26
1635	316	16.98	2015-12-13	2015-12-20
1636	1200	14.80	2015-03-22	2015-03-29
1638	1418	55.02	2015-09-30	2015-10-07
1639	855	39.50	2016-07-30	2016-08-06
1640	973	21.07	2016-04-19	2016-04-26
1641	1558	20.23	2016-08-12	2016-08-19
1642	1737	46.68	2016-01-13	2016-01-20
1643	665	15.85	2016-02-01	2016-02-08
1645	1584	28.01	2016-09-28	2016-10-05
1648	823	48.51	2015-03-22	2015-03-29
1651	946	25.36	2016-04-17	2016-04-24
1652	333	13.93	2015-10-16	2015-10-23
1653	1743	48.58	2015-11-10	2015-11-17
1654	1650	21.51	2015-04-15	2015-04-22
1655	1357	42.19	2016-06-11	2016-06-18
1663	1907	53.79	2016-04-16	2016-04-23
1664	134	16.58	2016-05-17	2016-05-24
1667	196	16.38	2015-12-08	2015-12-15
1668	70	23.02	2016-08-31	2016-09-07
1669	50	86.64	2016-06-15	2016-06-22
1676	671	32.58	2015-08-31	2015-09-07
1680	1329	8.93	2015-03-24	2015-03-31
1683	1745	49.19	2015-11-18	2015-11-25
1685	769	34.56	2016-01-28	2016-02-04
1687	176	30.71	2016-05-09	2016-05-16
1693	1685	41.38	2015-08-15	2015-08-22
1697	874	8.74	2015-10-21	2015-10-28
1698	1625	19.96	2015-09-05	2015-09-12
1706	960	37.03	2016-09-23	2016-09-30
1707	1918	73.26	2015-01-17	2015-01-24
1708	1478	31.18	2016-09-07	2016-09-14
1709	735	17.44	2015-02-03	2015-02-10
1710	99	10.68	2015-09-29	2015-10-06
1711	1346	17.37	2015-04-02	2015-04-09
1712	1439	11.32	2015-12-12	2015-12-19
1713	1440	12.10	2016-04-07	2016-04-14
1715	1060	8.04	2015-08-12	2015-08-19
1717	1698	19.90	2015-09-01	2015-09-08
1718	1367	11.79	2015-09-14	2015-09-21
1719	1162	7.65	2016-04-08	2016-04-15
1721	3	19.78	2016-04-26	2016-05-03
1722	903	12.84	2016-09-05	2016-09-12
1723	683	19.38	2015-01-07	2015-01-14
1	511	61.24	2015-02-20	2015-02-27
2	1609	18.58	2016-08-11	2016-08-18
3	544	27.12	2015-10-08	2015-10-15
5	998	132.28	2015-10-08	2015-10-15
6	178	14.14	2015-01-19	2015-01-26
7	250	79.09	2015-06-20	2015-06-27
11	239	37.74	2016-09-27	2016-10-04
12	968	22.02	2015-10-16	2015-10-23
14	1973	69.35	2016-07-05	2016-07-12
15	1247	57.82	2016-01-08	2016-01-15
16	1658	11.78	2015-10-07	2015-10-14
19	512	10.56	2016-07-03	2016-07-10
20	1500	42.34	2015-03-15	2015-03-22
24	1941	72.71	2015-10-02	2015-10-09
28	1026	10.26	2015-11-10	2015-11-17
30	149	17.76	2016-05-06	2016-05-13
33	1836	34.02	2015-06-04	2015-06-11
34	1044	19.16	2015-07-21	2015-07-28
35	1953	22.69	2015-06-11	2015-06-18
36	1635	51.43	2015-04-28	2015-05-05
37	625	12.79	2015-09-14	2015-09-21
38	653	40.85	2015-02-24	2015-03-03
39	985	42.35	2016-08-30	2016-09-06
43	1828	11.15	2015-01-13	2015-01-20
44	1443	73.00	2015-09-21	2015-09-28
46	1132	41.78	2015-11-03	2015-11-10
52	1265	49.46	2015-06-13	2015-06-20
62	69	32.47	2015-09-17	2015-09-24
65	984	13.06	2016-01-28	2016-02-04
67	425	22.93	2016-07-16	2016-07-23
68	1612	27.02	2015-10-05	2015-10-12
73	1913	15.08	2016-01-31	2016-02-07
74	1908	15.41	2015-08-22	2015-08-29
76	790	24.94	2016-02-28	2016-03-06
80	1489	50.88	2016-01-19	2016-01-26
81	1568	43.50	2016-09-04	2016-09-11
82	1038	63.26	2016-04-18	2016-04-25
83	226	6.05	2016-05-01	2016-05-08
86	765	12.83	2015-03-05	2015-03-12
88	678	79.79	2015-09-25	2015-10-02
89	744	19.90	2015-01-03	2015-01-10
92	1291	39.50	2015-02-11	2015-02-18
95	1723	56.95	2015-09-06	2015-09-13
96	1956	38.50	2015-12-14	2015-12-21
97	1840	27.20	2016-03-03	2016-03-10
101	233	22.18	2016-04-24	2016-05-01
107	1778	34.37	2015-09-19	2015-09-26
108	170	28.13	2016-04-16	2016-04-23
109	1131	15.32	2016-05-17	2016-05-24
113	815	35.20	2015-08-08	2015-08-15
118	1668	54.62	2016-05-29	2016-06-05
120	860	23.66	2015-11-23	2015-11-30
122	270	41.93	2015-07-20	2015-07-27
124	1555	20.83	2015-11-11	2015-11-18
127	1099	25.31	2015-09-18	2015-09-25
128	1494	36.58	2016-09-09	2016-09-16
130	1551	46.07	2015-01-06	2015-01-13
132	583	17.87	2016-09-09	2016-09-16
134	1335	31.28	2016-09-16	2016-09-23
138	1896	14.08	2016-03-18	2016-03-25
140	193	53.09	2016-06-26	2016-07-03
141	1955	27.95	2016-04-10	2016-04-17
143	1711	16.26	2015-09-16	2015-09-23
146	334	51.55	2015-05-18	2015-05-25
151	602	26.66	2016-01-16	2016-01-23
152	1865	47.96	2016-07-18	2016-07-25
153	1195	9.20	2016-08-16	2016-08-23
155	98	8.89	2015-03-29	2015-04-05
157	79	60.92	2015-09-28	2015-10-05
159	569	11.06	2016-01-31	2016-02-07
160	563	64.61	2015-04-21	2015-04-28
166	246	23.52	2016-07-19	2016-07-26
168	1389	28.70	2015-11-21	2015-11-28
171	1434	38.14	2015-11-04	2015-11-11
172	452	8.70	2015-11-13	2015-11-20
182	1503	77.09	2015-11-29	2015-12-06
184	1025	21.68	2015-04-22	2015-04-29
188	1714	50.06	2015-10-31	2015-11-07
191	32	56.38	2015-08-24	2015-08-31
193	566	15.46	2015-02-19	2015-02-26
194	127	18.12	2016-05-02	2016-05-09
195	1214	71.54	2016-05-31	2016-06-07
203	948	28.16	2015-04-27	2015-05-04
204	177	34.04	2015-08-31	2015-09-07
207	1564	37.38	2015-10-16	2015-10-23
211	598	11.26	2015-05-27	2015-06-03
214	712	9.97	2015-09-30	2015-10-07
215	1191	24.46	2016-05-05	2016-05-12
216	579	40.68	2015-10-02	2015-10-09
217	1352	20.68	2015-09-27	2015-10-04
218	1334	39.65	2015-05-29	2015-06-05
219	1605	49.94	2016-02-06	2016-02-13
221	853	37.99	2015-03-05	2015-03-12
223	610	38.11	2015-08-19	2015-08-26
226	74	33.88	2016-01-10	2016-01-17
227	931	28.18	2015-08-11	2015-08-18
228	1022	44.00	2016-01-06	2016-01-13
229	1621	30.61	2015-03-13	2015-03-20
233	921	9.20	2015-11-11	2015-11-18
242	1178	32.28	2016-02-20	2016-02-27
244	1112	16.18	2015-07-31	2015-08-07
245	987	11.05	2016-09-26	2016-10-03
251	385	59.40	2016-04-29	2016-05-06
252	387	24.19	2016-03-22	2016-03-29
253	1302	36.05	2015-08-29	2015-09-05
254	450	13.98	2015-08-05	2015-08-12
255	248	32.75	2015-04-13	2015-04-20
257	1048	43.43	2015-09-02	2015-09-09
260	626	24.54	2015-07-20	2015-07-27
262	516	8.42	2016-03-12	2016-03-19
263	236	15.41	2016-05-14	2016-05-21
265	733	14.99	2016-07-06	2016-07-13
267	1289	12.86	2015-09-02	2015-09-09
268	1602	42.68	2015-01-15	2015-01-22
269	1755	52.20	2016-03-24	2016-03-31
271	964	25.10	2015-05-21	2015-05-28
273	1424	30.42	2016-05-31	2016-06-07
277	253	64.72	2016-08-31	2016-09-07
278	1165	30.77	2015-12-30	2016-01-06
279	1701	54.76	2015-07-07	2015-07-14
280	308	27.77	2016-06-10	2016-06-17
286	1590	38.95	2016-01-27	2016-02-03
289	302	8.18	2015-01-03	2015-01-10
291	1032	14.60	2016-09-20	2016-09-27
293	764	25.78	2015-06-21	2015-06-28
295	1493	43.08	2016-08-16	2016-08-23
296	821	43.56	2015-01-21	2015-01-28
298	498	40.31	2015-05-22	2015-05-29
299	1390	68.35	2016-02-01	2016-02-08
301	859	9.56	2015-09-20	2015-09-27
304	1665	53.15	2016-03-14	2016-03-21
305	1387	40.63	2015-07-23	2015-07-30
306	1213	20.03	2015-11-09	2015-11-16
307	169	17.50	2016-01-02	2016-01-09
314	1462	35.23	2016-03-18	2016-03-25
315	1013	39.97	2015-03-09	2015-03-16
316	551	20.03	2015-02-15	2015-02-22
326	740	12.71	2015-05-29	2015-06-05
327	822	23.28	2015-02-12	2015-02-19
328	300	129.89	2015-03-13	2015-03-20
329	423	28.91	2016-03-20	2016-03-27
331	1868	10.22	2016-01-25	2016-02-01
338	377	26.96	2016-01-23	2016-01-30
341	220	15.72	2015-04-10	2015-04-17
344	1571	6.13	2015-12-28	2016-01-04
345	1216	29.33	2015-08-05	2015-08-12
347	1345	44.02	2015-09-29	2015-10-06
348	1328	70.87	2016-02-18	2016-02-25
351	129	13.33	2016-05-13	2016-05-20
352	1952	38.60	2015-09-06	2015-09-13
355	501	9.22	2015-05-21	2015-05-28
356	1577	17.76	2016-04-08	2016-04-15
357	1042	25.44	2015-12-23	2015-12-30
359	496	22.44	2016-08-02	2016-08-09
362	1569	42.62	2015-01-17	2015-01-24
366	195	57.34	2016-08-26	2016-09-02
368	1904	27.58	2015-08-09	2015-08-16
371	705	14.22	2015-10-07	2015-10-14
372	798	100.16	2016-02-13	2016-02-20
374	826	42.84	2016-05-02	2016-05-09
379	1485	22.09	2015-02-09	2015-02-16
380	66	17.04	2016-04-05	2016-04-12
382	1292	25.87	2015-12-01	2015-12-08
383	1219	45.86	2016-07-30	2016-08-06
385	1895	64.78	2015-12-07	2015-12-14
389	949	61.80	2015-10-21	2015-10-28
390	627	15.52	2015-08-19	2015-08-26
391	1197	33.89	2015-09-24	2015-10-01
392	1471	10.25	2016-06-10	2016-06-17
393	1574	28.72	2016-04-13	2016-04-20
394	39	15.25	2015-09-13	2015-09-20
397	716	16.56	2015-11-15	2015-11-22
398	1642	15.43	2015-07-29	2015-08-05
401	1147	20.18	2015-12-29	2016-01-05
403	1995	16.79	2015-05-25	2015-06-01
405	1208	32.57	2015-10-03	2015-10-10
407	907	16.04	2016-08-04	2016-08-11
410	1207	36.62	2015-06-10	2015-06-17
415	29	5.78	2015-08-22	2015-08-29
416	1867	33.55	2015-07-24	2015-07-31
417	63	25.54	2015-10-04	2015-10-11
420	1798	14.36	2015-01-12	2015-01-19
421	87	13.58	2016-01-17	2016-01-24
422	1402	28.09	2016-08-21	2016-08-28
423	15	52.43	2016-04-28	2016-05-05
424	899	21.78	2016-04-27	2016-05-04
426	189	53.14	2015-10-02	2015-10-09
428	397	48.07	2016-07-31	2016-08-07
433	349	35.44	2015-09-28	2015-10-05
434	753	29.40	2015-05-08	2015-05-15
435	568	8.62	2016-08-03	2016-08-10
436	724	55.43	2016-04-25	2016-05-02
437	695	47.27	2015-09-12	2015-09-19
438	1204	29.63	2015-05-11	2015-05-18
439	675	24.25	2015-04-27	2015-05-04
444	1824	18.43	2016-03-18	2016-03-25
446	1588	15.84	2016-06-13	2016-06-20
449	1285	19.69	2015-10-21	2015-10-28
455	963	41.56	2015-02-10	2015-02-17
456	1822	70.44	2015-04-14	2015-04-21
460	1670	11.60	2016-05-08	2016-05-15
461	702	20.23	2016-09-28	2016-10-05
462	686	21.23	2015-08-16	2015-08-23
465	327	37.70	2016-05-27	2016-06-03
467	354	65.95	2016-06-20	2016-06-27
468	1482	12.76	2015-07-06	2015-07-13
470	752	22.79	2015-09-29	2015-10-06
472	616	8.72	2016-09-18	2016-09-25
473	1331	40.28	2015-09-23	2015-09-30
484	525	5.36	2016-07-26	2016-08-02
486	509	38.35	2015-11-28	2015-12-05
487	407	53.80	2015-05-21	2015-05-28
488	911	60.68	2015-11-07	2015-11-14
489	307	23.21	2016-09-26	2016-10-03
492	325	44.84	2015-04-23	2015-04-30
493	94	35.48	2016-03-27	2016-04-03
502	1354	26.32	2015-10-06	2015-10-13
504	515	27.16	2015-03-23	2015-03-30
506	453	13.07	2016-09-03	2016-09-10
507	1763	6.98	2015-06-01	2015-06-08
511	917	21.10	2016-08-10	2016-08-17
516	1820	11.56	2016-02-17	2016-02-24
520	206	16.34	2016-03-23	2016-03-30
521	36	42.29	2015-09-21	2015-09-28
526	1212	28.42	2016-05-21	2016-05-28
528	1254	22.18	2016-02-19	2016-02-26
531	1415	12.88	2015-10-04	2015-10-11
532	1916	48.74	2015-10-03	2015-10-10
539	80	31.97	2015-04-26	2015-05-03
544	898	11.16	2016-05-23	2016-05-30
547	1957	68.83	2016-02-23	2016-03-01
548	1421	21.10	2015-12-02	2015-12-09
551	494	36.06	2015-03-30	2015-04-06
553	700	13.98	2015-07-01	2015-07-08
554	1999	48.52	2016-01-30	2016-02-06
555	232	28.94	2016-04-20	2016-04-27
556	152	38.15	2015-10-22	2015-10-29
557	201	38.74	2016-05-07	2016-05-14
558	1139	81.04	2016-06-08	2016-06-15
559	159	36.72	2016-04-08	2016-04-15
562	1041	47.50	2016-08-11	2016-08-18
563	403	7.85	2016-07-07	2016-07-14
565	1388	8.53	2016-09-14	2016-09-21
566	1900	36.67	2016-08-01	2016-08-08
574	304	13.75	2016-09-15	2016-09-22
577	925	32.68	2015-11-03	2015-11-10
578	1883	17.11	2015-09-01	2015-09-08
579	297	19.98	2016-06-25	2016-07-02
581	578	18.43	2015-01-17	2015-01-24
585	128	15.38	2015-05-13	2015-05-20
587	103	51.00	2016-06-30	2016-07-07
588	1096	66.20	2015-04-26	2015-05-03
589	485	27.55	2015-05-24	2015-05-31
593	831	16.10	2016-09-22	2016-09-29
597	777	93.96	2016-08-25	2016-09-01
598	467	16.03	2016-07-14	2016-07-21
601	1278	29.26	2016-05-27	2016-06-03
602	1000	10.64	2016-01-01	2016-01-08
603	1070	22.93	2016-02-14	2016-02-21
605	1173	20.02	2015-04-28	2015-05-05
612	48	47.05	2015-10-14	2015-10-21
613	244	23.03	2016-01-19	2016-01-26
615	556	26.63	2015-07-11	2015-07-18
617	843	20.86	2015-05-15	2015-05-22
618	362	11.72	2016-02-10	2016-02-17
620	1325	81.02	2015-05-06	2015-05-13
623	697	79.42	2015-09-25	2015-10-02
626	639	15.42	2016-09-30	2016-10-07
630	1005	6.98	2015-05-10	2015-05-17
631	995	30.14	2016-01-26	2016-02-02
633	1950	39.06	2016-02-02	2016-02-09
634	156	31.57	2015-08-18	2015-08-25
637	1140	18.17	2015-11-16	2015-11-23
638	1742	10.66	2015-06-28	2015-07-05
641	640	36.28	2016-04-01	2016-04-08
645	1717	53.22	2015-09-13	2015-09-20
649	1806	11.64	2016-02-20	2016-02-27
651	562	6.89	2016-08-06	2016-08-13
653	1309	49.90	2016-02-10	2016-02-17
655	1007	9.82	2015-12-24	2015-12-31
656	1731	12.91	2016-06-01	2016-06-08
657	1215	50.39	2015-12-26	2016-01-02
659	343	10.99	2015-07-26	2015-08-02
660	1446	50.53	2016-03-27	2016-04-03
661	33	10.86	2015-01-06	2015-01-13
662	1448	9.50	2015-08-13	2015-08-20
664	1125	29.09	2016-03-03	2016-03-10
665	1563	43.52	2015-08-07	2015-08-14
667	1663	81.97	2016-05-06	2016-05-13
668	1536	31.30	2015-09-08	2015-09-15
669	1834	26.96	2015-07-22	2015-07-29
670	1259	43.28	2015-03-16	2015-03-23
674	630	13.34	2015-04-04	2015-04-11
676	138	29.89	2015-01-21	2015-01-28
679	107	8.62	2015-06-10	2015-06-17
681	1669	46.36	2016-05-16	2016-05-23
683	75	13.26	2016-04-17	2016-04-24
686	1855	14.34	2016-02-02	2016-02-09
687	1262	19.99	2015-07-13	2015-07-20
688	81	45.85	2015-11-15	2015-11-22
689	1280	21.56	2015-05-19	2015-05-26
692	118	10.60	2016-08-22	2016-08-29
693	42	19.36	2016-05-29	2016-06-05
694	58	29.65	2015-08-06	2015-08-13
704	1062	25.85	2015-06-14	2015-06-21
705	402	33.16	2016-01-20	2016-01-27
707	1781	87.52	2016-06-18	2016-06-25
710	1365	30.46	2015-12-16	2015-12-23
713	791	48.73	2015-06-16	2015-06-23
717	459	27.43	2016-09-27	2016-10-04
726	1829	8.09	2015-09-06	2015-09-13
727	959	23.56	2015-01-20	2015-01-27
730	141	47.28	2015-07-18	2015-07-25
731	772	37.08	2016-04-29	2016-05-06
732	533	12.42	2016-09-25	2016-10-02
735	1849	14.54	2016-08-08	2016-08-15
736	447	46.49	2016-09-11	2016-09-18
740	154	11.41	2016-04-13	2016-04-20
741	77	9.10	2015-08-28	2015-09-04
744	1924	27.70	2016-05-19	2016-05-26
747	864	39.16	2015-08-05	2015-08-12
751	1931	58.88	2015-04-29	2015-05-06
754	444	4.06	2016-08-14	2016-08-21
755	977	10.72	2015-03-12	2015-03-19
758	1242	61.67	2015-07-30	2015-08-06
761	1239	46.96	2016-02-21	2016-02-28
762	1351	31.45	2015-09-29	2015-10-06
764	264	67.48	2015-08-16	2015-08-23
769	1205	39.14	2015-12-16	2015-12-23
772	456	41.47	2015-07-11	2015-07-18
774	1592	37.24	2016-02-14	2016-02-21
776	1802	55.67	2015-02-24	2015-03-03
777	1486	11.48	2015-04-15	2015-04-22
783	559	31.56	2016-06-15	2016-06-22
784	1566	27.46	2015-06-07	2015-06-14
785	1876	66.77	2015-09-08	2015-09-15
789	489	20.45	2016-09-25	2016-10-02
790	1992	19.90	2016-05-21	2016-05-28
796	229	8.63	2016-07-19	2016-07-26
799	1942	14.47	2016-07-15	2016-07-22
802	1085	15.49	2015-12-13	2015-12-20
803	166	68.32	2016-07-14	2016-07-21
804	662	29.08	2015-01-27	2015-02-03
807	999	90.94	2016-03-29	2016-04-05
809	119	27.76	2016-07-30	2016-08-06
815	993	47.94	2015-06-05	2015-06-12
817	1579	28.78	2015-06-07	2015-06-14
819	24	66.54	2015-06-29	2015-07-06
821	479	19.07	2015-03-18	2015-03-25
822	676	25.92	2016-04-22	2016-04-29
823	1133	16.12	2016-02-01	2016-02-08
824	1088	28.15	2016-02-21	2016-02-28
829	328	17.02	2015-11-06	2015-11-13
831	1306	32.50	2015-11-11	2015-11-18
833	1694	17.34	2015-07-29	2015-08-05
836	477	31.25	2016-05-11	2016-05-18
837	1461	11.94	2015-11-05	2015-11-12
838	442	39.26	2015-12-31	2016-01-07
839	111	56.53	2015-12-25	2016-01-01
840	243	29.41	2015-07-07	2015-07-14
845	1029	20.86	2015-07-30	2015-08-06
848	223	9.10	2016-08-08	2016-08-15
852	737	20.68	2015-01-19	2015-01-26
857	1311	56.23	2015-05-23	2015-05-30
858	1283	39.71	2016-07-22	2016-07-29
859	131	50.20	2015-09-16	2015-09-23
860	1885	19.85	2016-06-21	2016-06-28
861	867	14.17	2015-01-18	2015-01-25
862	943	27.42	2015-04-16	2015-04-23
868	926	42.60	2016-08-17	2016-08-24
870	1982	88.98	2016-09-18	2016-09-25
872	871	34.87	2015-06-10	2015-06-17
873	1104	13.82	2016-05-30	2016-06-06
876	73	27.18	2015-12-21	2015-12-28
880	1511	47.18	2015-01-25	2015-02-01
881	1020	34.98	2016-05-28	2016-06-04
884	1627	8.00	2015-02-05	2015-02-12
887	106	14.75	2015-06-17	2015-06-24
890	6	10.76	2015-12-27	2016-01-03
892	1752	40.09	2016-02-14	2016-02-21
895	1975	10.22	2016-03-28	2016-04-04
896	1706	90.50	2016-04-08	2016-04-15
898	337	74.47	2016-03-29	2016-04-05
899	924	47.47	2016-04-04	2016-04-11
903	198	26.06	2015-06-08	2015-06-15
906	614	25.50	2016-08-26	2016-09-02
908	265	41.14	2016-06-11	2016-06-18
909	52	43.99	2015-01-20	2015-01-27
910	1182	11.76	2015-05-28	2015-06-04
912	576	11.27	2016-06-03	2016-06-10
914	677	24.23	2015-03-18	2015-03-25
915	1067	43.66	2015-09-12	2015-09-19
919	204	1.40	2015-02-02	2015-02-09
920	139	9.18	2016-06-01	2016-06-08
921	1405	62.24	2016-03-25	2016-04-01
922	1704	12.79	2015-05-17	2015-05-24
923	800	48.40	2016-01-17	2016-01-24
924	789	35.75	2016-02-09	2016-02-16
927	1776	11.08	2016-03-25	2016-04-01
929	1161	27.65	2016-09-14	2016-09-21
930	802	72.44	2015-09-24	2015-10-01
932	1629	9.22	2015-12-12	2015-12-19
933	1118	21.17	2015-11-17	2015-11-24
934	1600	9.14	2015-03-04	2015-03-11
935	1274	6.98	2016-03-05	2016-03-12
936	749	31.10	2015-04-16	2015-04-23
937	873	26.45	2016-04-04	2016-04-11
940	672	64.68	2016-09-18	2016-09-25
942	1435	78.50	2015-01-02	2015-01-09
943	1943	14.78	2016-02-22	2016-02-29
944	1252	14.40	2016-03-29	2016-04-05
945	1459	18.32	2015-03-21	2015-03-28
947	850	86.94	2015-12-14	2015-12-21
948	335	21.25	2016-06-30	2016-07-07
949	298	42.46	2016-05-14	2016-05-21
953	1638	46.61	2016-09-25	2016-10-02
954	1492	69.25	2015-11-16	2015-11-23
957	269	16.60	2015-11-08	2015-11-15
959	1189	11.48	2016-08-28	2016-09-04
963	1121	34.72	2015-03-10	2015-03-17
966	249	53.58	2015-10-17	2015-10-24
969	1530	27.84	2016-09-22	2016-09-29
972	1093	38.70	2015-05-21	2015-05-28
974	634	53.66	2015-06-22	2015-06-29
976	1810	8.54	2016-05-16	2016-05-23
977	113	52.72	2015-08-17	2015-08-24
978	64	21.46	2015-02-23	2015-03-02
982	714	43.38	2016-07-27	2016-08-03
983	1880	25.74	2016-02-25	2016-03-03
986	12	137.82	2015-02-20	2015-02-27
988	1808	23.56	2015-02-03	2015-02-10
990	1092	11.39	2015-09-07	2015-09-14
994	1689	8.58	2015-01-07	2015-01-14
995	648	33.04	2015-03-15	2015-03-22
998	1980	53.39	2016-03-07	2016-03-14
1001	611	10.37	2016-04-09	2016-04-16
1004	225	42.26	2015-05-22	2015-05-29
1006	1496	8.48	2015-02-05	2015-02-12
1007	1870	13.66	2016-05-17	2016-05-24
1008	1946	30.64	2016-03-22	2016-03-29
1011	1549	44.81	2015-11-04	2015-11-11
1014	1789	47.81	2015-10-10	2015-10-17
1016	1370	17.40	2016-04-21	2016-04-28
1018	940	22.98	2015-05-24	2015-05-31
1019	534	22.26	2016-07-06	2016-07-13
1021	281	39.47	2016-03-13	2016-03-20
1024	971	15.97	2016-04-03	2016-04-10
1032	632	51.55	2015-12-24	2015-12-31
1035	72	66.48	2016-01-25	2016-02-01
1037	1607	26.30	2016-04-18	2016-04-25
1039	575	11.54	2016-01-04	2016-01-11
1040	1997	14.15	2015-02-01	2015-02-08
1041	1263	9.86	2016-07-09	2016-07-16
1043	93	25.61	2015-07-03	2015-07-10
1048	469	49.26	2016-07-17	2016-07-24
1053	1948	31.55	2016-02-22	2016-02-29
1055	1002	14.59	2015-04-15	2015-04-22
1056	10	30.23	2015-12-25	2016-01-01
1057	1765	80.27	2015-07-11	2015-07-18
1059	682	26.62	2015-05-23	2015-05-30
1063	395	64.46	2016-09-16	2016-09-23
1064	1586	12.44	2015-05-22	2015-05-29
1071	324	20.64	2015-12-11	2015-12-18
1072	799	57.82	2015-07-27	2015-08-03
1074	1910	8.39	2016-01-14	2016-01-21
1077	597	42.62	2015-08-26	2015-09-02
1078	1804	36.05	2015-07-21	2015-07-28
1079	1363	24.13	2016-07-18	2016-07-25
1084	1087	18.58	2016-01-25	2016-02-01
1088	978	20.94	2015-10-07	2015-10-14
1090	876	40.60	2016-04-27	2016-05-04
1092	1976	47.34	2015-08-16	2015-08-23
1093	1220	15.01	2015-08-30	2015-09-06
1094	729	40.12	2016-04-08	2016-04-15
1097	180	12.73	2015-08-15	2015-08-22
1101	882	51.96	2016-03-02	2016-03-09
1105	1648	44.69	2015-03-24	2015-03-31
1107	784	63.76	2015-02-12	2015-02-19
1108	1457	57.49	2015-03-27	2015-04-03
1110	1230	50.35	2016-06-26	2016-07-03
1112	1686	64.27	2015-09-08	2015-09-15
1113	1915	12.20	2015-09-07	2015-09-14
1121	1183	21.85	2015-09-25	2015-10-02
1126	95	9.56	2015-11-08	2015-11-15
1127	756	29.64	2015-04-07	2015-04-14
1129	1848	11.93	2016-06-17	2016-06-24
1134	294	10.82	2015-12-22	2015-12-29
1137	1718	29.39	2016-07-26	2016-08-02
1138	1159	45.23	2016-09-26	2016-10-03
1139	595	36.79	2016-09-01	2016-09-08
1140	1993	40.45	2016-06-27	2016-07-04
1141	669	33.16	2016-05-19	2016-05-26
1144	1250	11.76	2016-09-18	2016-09-25
1146	1371	43.39	2016-06-12	2016-06-19
1147	5	63.56	2015-08-02	2015-08-09
1149	1360	25.62	2015-04-08	2015-04-15
1151	1487	24.26	2015-10-23	2015-10-30
1152	214	8.50	2015-09-17	2015-09-24
1153	609	69.29	2016-01-04	2016-01-11
1157	1854	78.50	2016-03-15	2016-03-22
1158	1078	37.42	2016-02-28	2016-03-06
1159	1702	15.73	2016-09-07	2016-09-14
1160	259	14.48	2015-09-06	2015-09-13
1164	254	40.92	2016-02-13	2016-02-20
1165	143	78.10	2016-01-10	2016-01-17
1167	1279	15.43	2015-01-25	2015-02-01
1172	1497	99.49	2016-08-13	2016-08-20
1173	1761	21.30	2015-12-27	2016-01-03
1176	581	62.46	2015-05-27	2015-06-03
1178	1727	18.30	2015-06-12	2015-06-19
1180	1464	15.46	2015-11-02	2015-11-09
1183	1347	51.64	2015-07-20	2015-07-27
1186	1998	19.66	2015-07-29	2015-08-05
1189	1143	25.09	2015-06-16	2015-06-23
1191	1396	28.70	2015-09-28	2015-10-05
1192	1438	54.71	2016-09-27	2016-10-04
1196	1282	18.61	2015-05-12	2015-05-19
1199	721	33.47	2015-03-05	2015-03-12
1201	432	39.00	2016-07-16	2016-07-23
1204	440	14.41	2015-11-27	2015-12-04
1205	1049	27.26	2015-12-08	2015-12-15
1206	1656	36.94	2015-05-20	2015-05-27
1207	1825	63.04	2015-07-05	2015-07-12
1210	572	34.81	2015-03-11	2015-03-18
1214	162	36.30	2015-12-27	2016-01-03
1215	1109	37.91	2015-10-18	2015-10-25
1221	704	8.05	2015-09-20	2015-09-27
1223	1949	30.60	2015-10-11	2015-10-18
1226	1066	96.12	2016-02-05	2016-02-12
1227	580	37.20	2016-07-28	2016-08-04
1228	849	12.02	2015-07-15	2015-07-22
1231	1039	11.64	2015-05-26	2015-06-02
1233	1554	45.76	2015-12-05	2015-12-12
1235	1606	51.95	2015-12-14	2015-12-21
1236	1186	26.52	2016-01-18	2016-01-25
1239	359	25.92	2016-07-19	2016-07-26
1241	1835	19.32	2015-06-12	2015-06-19
1243	1979	31.32	2016-05-04	2016-05-11
1246	1933	28.30	2015-04-07	2015-04-14
1249	1753	33.95	2015-11-10	2015-11-17
1251	1301	13.51	2016-03-18	2016-03-25
1252	1821	39.71	2015-02-17	2015-02-24
1253	1372	23.82	2015-08-09	2015-08-16
1254	1844	35.71	2016-01-22	2016-01-29
1256	1142	15.74	2015-02-18	2015-02-25
1259	78	26.66	2016-03-13	2016-03-20
1261	165	47.98	2015-02-25	2015-03-04
1265	396	42.60	2016-06-24	2016-07-01
1266	554	17.18	2015-01-04	2015-01-11
1274	1739	35.64	2016-05-03	2016-05-10
1278	493	12.19	2016-03-20	2016-03-27
1280	734	38.20	2015-09-08	2015-09-15
1286	1552	16.46	2015-10-09	2015-10-16
1290	829	54.71	2015-11-30	2015-12-07
1294	435	47.34	2016-07-16	2016-07-23
1298	1917	26.08	2015-01-03	2015-01-10
1302	1944	12.37	2016-09-04	2016-09-11
1303	870	31.97	2016-07-30	2016-08-06
1304	1228	17.10	2015-03-26	2015-04-02
1306	1362	8.98	2015-11-30	2015-12-07
1317	26	46.90	2016-06-06	2016-06-13
1318	1426	30.71	2015-05-22	2015-05-29
1319	730	24.04	2015-01-14	2015-01-21
1321	1720	13.38	2016-01-01	2016-01-08
1322	1707	64.82	2015-04-10	2015-04-17
1328	47	13.00	2015-12-30	2016-01-06
1329	915	9.38	2015-06-11	2015-06-18
1331	1527	13.24	2016-03-02	2016-03-09
1332	1410	21.66	2015-03-07	2015-03-14
1339	1276	24.52	2016-06-11	2016-06-18
1345	1456	32.24	2015-10-17	2015-10-24
1349	117	6.84	2015-07-16	2015-07-23
1352	125	10.40	2015-06-24	2015-07-01
1355	1091	8.89	2015-06-05	2015-06-12
1358	67	8.57	2015-04-23	2015-04-30
1359	863	12.66	2015-02-26	2015-03-05
1361	1499	60.65	2016-07-05	2016-07-12
1364	1222	16.60	2015-06-26	2015-07-03
1365	1790	37.03	2016-06-17	2016-06-24
1367	1682	17.45	2015-12-27	2016-01-03
1368	1324	51.12	2015-04-21	2015-04-28
1369	1640	32.21	2016-01-17	2016-01-24
1370	1198	17.39	2015-04-01	2015-04-08
1371	54	24.98	2015-07-11	2015-07-18
1376	979	19.90	2015-07-24	2015-07-31
1381	1787	0.98	2016-09-05	2016-09-12
1386	171	19.25	2015-04-03	2015-04-10
1391	406	44.51	2015-04-04	2015-04-11
1394	1832	33.24	2015-06-08	2015-06-15
1396	1035	12.94	2015-12-17	2015-12-24
1402	1874	62.57	2015-04-07	2015-04-14
1403	394	17.77	2015-09-29	2015-10-06
1405	1818	4.43	2016-05-24	2016-05-31
1406	101	27.77	2015-02-28	2015-03-07
1407	1857	17.03	2015-07-05	2015-07-12
1410	814	11.88	2015-01-17	2015-01-24
1411	506	15.89	2015-08-16	2015-08-23
1415	305	38.57	2015-06-25	2015-07-02
1419	1501	36.96	2015-06-25	2015-07-02
1423	520	8.14	2015-10-07	2015-10-14
1424	86	40.36	2015-09-26	2015-10-03
1427	664	10.86	2016-02-28	2016-03-06
1430	557	12.34	2015-05-30	2015-06-06
1432	1399	38.21	2015-11-05	2015-11-12
1433	1257	25.66	2015-10-29	2015-11-05
1434	698	88.04	2016-01-26	2016-02-02
1436	245	22.39	2016-07-28	2016-08-04
1437	1947	8.00	2016-01-06	2016-01-13
1440	413	23.80	2015-08-12	2015-08-19
1442	416	13.96	2016-06-17	2016-06-24
1443	1680	44.66	2016-09-09	2016-09-16
1445	1163	32.14	2015-08-26	2015-09-02
1446	1171	14.10	2015-11-05	2015-11-12
1449	282	43.90	2015-06-18	2015-06-25
1452	1236	36.12	2015-02-14	2015-02-21
1453	366	33.83	2016-01-11	2016-01-18
1455	1785	18.70	2015-06-30	2015-07-07
1456	371	14.50	2015-11-13	2015-11-20
1462	1972	12.34	2016-05-20	2016-05-27
1464	1506	22.72	2015-02-10	2015-02-17
1466	1760	8.70	2015-03-30	2015-04-06
1471	1412	45.00	2015-09-23	2015-09-30
1474	473	8.40	2016-09-04	2016-09-11
1477	342	10.33	2015-07-10	2015-07-17
1489	1266	31.21	2015-11-10	2015-11-17
1490	49	33.60	2015-03-28	2015-04-04
1492	539	10.66	2016-01-01	2016-01-08
1493	175	14.77	2015-04-11	2015-04-18
1494	1327	16.22	2016-04-10	2016-04-17
1495	1298	35.71	2016-04-25	2016-05-02
1498	23	14.69	2016-04-05	2016-04-12
1499	1676	41.69	2016-07-16	2016-07-23
1507	1538	23.21	2016-06-26	2016-07-03
1509	1059	19.51	2015-03-03	2015-03-10
1510	1364	65.98	2015-07-04	2015-07-11
1512	222	16.49	2015-01-25	2015-02-01
1519	751	16.08	2015-10-02	2015-10-09
1522	260	22.20	2015-03-05	2015-03-12
1523	421	43.90	2016-01-24	2016-01-31
1524	418	13.73	2015-09-15	2015-09-22
1526	1349	49.75	2016-01-19	2016-01-26
1527	723	54.40	2016-05-07	2016-05-14
1528	1416	96.97	2015-08-30	2015-09-06
1530	711	49.07	2016-08-15	2016-08-22
1531	492	21.44	2015-03-04	2015-03-11
1533	331	21.61	2016-05-10	2016-05-17
1534	1852	21.42	2015-11-02	2015-11-09
1535	336	12.37	2016-02-11	2016-02-18
1537	483	10.07	2016-08-25	2016-09-01
1538	1819	45.06	2015-06-11	2015-06-18
1539	1138	37.85	2016-02-12	2016-02-19
1540	1258	50.82	2016-08-26	2016-09-02
1544	1792	13.02	2015-05-18	2015-05-25
1546	1235	15.78	2015-03-09	2015-03-16
1551	830	13.84	2016-05-20	2016-05-27
1552	1333	30.02	2015-12-21	2015-12-28
1556	1926	55.39	2015-03-08	2015-03-15
1557	1011	20.10	2016-09-20	2016-09-27
1558	364	22.70	2016-03-14	2016-03-21
1559	1275	38.83	2016-07-23	2016-07-30
1561	1809	50.45	2015-10-09	2015-10-16
1564	315	8.39	2015-07-21	2015-07-28
1565	994	24.64	2016-03-09	2016-03-16
1570	969	15.82	2015-02-07	2015-02-14
1574	151	8.59	2015-02-09	2015-02-16
1579	465	11.26	2016-03-27	2016-04-03
1581	1805	37.52	2016-04-09	2016-04-16
1582	91	40.10	2015-10-27	2015-11-03
1587	491	35.58	2015-11-19	2015-11-26
1589	197	9.80	2015-02-04	2015-02-11
1591	1935	17.21	2016-08-06	2016-08-13
1594	582	52.52	2016-05-26	2016-06-02
1598	499	40.21	2016-03-15	2016-03-22
1599	1016	56.32	2015-06-10	2015-06-17
1602	182	12.17	2015-02-27	2015-03-06
1603	227	28.04	2015-03-29	2015-04-05
1607	1713	18.54	2016-07-28	2016-08-04
1609	1158	32.45	2015-06-25	2015-07-02
1610	199	30.10	2015-09-02	2015-09-09
1616	1545	8.51	2016-03-25	2016-04-01
1617	833	7.22	2016-08-04	2016-08-11
1623	1744	42.66	2016-09-21	2016-09-28
1624	487	23.66	2015-05-30	2015-06-06
1631	897	6.10	2015-04-07	2015-04-14
1633	1878	56.87	2015-06-16	2015-06-23
1637	834	33.30	2016-07-23	2016-07-30
1644	624	29.04	2015-10-04	2015-10-11
1646	293	48.96	2015-02-26	2015-03-05
1647	965	31.82	2015-05-02	2015-05-09
1649	164	22.76	2016-02-07	2016-02-14
1656	238	13.93	2015-08-09	2015-08-16
1657	1984	92.05	2015-10-14	2015-10-21
1658	1373	17.18	2016-01-04	2016-01-11
1659	194	68.08	2016-01-06	2016-01-13
1660	1100	54.30	2015-05-09	2015-05-16
1661	412	50.29	2015-02-10	2015-02-17
1662	1877	14.11	2016-03-13	2016-03-20
1665	1473	10.86	2016-07-20	2016-07-27
1666	888	24.55	2015-11-10	2015-11-17
1670	1232	24.41	2015-09-28	2015-10-05
1671	1800	26.16	2016-03-15	2016-03-22
1672	280	23.08	2015-06-16	2015-06-23
1673	1517	56.65	2016-07-22	2016-07-29
1674	866	13.00	2016-09-29	2016-10-06
1677	348	0.98	2016-08-06	2016-08-13
1678	55	45.56	2015-06-24	2015-07-01
1679	1303	25.63	2016-01-26	2016-02-02
1681	901	47.16	2015-07-15	2015-07-22
1682	522	14.92	2015-10-01	2015-10-08
1684	1400	11.78	2015-08-29	2015-09-05
1686	1961	8.05	2015-11-27	2015-12-04
1688	839	8.58	2015-04-17	2015-04-24
1689	358	8.66	2016-07-22	2016-07-29
1690	1414	44.71	2015-05-08	2015-05-15
1691	1639	16.45	2015-05-20	2015-05-27
1692	1553	35.86	2015-10-10	2015-10-17
1694	277	11.10	2016-03-07	2016-03-14
1695	1729	26.17	2015-10-31	2015-11-07
1696	956	26.04	2015-11-23	2015-11-30
1699	746	60.02	2015-09-13	2015-09-20
1701	532	22.08	2016-07-09	2016-07-16
1702	535	17.36	2016-08-30	2016-09-06
1703	1515	23.12	2016-01-03	2016-01-10
1704	1989	68.74	2015-02-23	2015-03-02
1705	40	55.58	2015-05-08	2015-05-15
1714	351	30.98	2015-12-01	2015-12-08
1716	1740	41.48	2015-08-29	2015-09-05
1720	642	54.10	2015-09-17	2015-09-24
3205	1812	37.04	2015-02-27	2015-03-06
3255	517	54.00	2016-06-26	2016-07-03
3305	1662	96.11	2015-05-03	2015-05-10
3355	923	20.21	2016-01-25	2016-02-01
3405	847	14.22	2016-07-15	2016-07-22
\.


--
-- Name: invoices_invid_seq; Type: SEQUENCE SET; Schema: public; Owner: -
--

SELECT pg_catalog.setval('invoices_invid_seq', 3431, false);


--
-- Data for Name: payments; Type: TABLE DATA; Schema: public; Owner: -
--

COPY payments (payid, tstamp, amount, invid) FROM stdin;
\.


--
-- PostgreSQL database dump complete
--

