-- drop tables
DROP TABLE IF EXISTS payments;
DROP TABLE IF EXISTS invoices;
DROP TABLE IF EXISTS details;
DROP TABLE IF EXISTS orders;
DROP TABLE IF EXISTS products;
DROP TABLE IF EXISTS customers;

CREATE TABLE Customers (
    custid   INTEGER PRIMARY KEY,
    cname    VARCHAR(14),
    country  CHAR(3)
);

CREATE TABLE Products (
    pcode    INTEGER PRIMARY KEY,
    pname    VARCHAR(10),
    pdesc    VARCHAR(20),
    ptype    VARCHAR(20),
    price    NUMERIC(6,2)
    CHECK ( price > 0 )
);

CREATE TABLE Orders (
    ordid    INTEGER PRIMARY KEY,
    odate    DATE,
    ocust    INTEGER NOT NULL REFERENCES Customers
);

CREATE TABLE Details (
    ordid    INTEGER REFERENCES Orders,
    pcode    INTEGER REFERENCES Products,
    qty      SMALLINT,
    PRIMARY KEY (ordid, pcode)
);

CREATE TABLE Invoices (
    invid    SERIAL PRIMARY KEY,
    ordid    INTEGER NOT NULL UNIQUE REFERENCES Orders,
    amount   NUMERIC(8,2) CHECK ( amount > 0 ),
    issued   DATE,
    due      DATE,
    CHECK ( due >= issued )
);

CREATE TABLE Payments (
    payid    INTEGER PRIMARY KEY,
    tstamp   TIMESTAMP,
    amount   NUMERIC(8,2) CHECK ( amount > 0 ),
    invid    INTEGER NOT NULL REFERENCES Invoices
);
--
-- PostgreSQL database dump
--

--
-- Data for Name: customers; Type: TABLE DATA; Schema: public; Owner: -
--

COPY customers (custid, cname, country) FROM stdin;
1	Danial	CHN
2	Maryam	ITA
3	Roger	JPN
4	Derrick	JPN
5	Mistie	CHN
6	James	USA
7	Teresia	ITA
8	Andrew	USA
9	Tamekia	GBR
10	Abram	JPN
11	Theresa	GBR
12	Maire	ITA
13	Deb	ITA
14	Willard	ITA
15	Lorretta	JPN
16	Carlos	GBR
17	Steve	ITA
18	Emogene	CHN
19	Bronwyn	USA
20	Kareem	CHN
21	Floyd	GBR
22	Jan	JPN
23	Paul	USA
24	Hazel	GBR
25	Matha	CHN
26	Jessia	CHN
27	Reta	USA
28	Frankie	JPN
29	Norma	JPN
30	Fermin	CHN
31	Melida	CHN
32	Johnson	CHN
33	Georgette	USA
34	Brett	GBR
35	James	CHN
36	Aleida	JPN
37	Joseph	GBR
38	Raylene	JPN
39	Natashia	ITA
40	Maris	ITA
41	Otis	CHN
42	Claris	USA
43	Victoria	CHN
44	Jenise	GBR
45	Francis	CHN
46	Grant	ITA
47	Deann	GBR
48	Sherika	JPN
49	John	GBR
50	Cordell	GBR
51	Cesar	CHN
52	Kaci	CHN
53	Jodi	ITA
54	Joey	USA
55	Lurlene	CHN
56	Herman	ITA
57	Nettie	USA
58	Carlos	USA
59	Corinna	JPN
60	Tanisha	GBR
61	Wayne	GBR
62	Yolando	JPN
63	Martha	USA
64	Dannie	GBR
65	Anastacia	ITA
66	Shante	GBR
67	Renita	CHN
68	Patricia	JPN
69	Arletta	USA
70	Margret	CHN
71	Gudrun	ITA
72	Myrl	USA
73	Ping	USA
74	Tyesha	GBR
75	Traci	CHN
76	Nancy	ITA
77	Edna	JPN
78	Carmen	CHN
79	Tom	JPN
80	Tora	GBR
81	Francis	ITA
82	Felica	CHN
83	Jacalyn	GBR
84	Alaine	JPN
85	Zack	USA
86	Jerome	CHN
87	Holly	CHN
88	Lola	CHN
89	Margene	USA
90	Terry	USA
91	Edgar	USA
92	Cythia	CHN
93	Colton	ITA
94	Mimi	GBR
95	Ines	ITA
96	Kassandra	GBR
97	Herbert	CHN
98	Marion	GBR
99	Vita	GBR
100	Kirby	GBR
167	Anja	CZE
188	Myrto	GRC
\.


--
-- Data for Name: orders; Type: TABLE DATA; Schema: public; Owner: -
--

COPY orders (ordid, odate, ocust) FROM stdin;
1	2016-02-07	69
2	2015-01-01	65
3	2015-05-14	59
4	2015-02-09	64
5	2015-04-13	32
6	2015-06-28	19
7	2015-09-10	36
8	2015-01-31	68
9	2015-05-07	23
10	2015-10-24	1
11	2015-10-11	99
12	2016-08-25	85
13	2015-11-17	7
14	2015-07-10	94
15	2015-12-09	2
16	2016-01-30	35
17	2015-02-02	82
18	2016-05-30	87
19	2016-04-02	48
20	2015-12-26	17
21	2016-06-28	59
22	2016-05-16	1
23	2015-12-05	10
24	2015-12-05	90
25	2015-03-01	68
26	2015-05-15	63
27	2015-03-29	21
28	2015-08-09	84
29	2015-04-12	60
30	2015-04-15	59
31	2015-12-21	98
32	2015-09-07	54
33	2016-06-19	98
34	2015-05-11	32
35	2015-01-16	95
36	2016-03-04	54
37	2015-03-22	81
38	2016-03-17	54
39	2015-12-31	47
40	2015-04-04	29
41	2016-09-21	7
42	2016-06-22	41
43	2016-03-21	41
44	2016-08-05	23
45	2016-02-10	65
46	2016-07-31	4
47	2016-02-14	8
48	2015-09-13	4
49	2015-07-27	58
50	2015-10-28	6
51	2016-09-17	40
52	2016-03-23	30
53	2016-02-24	84
54	2015-04-14	31
55	2015-05-31	66
56	2016-09-30	82
57	2015-01-16	88
58	2016-01-08	48
59	2016-08-25	61
60	2016-03-26	25
61	2015-02-11	78
62	2015-08-09	80
63	2016-01-15	93
64	2015-02-20	52
65	2015-08-27	19
66	2016-02-16	43
67	2015-09-10	14
68	2015-09-03	27
69	2015-04-16	9
70	2016-08-18	96
71	2016-08-10	64
72	2015-01-22	10
73	2015-09-12	91
74	2015-02-25	56
75	2015-06-02	26
76	2016-01-25	26
77	2015-10-02	72
78	2016-01-01	97
79	2015-04-09	5
80	2015-02-14	94
81	2016-09-27	49
82	2015-10-21	81
83	2016-07-13	94
84	2015-10-28	66
85	2015-01-23	65
86	2015-05-19	20
87	2015-03-28	14
88	2016-07-05	13
89	2015-01-02	4
90	2015-09-24	45
91	2016-08-20	77
92	2015-01-01	18
93	2016-08-07	6
94	2015-12-05	52
95	2015-10-26	46
96	2016-04-02	96
97	2015-01-19	57
98	2016-05-20	14
99	2016-02-01	23
100	2015-02-04	4
101	2015-06-09	39
102	2016-08-10	71
103	2016-01-27	2
104	2015-12-20	35
105	2015-01-05	38
106	2015-05-09	22
107	2015-12-24	21
108	2015-04-20	33
109	2015-09-25	36
110	2016-06-20	26
111	2016-09-24	13
112	2015-03-17	38
113	2015-09-24	40
114	2016-07-30	77
115	2016-01-28	73
116	2016-03-13	90
117	2015-12-22	14
118	2015-03-09	37
119	2015-09-23	14
120	2015-12-04	44
121	2015-02-02	39
122	2016-09-17	83
123	2015-02-22	7
124	2016-04-18	31
125	2016-03-14	26
126	2016-06-09	35
127	2016-07-06	50
128	2016-07-31	8
129	2015-02-22	31
130	2016-08-28	63
131	2016-07-08	58
132	2015-08-04	96
133	2016-02-12	65
134	2016-06-22	100
135	2015-07-12	10
136	2015-10-02	51
137	2016-08-06	59
138	2016-03-16	43
139	2015-11-26	65
140	2015-07-08	63
141	2015-12-07	51
142	2015-03-12	96
143	2016-04-15	72
144	2016-01-29	65
145	2015-05-20	31
146	2016-06-29	92
147	2015-07-25	3
148	2015-01-08	40
149	2016-02-11	1
150	2016-04-30	86
151	2016-01-12	43
152	2016-09-24	53
153	2015-01-15	18
154	2015-02-20	76
155	2015-09-17	10
156	2016-05-12	63
157	2016-04-18	32
158	2015-11-11	78
159	2016-02-16	80
160	2016-08-11	30
161	2015-10-23	10
162	2015-07-25	70
163	2015-01-22	17
164	2016-02-02	40
165	2015-03-14	71
166	2015-10-01	93
167	2016-05-12	66
168	2015-08-05	56
169	2015-11-29	86
170	2016-07-31	99
171	2015-05-10	9
172	2015-07-17	68
173	2016-05-29	81
174	2015-05-27	10
175	2016-04-30	24
176	2016-03-16	11
177	2015-08-17	48
178	2016-05-21	100
179	2015-09-13	95
180	2016-08-26	77
181	2015-12-16	97
182	2015-05-12	56
183	2015-11-04	98
184	2015-09-30	1
185	2016-06-21	93
186	2016-02-28	69
187	2015-11-04	21
188	2015-05-16	12
189	2015-08-31	5
190	2016-03-23	32
191	2016-04-24	48
192	2015-03-09	19
193	2015-11-10	29
194	2016-07-09	72
195	2015-02-17	94
196	2016-07-24	21
197	2015-01-01	56
198	2016-02-23	58
199	2016-07-29	1
200	2015-03-07	55
201	2015-03-15	56
202	2016-07-25	57
203	2015-06-15	53
204	2016-08-24	29
205	2015-09-17	91
206	2016-04-27	28
207	2015-02-10	73
208	2016-01-14	65
209	2015-09-19	24
210	2015-09-01	78
211	2016-01-11	67
212	2015-10-28	22
213	2015-02-21	17
214	2016-08-05	7
215	2015-05-21	84
216	2016-07-11	35
217	2015-11-09	94
218	2016-09-30	68
219	2015-07-04	8
220	2016-07-19	99
221	2016-05-31	2
222	2015-06-01	61
223	2015-03-08	52
224	2015-11-30	96
225	2015-01-08	80
226	2015-05-12	100
227	2016-06-22	1
228	2015-03-19	47
229	2015-01-06	2
230	2016-02-29	64
231	2015-05-02	65
232	2015-12-06	65
233	2015-09-03	97
234	2016-03-08	80
235	2015-07-08	14
236	2016-02-22	52
237	2016-04-28	84
238	2015-08-23	37
239	2016-05-17	40
240	2016-09-18	31
241	2016-01-30	7
242	2016-02-08	96
243	2015-08-09	32
244	2015-10-31	54
245	2015-07-07	59
246	2016-05-27	61
247	2016-08-22	92
248	2016-01-14	18
249	2015-12-10	69
250	2015-02-23	54
251	2016-08-31	95
252	2015-03-23	6
253	2015-11-27	47
254	2015-03-26	53
255	2015-02-18	20
256	2015-05-01	83
257	2015-11-24	51
258	2015-05-27	29
259	2015-03-09	30
260	2015-12-11	63
261	2016-03-09	38
262	2015-05-22	48
263	2015-05-08	60
264	2015-09-05	18
265	2015-02-27	29
266	2015-10-18	87
267	2015-09-18	51
268	2016-04-15	77
269	2016-06-12	83
270	2016-03-20	81
271	2016-08-26	54
272	2016-08-26	7
273	2016-01-01	5
274	2015-06-28	91
275	2015-12-30	13
276	2015-09-30	1
277	2016-07-05	30
278	2016-09-04	41
279	2015-06-04	11
280	2016-03-18	30
281	2016-09-02	39
282	2016-07-11	80
283	2016-01-12	87
284	2015-08-25	72
285	2015-10-25	63
286	2015-11-25	18
287	2016-04-20	89
288	2016-01-20	47
289	2015-03-01	62
290	2016-02-04	15
291	2015-01-20	26
292	2016-06-12	60
293	2015-04-27	38
294	2016-09-20	12
295	2015-09-29	83
296	2015-12-20	69
297	2015-06-03	64
298	2015-03-19	79
299	2015-03-14	72
300	2016-07-18	43
301	2015-11-16	93
302	2015-07-08	15
303	2016-09-19	75
304	2016-09-11	25
305	2016-08-20	32
306	2015-06-24	94
307	2016-02-29	97
308	2015-11-08	9
309	2016-08-06	47
310	2015-05-04	69
311	2015-06-18	62
312	2015-01-20	56
313	2016-06-05	51
314	2016-09-23	75
315	2015-10-08	77
316	2015-05-27	100
317	2015-05-28	63
318	2016-05-08	91
319	2015-03-29	29
320	2015-07-29	61
321	2015-12-29	92
322	2015-12-01	93
323	2015-03-28	25
324	2016-03-20	90
325	2016-02-18	15
326	2016-05-23	48
327	2015-08-14	4
328	2015-12-03	94
329	2016-07-05	87
330	2016-03-30	99
331	2015-02-17	75
332	2016-06-28	44
333	2015-12-23	66
334	2015-01-04	85
335	2015-11-05	93
336	2016-03-20	13
337	2016-01-11	27
338	2015-12-09	86
339	2015-06-24	32
340	2016-07-17	30
341	2015-09-14	7
342	2016-06-01	43
343	2016-04-09	23
344	2015-11-27	29
345	2015-05-02	66
346	2015-08-20	92
347	2015-11-21	51
348	2015-11-25	80
349	2016-04-01	8
350	2016-08-04	26
351	2015-03-13	57
352	2015-02-20	26
353	2016-01-28	53
354	2015-04-19	9
355	2015-05-15	72
356	2015-01-27	44
357	2016-06-28	18
358	2016-05-24	40
359	2015-12-26	54
360	2015-07-04	10
361	2015-07-02	66
362	2015-11-15	15
363	2015-11-19	82
364	2016-05-29	59
365	2015-08-23	23
366	2016-02-05	40
367	2015-08-05	50
368	2016-07-19	24
369	2015-07-07	13
370	2016-07-11	2
371	2016-04-29	65
372	2015-05-19	88
373	2016-02-01	28
374	2015-12-09	48
375	2016-03-08	82
376	2016-09-17	1
377	2016-05-18	24
378	2015-04-09	6
379	2016-04-28	25
380	2015-09-07	63
381	2015-07-12	16
382	2016-03-15	45
383	2015-03-26	68
384	2015-11-23	16
385	2016-04-30	89
386	2016-05-05	31
387	2016-02-06	88
388	2015-10-20	71
389	2015-10-21	86
390	2016-05-26	20
391	2016-07-13	77
392	2016-03-02	49
393	2015-05-24	45
394	2015-08-31	10
395	2015-08-22	50
396	2015-04-27	64
397	2015-02-20	46
398	2016-03-15	80
399	2016-07-18	52
400	2015-05-20	62
401	2016-01-02	44
402	2016-05-20	63
403	2015-05-01	77
404	2016-02-22	55
405	2016-08-02	14
406	2016-05-07	66
407	2015-03-23	52
408	2016-04-13	76
409	2015-07-06	56
410	2016-01-09	42
411	2015-01-17	2
412	2016-06-03	23
413	2015-06-30	79
414	2016-05-04	95
415	2016-09-14	24
416	2015-10-20	1
417	2016-09-29	74
418	2015-04-17	16
419	2016-09-01	52
420	2015-05-13	34
421	2016-01-16	63
422	2015-05-10	57
423	2015-06-28	66
424	2015-03-09	78
425	2015-07-27	76
426	2015-03-14	82
427	2016-08-12	29
428	2015-03-19	87
429	2015-11-18	44
430	2015-08-20	66
431	2016-09-10	18
432	2015-12-25	92
433	2015-06-15	24
434	2016-07-26	55
435	2015-02-12	1
436	2016-08-21	77
437	2016-01-26	20
438	2015-10-02	23
439	2016-06-12	88
440	2016-02-22	45
441	2015-04-03	20
442	2016-02-15	72
443	2015-01-16	47
444	2016-02-25	71
445	2015-07-17	4
446	2016-08-03	97
447	2016-03-05	99
448	2016-08-01	36
449	2015-04-14	65
450	2015-05-23	55
451	2016-08-12	52
452	2015-06-19	41
453	2015-10-07	78
454	2016-05-03	2
455	2016-01-29	64
456	2015-12-05	6
457	2016-07-20	63
458	2016-01-20	4
459	2015-04-02	74
460	2016-01-02	39
461	2015-12-22	29
462	2015-03-08	18
463	2015-10-01	71
464	2016-01-18	27
465	2015-11-04	8
466	2016-06-09	9
467	2015-09-15	62
468	2016-09-02	29
469	2015-06-20	31
470	2015-09-07	93
471	2016-06-12	65
472	2015-05-09	7
473	2016-01-20	35
474	2015-10-24	83
475	2016-02-16	11
476	2015-04-07	35
477	2016-07-27	84
478	2016-06-11	6
479	2016-05-19	46
480	2016-09-22	4
481	2015-06-30	82
482	2015-08-30	21
483	2015-01-16	68
484	2016-06-22	78
485	2015-04-10	99
486	2015-03-12	6
487	2016-05-27	92
488	2016-09-22	76
489	2016-05-17	89
490	2016-02-05	65
491	2016-08-11	7
492	2016-09-16	81
493	2015-03-26	29
494	2016-09-23	35
495	2015-11-28	53
496	2016-03-13	71
497	2015-08-07	24
498	2016-08-14	15
499	2015-07-28	66
500	2015-05-19	33
501	2016-04-20	100
502	2016-01-14	82
503	2015-03-04	6
504	2015-03-24	87
505	2015-08-21	39
506	2016-06-06	73
507	2015-02-12	46
508	2015-02-11	4
509	2016-06-12	19
510	2015-01-16	74
511	2015-10-10	73
512	2015-04-29	49
513	2015-06-15	81
514	2015-12-27	43
515	2015-07-12	67
516	2016-08-04	64
517	2016-03-12	95
518	2016-03-01	1
519	2015-12-22	83
520	2016-01-07	69
521	2016-06-20	28
522	2015-03-06	83
523	2015-12-20	86
524	2016-09-10	89
525	2015-11-07	35
526	2015-06-16	58
527	2016-06-25	11
528	2015-08-24	21
529	2015-02-19	57
530	2016-09-22	89
531	2015-07-14	74
532	2015-09-27	54
533	2016-05-20	41
534	2015-03-11	17
535	2015-04-25	75
536	2015-05-29	89
537	2016-03-08	33
538	2015-05-28	55
539	2016-07-10	88
540	2016-03-07	86
541	2016-02-08	75
542	2015-01-22	14
543	2015-02-24	59
544	2015-05-03	33
545	2016-09-25	83
546	2015-06-13	25
547	2016-07-22	63
548	2015-10-16	47
549	2016-02-25	56
550	2016-01-03	62
551	2015-10-16	32
552	2015-10-25	94
553	2015-12-17	72
554	2015-10-27	62
555	2016-01-09	48
556	2015-06-29	73
557	2015-01-12	82
558	2015-06-15	3
559	2015-07-17	42
560	2016-02-19	18
561	2015-12-27	65
562	2016-07-12	49
563	2015-04-21	41
564	2015-10-12	6
565	2015-06-09	100
566	2015-09-09	16
567	2016-08-17	94
568	2016-04-15	94
569	2015-02-05	40
570	2015-08-14	7
571	2016-03-18	26
572	2016-05-18	81
573	2015-03-16	39
574	2016-05-15	77
575	2015-10-05	81
576	2015-02-25	32
577	2015-02-12	22
578	2016-01-18	28
579	2016-05-29	52
580	2015-06-21	22
581	2016-09-18	18
582	2016-07-01	6
583	2016-08-22	67
584	2015-02-05	83
585	2015-12-19	23
586	2015-07-18	36
587	2015-05-30	5
588	2015-08-15	51
589	2015-09-14	7
590	2015-04-08	55
591	2016-02-25	54
592	2016-09-23	46
593	2015-03-03	49
594	2015-02-13	39
595	2015-07-02	53
596	2015-02-06	62
597	2016-05-21	18
598	2016-08-25	85
599	2015-08-30	65
600	2015-06-14	5
601	2015-11-11	9
602	2015-12-02	52
603	2016-09-09	80
604	2015-08-05	49
605	2015-06-14	24
606	2015-11-17	38
607	2015-10-18	51
608	2015-02-07	94
609	2016-03-28	78
610	2015-03-12	87
611	2016-09-29	7
612	2016-05-20	84
613	2016-02-17	24
614	2015-05-02	3
615	2015-06-13	66
616	2015-07-03	17
617	2015-01-01	85
618	2016-03-13	88
619	2016-03-09	31
620	2015-06-28	40
621	2015-01-16	90
622	2016-02-01	76
623	2015-05-27	83
624	2016-07-20	98
625	2016-07-05	75
626	2016-01-14	57
627	2016-02-15	86
628	2016-03-13	55
629	2015-06-25	27
630	2016-09-26	68
631	2015-08-29	72
632	2015-11-11	21
633	2015-12-11	23
634	2015-12-14	88
635	2015-12-29	22
636	2016-01-28	60
637	2016-09-06	86
638	2015-04-08	3
639	2015-07-16	91
640	2016-04-02	8
641	2015-08-01	15
642	2015-12-06	37
643	2016-05-12	2
644	2015-03-08	34
645	2016-06-01	6
646	2016-07-19	63
647	2016-08-10	99
648	2016-09-06	68
649	2016-07-29	55
650	2016-03-08	23
651	2016-04-16	54
652	2016-03-28	72
653	2016-01-06	17
654	2016-01-03	46
655	2015-10-01	77
656	2016-05-16	65
657	2016-05-14	40
658	2015-10-23	5
659	2016-04-25	4
660	2016-09-09	93
661	2015-08-15	65
662	2016-04-24	13
663	2015-07-26	50
664	2016-05-21	89
665	2015-09-18	100
666	2016-02-12	44
667	2016-01-22	70
668	2015-11-16	45
669	2016-02-18	41
670	2016-03-14	27
671	2015-04-09	4
672	2015-08-11	16
673	2016-05-11	7
674	2015-11-19	49
675	2016-09-23	2
676	2016-07-12	35
677	2015-04-18	9
678	2015-07-23	97
679	2016-03-16	68
680	2016-07-28	80
681	2015-04-05	87
682	2015-02-21	94
683	2015-04-28	41
684	2015-03-03	86
685	2015-11-17	86
686	2016-01-17	98
687	2016-02-04	78
688	2016-07-24	79
689	2016-09-26	24
690	2016-05-14	8
691	2016-08-03	93
692	2015-03-14	31
693	2015-01-07	14
694	2016-04-14	13
695	2015-08-18	48
696	2016-07-08	34
697	2015-12-28	41
698	2016-07-29	44
699	2015-03-19	12
700	2015-10-25	60
701	2015-10-09	91
702	2015-02-13	27
703	2015-10-01	31
704	2015-04-16	81
705	2015-10-21	62
706	2016-09-08	86
707	2016-09-03	60
708	2016-05-07	32
709	2015-08-01	28
710	2016-03-28	80
711	2016-01-23	10
712	2015-04-15	82
713	2015-11-23	90
714	2015-12-11	85
715	2016-01-31	54
716	2016-05-11	90
717	2015-12-22	70
718	2015-12-31	89
719	2015-03-16	7
720	2015-05-10	72
721	2016-04-24	30
722	2016-01-01	42
723	2015-11-23	96
724	2015-08-26	30
725	2015-11-16	86
726	2016-07-01	38
727	2015-05-19	15
728	2015-06-24	12
729	2016-05-31	83
730	2016-01-10	54
731	2015-09-30	81
732	2016-04-26	21
733	2016-02-03	59
734	2016-07-23	59
735	2016-04-06	17
736	2015-07-23	21
737	2016-05-28	4
738	2015-11-28	23
739	2016-09-24	24
740	2015-01-30	28
741	2016-01-15	28
742	2015-01-24	38
743	2016-04-27	7
744	2015-01-15	55
745	2015-03-08	10
746	2016-07-07	74
747	2016-09-20	32
748	2015-07-05	24
749	2015-03-24	9
750	2016-07-30	97
751	2016-01-11	20
752	2016-08-05	60
753	2016-08-17	33
754	2016-07-26	39
755	2015-07-06	71
756	2015-12-30	12
757	2015-07-27	63
758	2016-08-28	7
759	2015-04-13	59
760	2016-09-18	80
761	2015-08-19	89
762	2015-05-29	17
763	2015-10-09	27
764	2015-05-27	21
765	2015-01-28	18
766	2016-07-21	97
767	2016-02-15	37
768	2016-03-14	97
769	2015-12-06	56
770	2015-06-05	97
771	2016-03-24	7
772	2016-01-09	31
773	2015-11-24	30
774	2015-10-23	1
775	2016-05-06	80
776	2015-08-11	64
777	2015-12-04	21
778	2016-06-23	77
779	2015-12-30	61
780	2016-04-26	70
781	2015-06-19	48
782	2016-01-07	38
783	2015-06-16	37
784	2015-02-12	4
785	2016-04-28	26
786	2015-04-11	69
787	2015-12-18	17
788	2015-05-10	72
789	2016-09-30	20
790	2016-03-22	63
791	2015-11-08	46
792	2016-04-12	59
793	2016-05-14	62
794	2015-12-14	59
795	2015-07-25	56
796	2016-09-16	46
797	2016-04-14	56
798	2015-05-22	11
799	2015-08-03	46
800	2016-02-01	37
801	2016-06-08	67
802	2015-05-11	49
803	2015-06-15	46
804	2015-04-13	7
805	2016-09-04	61
806	2015-05-22	76
807	2016-02-13	68
808	2016-06-19	2
809	2015-02-23	77
810	2015-07-21	8
811	2015-08-27	100
812	2015-07-21	13
813	2016-03-04	54
814	2016-04-08	30
815	2016-08-05	24
816	2016-02-08	70
817	2015-10-06	90
818	2016-07-11	32
819	2016-04-01	30
820	2016-02-17	56
821	2015-01-12	73
822	2016-03-10	3
823	2015-07-14	55
824	2015-10-03	26
825	2016-04-28	25
826	2016-04-13	31
827	2015-04-18	22
828	2015-12-14	48
829	2016-01-23	94
830	2016-01-13	56
831	2016-06-04	61
832	2015-03-21	8
833	2015-11-05	54
834	2015-06-14	75
835	2015-01-19	35
836	2015-05-30	66
837	2015-01-12	34
838	2016-07-22	41
839	2016-09-19	45
840	2015-02-09	20
841	2016-02-09	79
842	2016-01-29	38
843	2015-01-20	90
844	2015-06-12	32
845	2015-06-05	43
846	2016-02-29	52
847	2015-06-29	32
848	2016-04-18	79
849	2016-08-25	80
850	2016-07-21	62
851	2016-04-03	47
852	2015-01-04	72
853	2016-08-12	64
854	2015-11-06	60
855	2015-09-13	50
856	2015-05-21	33
857	2016-06-25	13
858	2015-08-12	25
859	2015-09-24	70
860	2015-12-23	29
861	2016-09-03	71
862	2016-06-28	19
863	2016-03-01	69
864	2016-01-05	88
865	2016-07-10	75
866	2016-07-04	42
867	2015-08-09	53
868	2016-04-24	72
869	2016-05-04	77
870	2015-09-03	49
871	2015-12-30	99
872	2015-03-07	20
873	2016-03-30	74
874	2015-08-23	5
875	2015-11-14	92
876	2016-07-27	55
877	2015-03-02	90
878	2015-02-27	11
879	2015-08-01	99
880	2016-04-07	15
881	2015-06-30	80
882	2016-04-07	32
883	2016-08-25	25
884	2016-03-13	4
885	2016-01-10	52
886	2016-07-29	74
887	2015-07-28	10
888	2015-01-24	41
889	2015-03-23	1
890	2015-11-11	58
891	2015-01-14	56
892	2016-04-20	45
893	2016-01-07	10
894	2016-05-24	61
895	2015-09-04	22
896	2016-03-13	91
897	2016-05-10	36
898	2015-09-07	7
899	2015-10-01	40
900	2016-08-18	85
901	2015-01-04	40
902	2015-11-05	13
903	2015-09-11	29
904	2015-02-12	94
905	2016-06-30	93
906	2015-09-09	65
907	2015-09-25	23
908	2015-01-03	3
909	2015-06-16	55
910	2015-10-14	25
911	2015-06-25	39
912	2015-09-18	18
913	2015-03-29	63
914	2015-12-19	36
915	2015-04-06	15
916	2016-08-03	89
917	2016-08-31	6
918	2016-01-28	91
919	2015-12-21	11
920	2015-04-18	16
921	2015-05-14	98
922	2015-04-08	68
923	2015-12-09	47
924	2016-05-23	71
925	2016-04-21	49
926	2015-03-17	94
927	2015-11-28	12
928	2015-04-02	100
929	2016-05-15	38
930	2016-09-04	1
931	2015-11-08	14
932	2015-09-06	77
933	2015-07-07	23
934	2015-03-14	87
935	2015-07-16	42
936	2016-08-10	12
937	2016-04-26	91
938	2015-11-12	53
939	2016-07-15	90
940	2015-06-20	98
941	2015-04-01	83
942	2015-04-04	58
943	2016-03-06	53
944	2015-12-22	41
945	2015-03-04	52
946	2015-09-18	44
947	2015-09-13	8
948	2015-03-01	73
949	2016-05-20	71
950	2015-09-03	89
951	2015-06-16	97
952	2015-05-02	60
953	2016-07-03	39
954	2015-01-18	78
955	2015-06-09	70
956	2015-08-18	98
957	2015-05-11	62
958	2015-07-31	21
959	2015-11-21	15
960	2016-06-06	12
961	2016-01-19	53
962	2015-09-09	42
963	2015-09-02	15
964	2016-08-04	75
965	2016-06-04	76
966	2015-06-08	84
967	2015-10-29	54
968	2015-04-05	50
969	2015-08-19	99
970	2015-11-15	9
971	2015-01-19	70
972	2016-06-14	46
973	2015-01-13	34
974	2015-02-20	17
975	2015-12-31	43
976	2016-09-03	41
977	2015-06-17	52
978	2015-12-26	88
979	2016-07-25	3
980	2015-10-12	78
981	2016-02-20	69
982	2016-08-21	3
983	2015-03-31	6
984	2016-01-25	68
985	2016-01-13	74
986	2015-12-11	82
987	2016-02-15	79
988	2015-10-27	11
989	2016-02-23	68
990	2016-01-08	5
991	2015-11-26	36
992	2015-12-08	20
993	2015-12-13	94
994	2015-02-20	54
995	2015-12-30	44
996	2016-02-29	16
997	2015-07-18	26
998	2015-11-09	69
999	2015-06-26	60
1000	2015-08-12	78
1001	2015-12-18	53
1002	2015-12-22	91
1003	2016-09-17	86
1004	2015-06-04	38
1005	2016-07-01	86
1006	2015-09-27	29
1007	2015-11-20	49
1008	2016-08-22	68
1009	2015-06-12	1
1010	2016-03-01	87
1011	2015-11-21	86
1012	2015-10-31	88
1013	2015-02-19	28
1014	2016-05-26	7
1015	2016-09-04	23
1016	2016-04-09	23
1017	2015-01-27	53
1018	2016-04-07	28
1019	2015-10-09	49
1020	2016-09-07	36
1021	2016-08-12	22
1022	2016-01-27	1
1023	2015-05-02	85
1024	2015-05-25	86
1025	2015-05-17	36
1026	2016-08-26	40
1027	2016-07-25	40
1028	2016-07-03	34
1029	2015-05-06	10
1030	2015-07-16	11
1031	2015-01-17	90
1032	2016-02-11	44
1033	2016-03-26	97
1034	2015-05-07	34
1035	2015-08-05	80
1036	2015-09-26	74
1037	2015-09-28	12
1038	2015-02-03	94
1039	2015-02-06	98
1040	2016-04-01	18
1041	2016-09-02	58
1042	2016-03-14	19
1043	2015-09-22	23
1044	2016-07-24	86
1045	2015-12-30	52
1046	2016-04-13	93
1047	2015-04-05	80
1048	2015-08-16	17
1049	2016-02-23	79
1050	2015-12-28	9
1051	2016-03-06	70
1052	2016-02-27	60
1053	2016-01-21	77
1054	2015-12-18	86
1055	2015-02-24	98
1056	2015-02-24	22
1057	2016-06-03	52
1058	2015-07-09	22
1059	2016-01-02	79
1060	2016-06-18	19
1061	2015-09-13	74
1062	2015-01-10	53
1063	2016-04-20	13
1064	2016-03-07	35
1065	2015-04-07	18
1066	2016-04-21	65
1067	2015-10-17	84
1068	2015-05-23	47
1069	2015-01-13	36
1070	2015-08-22	38
1071	2016-07-21	55
1072	2016-08-06	79
1073	2015-12-23	63
1074	2016-05-31	75
1075	2016-03-21	38
1076	2015-02-02	2
1077	2015-08-15	54
1078	2016-05-31	57
1079	2015-09-26	13
1080	2016-02-02	64
1081	2015-02-21	61
1082	2015-08-17	52
1083	2016-03-03	86
1084	2015-06-10	70
1085	2015-09-14	85
1086	2016-08-02	37
1087	2015-04-16	46
1088	2015-07-10	38
1089	2016-01-21	48
1090	2016-09-12	38
1091	2015-02-06	81
1092	2016-02-25	93
1093	2015-12-13	82
1094	2015-10-27	75
1095	2015-04-05	43
1096	2016-03-04	47
1097	2015-11-18	33
1098	2016-03-24	13
1099	2015-02-04	14
1100	2015-08-31	81
1101	2016-09-27	46
1102	2015-03-12	87
1103	2015-12-28	83
1104	2016-02-11	70
1105	2016-04-05	65
1106	2016-01-13	94
1107	2015-05-30	58
1108	2016-05-31	15
1109	2015-02-02	73
1110	2016-09-08	15
1111	2015-11-27	97
1112	2015-09-01	3
1113	2016-09-29	43
1114	2015-06-28	61
1115	2016-04-29	97
1116	2016-09-11	50
1117	2015-11-22	6
1118	2015-09-26	8
1119	2015-07-16	51
1120	2016-02-03	89
1121	2015-11-22	76
1122	2016-01-12	62
1123	2016-08-29	55
1124	2015-03-19	86
1125	2016-01-15	91
1126	2016-06-25	58
1127	2015-02-28	6
1128	2015-09-02	55
1129	2015-11-04	49
1130	2016-03-15	89
1131	2016-01-18	27
1132	2015-01-14	7
1133	2016-05-25	29
1134	2016-01-21	14
1135	2016-03-11	14
1136	2015-01-17	65
1137	2016-03-25	37
1138	2015-03-07	97
1139	2016-09-29	81
1140	2015-10-17	74
1141	2015-11-23	74
1142	2015-09-07	86
1143	2016-04-03	86
1144	2016-08-01	97
1145	2016-05-05	26
1146	2016-04-16	22
1147	2015-05-29	45
1148	2015-11-07	57
1149	2016-02-23	73
1150	2015-08-08	42
1151	2016-02-08	71
1152	2015-05-04	90
1153	2015-03-17	98
1154	2015-05-09	20
1155	2015-10-27	78
1156	2015-02-23	98
1157	2016-02-28	98
1158	2016-02-19	91
1159	2015-07-15	15
1160	2015-06-06	4
1161	2016-07-01	53
1162	2015-02-09	95
1163	2015-09-24	7
1164	2015-12-04	68
1165	2016-06-07	6
1166	2015-02-02	90
1167	2016-07-22	69
1168	2016-01-11	14
1169	2016-03-15	25
1170	2016-06-19	21
1171	2015-05-29	24
1172	2016-03-14	24
1173	2016-08-30	43
1174	2015-12-27	2
1175	2015-12-16	25
1176	2015-03-09	43
1177	2015-05-07	3
1178	2015-12-30	38
1179	2015-08-28	83
1180	2016-04-21	59
1181	2016-09-04	40
1182	2016-07-24	84
1183	2015-02-25	8
1184	2015-09-11	24
1185	2015-12-07	26
1186	2016-06-13	24
1187	2016-07-15	21
1188	2015-10-07	50
1189	2015-01-09	94
1190	2015-11-26	76
1191	2016-03-01	91
1192	2016-03-27	36
1193	2015-12-14	80
1194	2015-08-17	100
1195	2015-03-04	85
1196	2015-10-27	68
1197	2015-07-31	22
1198	2016-07-19	11
1199	2016-08-18	49
1200	2015-09-22	16
1201	2015-09-30	67
1202	2015-05-27	96
1203	2015-07-28	28
1204	2015-12-18	63
1205	2015-11-10	83
1206	2015-01-16	66
1207	2016-08-05	10
1208	2015-11-02	97
1209	2015-02-18	25
1210	2015-01-31	90
1211	2015-10-23	75
1212	2015-09-07	99
1213	2016-09-23	71
1214	2016-08-26	36
1215	2016-05-27	94
1216	2016-09-20	90
1217	2016-08-27	68
1218	2015-04-30	52
1219	2015-02-21	71
1220	2015-12-13	20
1221	2015-01-09	59
1222	2015-07-01	40
1223	2016-08-02	54
1224	2015-12-20	92
1225	2016-09-18	67
1226	2015-03-13	43
1227	2016-02-22	47
1228	2016-09-02	59
1229	2016-09-15	1
1230	2015-07-21	21
1231	2016-02-28	72
1232	2015-03-30	35
1233	2015-09-22	8
1234	2015-01-28	12
1235	2016-08-09	85
1236	2015-02-16	43
1237	2015-01-19	4
1238	2015-11-28	96
1239	2016-08-06	44
1240	2015-10-31	51
1241	2015-08-18	99
1242	2016-09-04	62
1243	2015-08-29	66
1244	2016-03-09	10
1245	2015-08-02	4
1246	2015-12-15	87
1247	2015-01-17	19
1248	2015-06-01	27
1249	2016-09-05	79
1250	2016-05-28	6
1251	2016-08-24	84
1252	2016-05-30	16
1253	2016-07-02	28
1254	2015-01-03	30
1255	2015-10-12	67
1256	2015-08-12	1
1257	2016-07-05	14
1258	2015-01-27	29
1259	2016-07-17	16
1260	2016-02-12	95
1261	2015-05-08	15
1262	2015-10-17	78
1263	2015-05-29	42
1264	2015-03-26	62
1265	2016-08-26	57
1266	2015-12-16	41
1267	2015-06-13	70
1268	2015-02-23	18
1269	2015-01-27	32
1270	2016-02-19	44
1271	2015-07-20	96
1272	2016-09-30	14
1273	2015-01-21	78
1274	2015-03-02	63
1275	2015-08-31	90
1276	2016-01-21	46
1277	2016-05-20	88
1278	2016-02-23	4
1279	2016-08-01	88
1280	2015-09-06	4
1281	2016-07-04	83
1282	2016-06-16	14
1283	2016-04-20	46
1284	2016-08-13	72
1285	2016-03-27	42
1286	2015-04-11	99
1287	2015-02-04	89
1288	2015-05-06	98
1289	2015-04-01	81
1290	2015-04-18	16
1291	2015-01-10	79
1292	2015-07-31	4
1293	2016-09-22	10
1294	2016-07-12	89
1295	2016-07-22	100
1296	2016-06-29	20
1297	2016-03-30	70
1298	2015-08-16	85
1299	2015-07-10	33
1300	2016-08-17	53
1301	2016-04-30	79
1302	2016-08-20	74
1303	2016-05-14	46
1304	2015-10-09	84
1305	2016-08-19	23
1306	2015-03-13	42
1307	2015-08-02	67
1308	2015-05-28	68
1309	2016-02-01	77
1310	2016-07-31	9
1311	2016-02-03	68
1312	2016-03-13	59
1313	2016-01-06	82
1314	2015-04-18	68
1315	2015-11-05	30
1316	2015-02-25	19
1317	2016-05-24	58
1318	2016-09-24	88
1319	2016-09-03	14
1320	2016-07-16	53
1321	2016-09-30	4
1322	2015-03-12	47
1323	2016-08-05	84
1324	2015-11-19	37
1325	2016-09-10	57
1326	2016-01-15	20
1327	2016-04-27	69
1328	2016-08-10	38
1329	2015-02-16	79
1330	2015-07-15	99
1331	2015-01-08	15
1332	2015-06-20	39
1333	2015-12-19	11
1334	2016-09-29	62
1335	2016-03-08	3
1336	2015-01-21	54
1337	2016-04-05	40
1338	2016-09-21	7
1339	2016-05-07	68
1340	2016-09-01	54
1341	2015-07-16	83
1342	2015-01-24	62
1343	2016-09-20	62
1344	2015-02-18	78
1345	2016-06-17	84
1346	2015-07-16	65
1347	2015-06-08	18
1348	2015-03-09	15
1349	2015-11-06	60
1350	2016-09-05	66
1351	2015-10-17	87
1352	2016-07-15	42
1353	2015-07-12	66
1354	2015-12-16	39
1355	2015-01-18	75
1356	2015-09-07	55
1357	2015-02-05	75
1358	2016-06-05	66
1359	2016-01-09	77
1360	2016-05-17	22
1361	2015-03-04	46
1362	2015-06-18	56
1363	2015-05-01	18
1364	2016-04-29	53
1365	2015-12-06	5
1366	2016-03-05	68
1367	2015-12-12	17
1368	2016-07-18	6
1369	2015-09-05	36
1370	2016-04-16	67
1371	2015-10-31	93
1372	2016-08-09	94
1373	2015-09-19	55
1374	2016-09-29	90
1375	2015-01-26	12
1376	2016-03-14	98
1377	2015-03-14	93
1378	2016-07-23	34
1379	2015-03-20	11
1380	2016-08-27	26
1381	2015-08-08	25
1382	2016-08-31	44
1383	2015-03-22	91
1384	2015-06-02	47
1385	2015-10-26	75
1386	2016-01-20	7
1387	2016-08-31	19
1388	2015-12-17	7
1389	2015-10-07	41
1390	2015-01-12	89
1391	2016-06-02	90
1392	2015-06-30	76
1393	2016-08-26	18
1394	2016-08-07	3
1395	2016-06-14	75
1396	2016-05-13	57
1397	2015-12-09	89
1398	2015-12-16	24
1399	2016-09-25	15
1400	2016-09-25	57
1401	2016-08-26	25
1402	2015-12-14	82
1403	2015-11-09	49
1404	2015-01-05	4
1405	2016-02-04	26
1406	2015-01-16	65
1407	2016-05-01	6
1408	2016-04-03	62
1409	2015-08-27	98
1410	2015-01-11	42
1411	2015-01-06	42
1412	2016-01-03	84
1413	2016-05-15	67
1414	2015-07-13	56
1415	2015-04-10	54
1416	2016-06-13	41
1417	2015-02-22	22
1418	2016-03-25	71
1419	2016-02-01	45
1420	2016-04-16	45
1421	2015-06-30	2
1422	2015-04-12	87
1423	2015-03-06	2
1424	2015-10-24	59
1425	2015-04-13	75
1426	2015-08-30	58
1427	2015-04-21	26
1428	2015-08-24	8
1429	2015-01-23	2
1430	2015-03-23	55
1431	2016-01-19	30
1432	2015-05-22	3
1433	2016-02-09	27
1434	2016-05-11	96
1435	2016-04-30	67
1436	2015-03-21	49
1437	2015-07-11	93
1438	2015-07-13	29
1439	2015-08-18	16
1440	2015-01-19	99
1441	2015-09-06	88
1442	2015-04-16	3
1443	2015-01-01	42
1444	2016-01-16	19
1445	2015-08-18	12
1446	2015-11-13	36
1447	2015-04-24	56
1448	2016-07-15	65
1449	2016-09-08	29
1450	2015-07-14	9
1451	2015-12-15	14
1452	2015-05-06	32
1453	2016-03-03	52
1454	2015-12-28	19
1455	2016-02-17	43
1456	2015-10-23	58
1457	2016-04-18	4
1458	2016-04-22	56
1459	2015-12-13	63
1460	2016-01-29	43
1461	2016-03-10	9
1462	2015-08-05	13
1463	2015-03-23	26
1464	2015-09-19	33
1465	2015-05-27	84
1466	2015-10-19	12
1467	2016-08-28	33
1468	2016-08-22	64
1469	2015-09-05	47
1470	2015-07-16	72
1471	2015-07-01	35
1472	2015-07-29	9
1473	2016-03-15	67
1474	2016-02-11	97
1475	2015-08-05	17
1476	2016-07-04	57
1477	2015-12-18	92
1478	2016-09-08	14
1479	2015-07-11	54
1480	2016-01-25	12
1481	2016-08-26	91
1482	2015-03-18	66
1483	2016-07-24	65
1484	2015-05-24	11
1485	2015-02-24	95
1486	2015-02-14	60
1487	2015-03-20	69
1488	2016-02-16	68
1489	2015-01-14	12
1490	2015-01-31	39
1491	2015-02-10	5
1492	2016-09-03	79
1493	2015-04-22	66
1494	2015-12-26	28
1495	2015-09-07	46
1496	2016-01-28	70
1497	2015-02-15	60
1498	2015-06-17	81
1499	2015-12-29	79
1500	2016-05-18	95
1501	2015-10-06	22
1502	2015-08-02	8
1503	2015-01-14	96
1504	2016-05-31	5
1505	2016-07-18	9
1506	2015-12-18	39
1507	2016-07-03	88
1508	2016-08-31	74
1509	2016-06-28	3
1510	2016-01-06	42
1511	2016-06-13	77
1512	2016-08-06	72
1513	2016-09-06	80
1514	2016-08-22	22
1515	2016-01-10	50
1516	2015-11-16	91
1517	2016-02-23	55
1518	2015-07-15	64
1519	2015-08-16	81
1520	2015-10-18	67
1521	2016-03-04	65
1522	2015-07-16	95
1523	2016-05-13	5
1524	2016-02-05	88
1525	2016-04-08	53
1526	2016-03-26	18
1527	2016-01-09	40
1528	2015-02-09	27
1529	2015-02-28	60
1530	2016-05-02	14
1531	2015-04-03	46
1532	2016-01-28	75
1533	2015-05-07	37
1534	2016-09-29	89
1535	2015-05-25	49
1536	2016-07-16	89
1537	2016-01-26	11
1538	2016-08-14	100
1539	2016-05-30	63
1540	2015-01-24	42
1541	2016-09-29	71
1542	2016-02-10	89
1543	2016-07-11	57
1544	2015-09-08	40
1545	2015-08-27	15
1546	2016-05-10	83
1547	2015-09-29	7
1548	2015-07-26	96
1549	2015-08-31	94
1550	2015-11-29	69
1551	2015-01-17	23
1552	2015-01-18	33
1553	2016-03-18	87
1554	2015-04-03	28
1555	2015-05-11	95
1556	2016-08-21	41
1557	2016-05-24	67
1558	2016-04-11	30
1559	2015-08-25	34
1560	2016-07-05	49
1561	2016-05-18	73
1562	2016-02-04	66
1563	2016-05-14	68
1564	2015-03-21	58
1565	2015-03-20	54
1566	2016-09-30	22
1567	2015-02-25	88
1568	2015-12-09	86
1569	2016-04-23	76
1570	2016-06-25	21
1571	2015-08-20	12
1572	2015-05-21	61
1573	2016-06-08	91
1574	2015-01-11	67
1575	2016-01-21	97
1576	2015-02-13	69
1577	2015-09-24	18
1578	2016-08-29	73
1579	2015-01-13	48
1580	2016-01-29	98
1581	2016-07-26	95
1582	2015-08-27	43
1583	2015-09-26	77
1584	2015-12-31	14
1585	2016-07-27	5
1586	2015-07-02	16
1587	2015-10-05	98
1588	2015-02-03	19
1589	2016-02-08	4
1590	2015-05-01	72
1591	2016-03-09	84
1592	2016-04-24	19
1593	2015-12-20	5
1594	2015-05-06	100
1595	2015-10-09	28
1596	2015-05-15	46
1597	2015-08-03	93
1598	2016-04-21	100
1599	2015-06-29	4
1600	2016-06-12	71
1601	2016-01-14	78
1602	2015-03-22	52
1603	2015-06-18	90
1604	2015-03-26	28
1605	2016-07-09	49
1606	2016-01-29	45
1607	2016-06-03	48
1608	2016-06-04	95
1609	2016-07-05	83
1610	2015-11-30	21
1611	2016-02-16	57
1612	2016-02-24	31
1613	2015-03-30	20
1614	2015-05-01	26
1615	2015-07-10	28
1616	2016-05-09	78
1617	2015-04-04	63
1618	2015-11-14	64
1619	2016-01-27	91
1620	2015-01-22	25
1621	2015-04-26	65
1622	2015-08-17	68
1623	2015-09-30	95
1624	2015-09-07	7
1625	2016-03-24	78
1626	2015-01-11	83
1627	2016-02-14	62
1628	2016-02-23	39
1629	2015-06-04	75
1630	2015-03-22	24
1631	2016-01-13	89
1632	2015-12-10	49
1633	2015-04-21	68
1634	2015-04-09	78
1635	2015-05-28	35
1636	2015-08-10	57
1637	2015-02-21	12
1638	2016-07-02	39
1639	2016-08-25	12
1640	2015-09-02	95
1641	2015-07-16	8
1642	2015-10-07	77
1643	2015-12-07	72
1644	2016-07-31	98
1645	2015-10-23	20
1646	2016-06-07	39
1647	2016-05-11	20
1648	2016-06-25	77
1649	2016-09-01	29
1650	2015-09-08	60
1651	2015-09-28	15
1652	2015-08-28	19
1653	2015-09-06	57
1654	2015-06-17	18
1655	2015-05-20	26
1656	2015-11-09	64
1657	2016-09-25	70
1658	2016-07-21	63
1659	2015-03-02	56
1660	2015-03-02	47
1661	2016-06-16	3
1662	2016-03-24	74
1663	2015-05-29	11
1664	2016-09-28	44
1665	2015-06-25	99
1666	2015-04-26	75
1667	2015-04-14	11
1668	2016-09-26	4
1669	2016-04-30	1
1670	2015-11-19	62
1671	2015-09-28	95
1672	2015-05-05	13
1673	2016-09-03	31
1674	2016-08-28	97
1675	2016-01-15	3
1676	2015-07-19	7
1677	2015-07-04	44
1678	2015-10-02	9
1679	2016-09-10	42
1680	2016-01-28	33
1681	2016-09-06	97
1682	2015-07-22	51
1683	2016-09-02	25
1684	2016-05-05	59
1685	2015-08-26	58
1686	2015-10-26	54
1687	2015-10-25	17
1688	2016-04-23	99
1689	2015-10-17	32
1690	2016-09-17	29
1691	2015-05-18	100
1692	2015-07-02	32
1693	2015-12-08	79
1694	2015-04-11	97
1695	2015-09-09	64
1696	2015-10-04	92
1697	2016-07-11	97
1698	2016-08-09	12
1699	2016-04-18	11
1700	2016-04-24	35
1701	2015-11-11	55
1702	2015-08-12	19
1703	2015-04-16	36
1704	2016-09-24	17
1705	2015-04-27	46
1706	2015-10-22	77
1707	2016-05-17	51
1708	2016-07-21	52
1709	2015-05-07	23
1710	2015-01-25	11
1711	2016-08-24	32
1712	2016-07-15	73
1713	2016-07-01	29
1714	2015-06-20	23
1715	2015-07-27	21
1716	2015-12-31	50
1717	2016-04-10	69
1718	2016-05-14	25
1719	2016-09-23	82
1720	2015-09-09	84
1721	2015-09-03	4
1722	2015-04-02	7
1723	2015-01-21	38
1724	2016-06-26	89
1725	2016-05-11	45
1726	2016-09-30	56
1727	2016-05-04	42
1728	2015-04-24	12
1729	2016-06-13	94
1730	2015-09-14	62
1731	2015-07-13	75
1732	2015-03-11	70
1733	2015-04-30	63
1734	2016-09-05	85
1735	2015-12-29	78
1736	2015-05-14	75
1737	2016-06-03	97
1738	2015-06-09	72
1739	2015-01-14	52
1740	2016-02-29	78
1741	2016-08-28	81
1742	2016-05-30	43
1743	2015-03-20	24
1744	2016-09-02	71
1745	2016-07-20	89
1746	2015-08-02	53
1747	2015-10-24	100
1748	2016-04-21	15
1749	2015-05-19	70
1750	2015-04-13	81
1751	2016-05-19	17
1752	2016-05-22	42
1753	2016-07-29	41
1754	2016-01-31	52
1755	2016-01-29	29
1756	2015-10-25	66
1757	2016-03-02	31
1758	2016-02-04	56
1759	2015-06-21	11
1760	2015-03-02	2
1761	2015-05-30	93
1762	2015-06-28	64
1763	2015-01-09	22
1764	2015-05-13	43
1765	2016-03-30	46
1766	2016-07-07	69
1767	2015-02-07	92
1768	2015-04-23	45
1769	2016-01-17	46
1770	2015-05-24	30
1771	2016-06-30	57
1772	2015-11-19	88
1773	2016-01-27	99
1774	2016-07-29	2
1775	2015-03-03	40
1776	2015-04-19	51
1777	2015-09-30	97
1778	2015-05-27	81
1779	2015-10-04	30
1780	2016-03-12	33
1781	2015-08-29	88
1782	2015-03-22	73
1783	2016-05-01	45
1784	2016-01-27	53
1785	2016-03-01	38
1786	2015-11-18	88
1787	2015-04-16	55
1788	2016-08-04	37
1789	2015-12-23	69
1790	2015-07-01	60
1791	2016-04-22	72
1792	2015-12-12	65
1793	2015-09-23	97
1794	2016-03-19	97
1795	2016-06-24	47
1796	2016-08-19	85
1797	2016-05-29	7
1798	2015-12-24	56
1799	2015-08-19	34
1800	2015-12-21	32
1801	2015-07-25	42
1802	2015-02-25	20
1803	2015-08-14	27
1804	2016-02-27	15
1805	2015-08-25	12
1806	2015-09-23	32
1807	2016-07-16	80
1808	2016-08-19	53
1809	2015-12-06	35
1810	2016-01-31	85
1811	2015-08-19	42
1812	2016-09-28	8
1813	2016-02-10	81
1814	2016-05-20	63
1815	2016-08-30	9
1816	2015-11-12	25
1817	2016-09-07	71
1818	2015-10-07	7
1819	2016-01-27	36
1820	2016-05-17	10
1821	2015-08-28	49
1822	2016-02-04	71
1823	2015-04-25	47
1824	2015-02-01	84
1825	2015-03-29	33
1826	2016-05-05	75
1827	2016-04-07	55
1828	2016-07-01	39
1829	2015-02-27	70
1830	2016-04-03	61
1831	2016-01-31	57
1832	2016-07-05	83
1833	2015-03-12	39
1834	2016-05-15	51
1835	2016-05-06	48
1836	2016-02-08	75
1837	2015-10-16	13
1838	2016-06-20	67
1839	2016-09-07	43
1840	2016-07-25	94
1841	2016-08-29	63
1842	2016-08-02	61
1843	2016-07-04	96
1844	2015-01-31	59
1845	2015-08-11	63
1846	2016-07-12	7
1847	2015-02-19	34
1848	2015-03-27	7
1849	2016-06-15	22
1850	2016-05-29	94
1851	2016-06-12	50
1852	2016-04-20	57
1853	2016-04-21	94
1854	2016-07-11	38
1855	2015-02-08	34
1856	2016-08-18	39
1857	2015-02-16	15
1858	2015-02-04	48
1859	2015-01-20	79
1860	2015-02-11	16
1861	2016-04-04	21
1862	2016-03-23	79
1863	2015-03-12	48
1864	2015-12-05	96
1865	2016-08-15	7
1866	2015-12-30	37
1867	2015-02-02	50
1868	2016-02-01	66
1869	2016-02-15	62
1870	2015-07-30	24
1871	2015-09-04	88
1872	2016-08-12	72
1873	2015-01-05	77
1874	2015-05-18	45
1875	2015-12-29	38
1876	2015-10-05	34
1877	2015-06-10	28
1878	2015-01-16	35
1879	2015-10-21	82
1880	2015-02-20	89
1881	2015-04-27	92
1882	2015-01-20	92
1883	2015-04-23	67
1884	2015-05-20	85
1885	2016-09-12	20
1886	2015-07-06	67
1887	2016-05-14	74
1888	2016-08-19	82
1889	2015-08-28	6
1890	2015-11-30	98
1891	2016-03-12	81
1892	2015-09-10	11
1893	2015-09-22	4
1894	2016-03-26	42
1895	2015-03-29	35
1896	2015-01-17	44
1897	2015-07-20	42
1898	2016-08-08	35
1899	2016-06-15	38
1900	2016-05-27	36
1901	2015-03-30	23
1902	2015-10-25	83
1903	2015-09-10	32
1904	2015-08-06	30
1905	2015-09-18	16
1906	2015-04-10	23
1907	2015-05-21	89
1908	2015-09-16	91
1909	2016-08-04	10
1910	2016-08-31	10
1911	2016-06-14	37
1912	2015-09-14	6
1913	2015-01-20	41
1914	2015-09-20	6
1915	2015-01-13	19
1916	2016-04-12	79
1917	2015-02-09	1
1918	2015-11-03	25
1919	2016-01-03	67
1920	2015-07-16	6
1921	2015-09-29	12
1922	2016-04-20	33
1923	2015-10-19	37
1924	2015-07-13	81
1925	2015-08-31	14
1926	2016-07-10	24
1927	2015-10-03	35
1928	2015-08-04	99
1929	2015-12-12	21
1930	2015-09-15	76
1931	2016-05-13	24
1932	2016-05-08	37
1933	2015-06-02	85
1934	2016-03-24	87
1935	2015-05-07	66
1936	2016-03-14	15
1937	2016-01-04	40
1938	2016-07-29	45
1939	2015-10-12	85
1940	2016-05-07	80
1941	2016-05-28	11
1942	2016-08-23	36
1943	2015-04-11	68
1944	2015-12-31	71
1945	2015-05-16	98
1946	2015-01-09	87
1947	2016-04-13	14
1948	2015-04-12	53
1949	2015-06-02	91
1950	2016-01-01	42
1951	2016-04-25	39
1952	2015-01-08	41
1953	2015-03-24	81
1954	2015-02-18	2
1955	2015-12-11	51
1956	2015-05-31	96
1957	2016-04-23	1
1958	2016-05-11	69
1959	2015-04-08	50
1960	2016-06-26	82
1961	2016-02-10	70
1962	2015-11-13	38
1963	2016-03-03	58
1964	2016-06-09	24
1965	2015-05-03	55
1966	2015-04-25	66
1967	2015-05-31	13
1968	2016-04-03	34
1969	2016-03-31	45
1970	2016-01-23	88
1971	2015-12-16	1
1972	2016-08-31	10
1973	2015-12-17	28
1974	2015-04-13	53
1975	2015-12-26	21
1976	2016-05-05	57
1977	2015-02-20	84
1978	2015-10-15	37
1979	2015-04-17	28
1980	2016-01-30	28
1981	2016-02-24	100
1982	2016-09-15	13
1983	2015-09-21	71
1984	2015-03-12	2
1985	2015-11-14	11
1986	2016-07-27	10
1987	2016-03-27	46
1988	2016-08-05	72
1989	2015-09-07	23
1990	2015-06-14	8
1991	2016-07-06	84
1992	2015-12-20	75
1993	2016-05-26	80
1994	2016-04-22	53
1995	2015-10-18	21
1996	2015-09-17	72
1997	2015-10-28	15
1998	2016-04-11	43
1999	2015-10-11	6
2000	2015-03-16	4
2134	2016-11-01	167
2224	2016-11-01	167
\.


--
-- Data for Name: products; Type: TABLE DATA; Schema: public; Owner: -
--

COPY products (pcode, pname, pdesc, ptype, price) FROM stdin;
1	pname_930_	pdesc_227_227_22	BOOK	9.19
2	pname_53	pdesc_561_561_561_	MOVIE	9.66
3	pname_99_	pdesc_271_271_271_27	MUSIC	3.98
4	pname_64_6	pdesc_99_99_99_9	BOOK	3.69
5	pname_554_	pdesc_475_475_47	MUSIC	7.52
6	pname_968_	pdesc_372_372_3	BOOK	9.55
7	pname_18	pdesc_795_795_795_79	BOOK	9.08
8	pname_143	pdesc_369_369_36	BOOK	8.41
9	pname_64_6	pdesc_631_631_63	MUSIC	11.63
10	pname_560_	pdesc_857_857_85	BOOK	12.65
11	pname_39	pdesc_130_130_130	BOOK	14.35
12	pname_9	pdesc_328_328_328	BOOK	11.15
13	pname_550_	pdesc_908_908_908_9	BOOK	8.96
14	pname_671_	pdesc_669_669_66	MUSIC	15.54
15	pname_2	pdesc_816_816_816	BOOK	10.84
16	pname_39	pdesc_269_269_269_	BOOK	12.01
17	pname_47	pdesc_301_301_30	MUSIC	4.91
18	pname_963	pdesc_615_615_615_	BOOK	16.08
19	pname_59	pdesc_375_375_375_	MOVIE	10.04
20	pname_6	pdesc_122_122_1	MUSIC	13.62
21	pname_928_	pdesc_908_908_908_9	MUSIC	10.40
22	pname_761	pdesc_203_203_203_	BOOK	13.55
23	pname_729	pdesc_74_74_74_7	MUSIC	11.91
24	pname_92_	pdesc_798_798_798	MUSIC	3.13
25	pname_6	pdesc_875_875_875_87	MUSIC	11.23
27	pname_2	pdesc_58_58_58_5	BOOK	7.66
28	pname_81	pdesc_65_65_65_	BOOK	11.27
29	pname_95_	pdesc_248_248_248	BOOK	8.34
30	pname_11_	pdesc_991_991_99	BOOK	20.16
31	pname_823_	pdesc_445_445_44	MOVIE	9.25
32	pname_5	pdesc_750_750_7	MOVIE	2.67
33	pname_249_	pdesc_614_614_6	MUSIC	14.38
34	pname_356_	pdesc_720_720_7	MUSIC	9.12
35	pname_705	pdesc_851_851_85	MOVIE	14.85
36	pname_550_	pdesc_784_784_7	MOVIE	6.11
39	pname_4	pdesc_210_210_210	MUSIC	10.37
40	pname_29_2	pdesc_216_216_216	BOOK	8.82
41	pname_688	pdesc_39_39_39_3	MUSIC	5.54
42	pname_70	pdesc_30_30_30_3	MUSIC	7.46
44	pname_38	pdesc_998_998_998_9	BOOK	7.17
45	pname_10	pdesc_387_387_387_38	BOOK	12.23
47	pname_14	pdesc_569_569_569_	MUSIC	13.30
48	pname_4	pdesc_828_828_828_8	MUSIC	13.52
49	pname_796_	pdesc_976_976_9	BOOK	14.37
50	pname_96	pdesc_502_502_5	BOOK	11.22
51	pname_30	pdesc_687_687_687_68	MUSIC	8.84
52	pname_669_	pdesc_408_408_408	BOOK	12.84
53	pname_30	pdesc_793_793_793_79	MUSIC	7.30
54	pname_823_	pdesc_267_267_267_	BOOK	11.17
55	pname_88	pdesc_229_229_22	BOOK	18.20
56	pname_6	pdesc_344_344_3	BOOK	8.16
57	pname_3	pdesc_541_541_541_54	MUSIC	8.16
58	pname_749	pdesc_328_328_328	MOVIE	9.54
60	pname_5	pdesc_947_947_947_	MUSIC	9.95
61	pname_62	pdesc_388_388_388	BOOK	10.23
62	pname_99	pdesc_45_45_45_45	MOVIE	16.01
63	pname_1	pdesc_881_881_88	MOVIE	8.07
64	pname_48	pdesc_585_585_58	MUSIC	11.39
65	pname_278	pdesc_715_715_71	MOVIE	9.60
66	pname_452	pdesc_679_679_679_	BOOK	11.82
67	pname_812	pdesc_482_482_4	MUSIC	10.64
69	pname_82	pdesc_248_248_248	MOVIE	9.22
70	pname_4	pdesc_404_404_404	MUSIC	12.52
71	pname_3	pdesc_210_210_210	MUSIC	7.20
72	pname_597	pdesc_836_836_8	MUSIC	11.39
73	pname_61	pdesc_436_436_436	BOOK	7.41
74	pname_98	pdesc_523_523_52	BOOK	12.36
75	pname_40	pdesc_595_595_595_	MUSIC	6.50
76	pname_528_	pdesc_139_139_139_13	BOOK	6.61
77	pname_44	pdesc_699_699_69	BOOK	11.80
80	pname_372_	pdesc_241_241_241_24	BOOK	14.13
81	pname_389	pdesc_216_216_216	BOOK	10.94
82	pname_92_	pdesc_1000_1000_	BOOK	10.20
84	pname_57	pdesc_874_874_874	BOOK	5.18
85	pname_134_	pdesc_645_645_645_	MOVIE	12.51
86	pname_453_	pdesc_777_777_77	BOOK	7.94
87	pname_1	pdesc_598_598_5	BOOK	7.56
88	pname_94_	pdesc_837_837_837_	MOVIE	8.96
89	pname_32	pdesc_781_781_781_	MUSIC	7.97
90	pname_49	pdesc_419_419_41	BOOK	9.89
91	pname_163	pdesc_630_630_630_6	MUSIC	13.68
93	pname_234	pdesc_183_183_183_	BOOK	11.19
95	pname_113	pdesc_951_951_951_95	BOOK	14.43
96	pname_16_	pdesc_814_814_814	BOOK	1.11
98	pname_920_	pdesc_575_575_575_57	MOVIE	10.91
99	pname_735	pdesc_195_195_195_19	MUSIC	11.86
100	pname_2	pdesc_352_352_352	MOVIE	11.83
101	pname_651_	pdesc_448_448_448_4	MUSIC	16.22
102	pname_7	pdesc_112_112_112_1	MUSIC	10.75
103	pname_7	pdesc_811_811_811_81	MUSIC	14.87
104	pname_7	pdesc_259_259_25	MUSIC	10.07
105	pname_325	pdesc_324_324_324	MOVIE	6.81
107	pname_8	pdesc_323_323_323_32	MUSIC	8.58
108	pname_605_	pdesc_657_657_657_65	BOOK	12.08
109	pname_7	pdesc_47_47_47_47_4	MOVIE	8.67
110	pname_3	pdesc_456_456_4	MUSIC	11.42
112	pname_281_	pdesc_489_489_489_	BOOK	9.81
113	pname_114_	pdesc_551_551_55	BOOK	6.46
115	pname_9	pdesc_340_340_3	BOOK	7.10
116	pname_447_	pdesc_339_339_33	BOOK	9.04
117	pname_251_	pdesc_903_903_90	MUSIC	15.64
118	pname_443_	pdesc_335_335_33	MUSIC	9.14
119	pname_3	pdesc_22_22_22_22_2	BOOK	17.37
120	pname_57_	pdesc_378_378_3	MOVIE	9.01
121	pname_904_	pdesc_429_429_429_	MOVIE	10.66
122	pname_187	pdesc_587_587_58	MUSIC	7.63
123	pname_22	pdesc_687_687_687_68	MUSIC	11.55
125	pname_386_	pdesc_46_46_46_	MOVIE	6.22
126	pname_50	pdesc_399_399_39	BOOK	9.77
127	pname_5	pdesc_259_259_25	BOOK	7.43
128	pname_4	pdesc_809_809_809_	BOOK	2.30
130	pname_84	pdesc_756_756_7	MUSIC	8.59
131	pname_280	pdesc_769_769_769_76	MUSIC	13.81
133	pname_2	pdesc_206_206_2	BOOK	12.98
134	pname_341	pdesc_544_544_544	MUSIC	10.04
135	pname_36	pdesc_336_336_336_3	MUSIC	9.95
136	pname_382_	pdesc_244_244_244	MUSIC	12.70
137	pname_49	pdesc_475_475_47	BOOK	8.83
138	pname_51	pdesc_722_722_7	MUSIC	10.95
140	pname_6	pdesc_238_238_2	BOOK	10.82
141	pname_433_	pdesc_25_25_25_25_2	BOOK	7.51
143	pname_947	pdesc_539_539_539_	MUSIC	15.46
144	pname_386_	pdesc_329_329_329_32	MUSIC	8.18
145	pname_382_	pdesc_923_923_923_92	MUSIC	9.96
146	pname_42	pdesc_787_787_787_	MUSIC	3.61
149	pname_306_	pdesc_901_901_90	MUSIC	12.67
150	pname_64	pdesc_594_594_5	MUSIC	13.27
151	pname_756_	pdesc_874_874_874	BOOK	9.00
152	pname_24_2	pdesc_250_250_250_2	BOOK	6.10
153	pname_671_	pdesc_20_20_20_20	MUSIC	9.10
154	pname_4	pdesc_313_313_313_	MUSIC	8.24
157	pname_96_	pdesc_99_99_99_9	MOVIE	8.04
158	pname_33	pdesc_491_491_491_49	BOOK	4.34
160	pname_362_	pdesc_588_588_588_5	MOVIE	8.99
161	pname_2	pdesc_597_597_597_	MUSIC	11.29
162	pname_716_	pdesc_377_377_377_	BOOK	7.13
163	pname_427_	pdesc_360_360_360_3	MUSIC	13.62
164	pname_50_	pdesc_834_834_8	BOOK	9.56
166	pname_21	pdesc_313_313_313_	BOOK	10.64
168	pname_416	pdesc_110_110_110_1	MUSIC	12.29
169	pname_1	pdesc_227_227_22	MUSIC	10.60
170	pname_3	pdesc_172_172_172_1	MUSIC	9.93
172	pname_893_	pdesc_109_109_109_10	BOOK	14.15
173	pname_630	pdesc_955_955_955_95	MUSIC	8.91
174	pname_588_	pdesc_218_218_218	MOVIE	10.25
175	pname_265_	pdesc_124_124_1	MUSIC	6.76
176	pname_736_	pdesc_157_157_157_	MOVIE	12.52
177	pname_9	pdesc_638_638_638_6	MUSIC	8.99
178	pname_345	pdesc_837_837_837_	BOOK	6.90
179	pname_52	pdesc_656_656_656	MOVIE	13.19
181	pname_3	pdesc_500_500_5	MUSIC	3.10
182	pname_9	pdesc_506_506_5	BOOK	10.87
183	pname_69	pdesc_526_526_526_5	MUSIC	10.87
184	pname_43	pdesc_632_632_632_6	MUSIC	6.06
185	pname_862	pdesc_523_523_52	MUSIC	13.45
186	pname_3	pdesc_957_957_957_95	BOOK	5.06
188	pname_557	pdesc_32_32_32_32_	MUSIC	12.00
189	pname_8	pdesc_788_788_7	BOOK	11.37
191	pname_22	pdesc_225_225_22	MOVIE	8.68
192	pname_6	pdesc_234_234_2	MUSIC	10.15
193	pname_3	pdesc_995_995_99	MUSIC	8.62
194	pname_48	pdesc_190_190_190	BOOK	8.31
195	pname_752_	pdesc_965_965_96	MUSIC	9.66
196	pname_75	pdesc_765_765_765_76	MUSIC	7.47
197	pname_508_	pdesc_96_96_96_9	MUSIC	12.03
199	pname_756_	pdesc_505_505_505_	MUSIC	10.46
200	pname_873_	pdesc_233_233_233_	MUSIC	8.33
202	pname_467_	pdesc_63_63_63_63_6	MOVIE	8.93
203	pname_940_	pdesc_826_826_826_8	MUSIC	1.84
204	pname_907	pdesc_944_944_9	MOVIE	2.85
205	pname_74	pdesc_222_222_222_2	BOOK	10.82
208	pname_953	pdesc_911_911_911_	MOVIE	10.95
210	pname_8	pdesc_112_112_112_1	BOOK	12.01
212	pname_5	pdesc_412_412_412_4	BOOK	17.15
213	pname_7	pdesc_396_396_396_3	MUSIC	5.36
214	pname_726_	pdesc_370_370_3	MUSIC	6.67
215	pname_8	pdesc_207_207_207_	MUSIC	13.65
217	pname_3	pdesc_885_885_88	MUSIC	6.84
218	pname_933	pdesc_51_51_51_51_	MUSIC	15.10
219	pname_55_	pdesc_572_572_572	MOVIE	9.38
220	pname_978_	pdesc_208_208_2	MOVIE	12.57
221	pname_5	pdesc_686_686_686	MOVIE	7.95
222	pname_725	pdesc_31_31_31_31_31	BOOK	12.49
223	pname_45	pdesc_640_640_6	BOOK	6.56
224	pname_745	pdesc_350_350_350	MUSIC	4.32
226	pname_234	pdesc_85_85_85_85_8	MUSIC	9.25
227	pname_944_	pdesc_335_335_33	MOVIE	12.24
229	pname_28	pdesc_600_600_600_6	BOOK	10.41
230	pname_211_	pdesc_820_820_820_8	MOVIE	8.92
232	pname_44	pdesc_691_691_69	MUSIC	8.36
234	pname_341	pdesc_620_620_620	MUSIC	10.38
235	pname_244	pdesc_256_256_256_2	MUSIC	12.49
236	pname_85	pdesc_285_285_28	MUSIC	10.29
237	pname_990_	pdesc_781_781_781_	BOOK	13.20
238	pname_298	pdesc_54_54_54_54_	BOOK	12.74
239	pname_27	pdesc_476_476_476_4	BOOK	7.85
240	pname_998_	pdesc_204_204_2	MUSIC	11.43
241	pname_621_	pdesc_132_132_132	BOOK	4.97
243	pname_8	pdesc_507_507_507_	MUSIC	6.93
244	pname_587	pdesc_372_372_3	BOOK	13.32
245	pname_462	pdesc_239_239_239_	MUSIC	10.21
246	pname_5	pdesc_500_500_5	BOOK	12.12
247	pname_52	pdesc_344_344_3	BOOK	11.52
248	pname_47	pdesc_916_916_9	MUSIC	5.49
249	pname_803_	pdesc_868_868_8	BOOK	8.35
250	pname_395	pdesc_828_828_828_8	MUSIC	12.54
251	pname_674	pdesc_371_371_371_	BOOK	11.50
252	pname_903	pdesc_334_334_334_3	BOOK	7.16
253	pname_716_	pdesc_390_390_390_3	MUSIC	12.32
257	pname_305	pdesc_174_174_174_1	BOOK	5.82
258	pname_108_	pdesc_449_449_44	MOVIE	3.64
259	pname_528_	pdesc_919_919_919_	MUSIC	6.58
261	pname_3	pdesc_708_708_708	MOVIE	6.61
262	pname_8	pdesc_786_786_7	MUSIC	10.53
263	pname_53	pdesc_144_144_144_1	MUSIC	8.69
264	pname_260	pdesc_905_905_90	MUSIC	10.30
266	pname_658	pdesc_14_14_14_1	MUSIC	12.97
267	pname_103	pdesc_796_796_796	MOVIE	8.34
268	pname_79	pdesc_836_836_8	MOVIE	9.19
269	pname_12	pdesc_582_582_582_5	MUSIC	11.36
270	pname_721	pdesc_411_411_41	MUSIC	12.97
272	pname_329	pdesc_80_80_80_80	MUSIC	11.59
273	pname_144_	pdesc_655_655_655_65	BOOK	7.63
274	pname_97	pdesc_769_769_769_76	BOOK	6.09
275	pname_5	pdesc_502_502_5	MUSIC	19.30
276	pname_12	pdesc_389_389_389_38	MUSIC	7.92
278	pname_4	pdesc_54_54_54_54_	BOOK	4.79
279	pname_153	pdesc_915_915_915_	MUSIC	12.99
280	pname_42	pdesc_577_577_577_57	BOOK	9.97
281	pname_645_	pdesc_853_853_85	MOVIE	11.10
282	pname_48	pdesc_591_591_591_	MUSIC	10.29
283	pname_200	pdesc_42_42_42_42	MUSIC	12.51
284	pname_496	pdesc_888_888_888_8	MUSIC	6.80
286	pname_412	pdesc_997_997_99	MUSIC	11.89
287	pname_721	pdesc_465_465_465_46	MUSIC	6.32
288	pname_8	pdesc_500_500_5	BOOK	8.90
289	pname_2	pdesc_963_963_96	MUSIC	10.05
290	pname_852	pdesc_608_608_608_6	BOOK	8.86
291	pname_2	pdesc_776_776_776_7	MUSIC	17.69
292	pname_6	pdesc_193_193_193_19	MUSIC	12.91
293	pname_694	pdesc_974_974_9	BOOK	12.96
294	pname_28_2	pdesc_913_913_913_	MUSIC	8.87
295	pname_47	pdesc_144_144_144_1	MUSIC	7.23
296	pname_50	pdesc_602_602_602_6	BOOK	4.88
298	pname_38	pdesc_422_422_4	BOOK	8.11
299	pname_69_6	pdesc_260_260_2	BOOK	12.28
300	pname_3	pdesc_886_886_886_8	BOOK	15.32
302	pname_41	pdesc_151_151_151_	BOOK	10.82
303	pname_452	pdesc_782_782_7	BOOK	6.12
304	pname_8	pdesc_190_190_190	MUSIC	12.77
305	pname_721	pdesc_12_12_12_12_12	BOOK	9.09
306	pname_1	pdesc_309_309_30	MOVIE	6.17
308	pname_8	pdesc_81_81_81_	BOOK	8.74
309	pname_280	pdesc_595_595_595_	MUSIC	7.11
310	pname_322_	pdesc_104_104_104	BOOK	13.29
311	pname_558_	pdesc_148_148_148_1	BOOK	14.57
313	pname_55	pdesc_536_536_5	MOVIE	19.89
314	pname_604	pdesc_205_205_205_	MUSIC	8.34
316	pname_775	pdesc_903_903_90	MUSIC	14.26
317	pname_67	pdesc_264_264_2	MUSIC	5.36
318	pname_3	pdesc_93_93_93_9	MUSIC	11.51
319	pname_61	pdesc_657_657_657_65	MUSIC	6.61
320	pname_913	pdesc_156_156_1	MUSIC	8.18
323	pname_1	pdesc_357_357_357_35	BOOK	14.16
325	pname_95_	pdesc_516_516_516	MUSIC	12.29
328	pname_631_	pdesc_555_555_55	BOOK	8.94
329	pname_749	pdesc_609_609_60	BOOK	9.62
330	pname_695_	pdesc_86_86_86_86	BOOK	9.91
332	pname_9	pdesc_164_164_164	BOOK	11.54
333	pname_7	pdesc_661_661_66	MUSIC	6.88
334	pname_476	pdesc_520_520_520_5	BOOK	6.64
336	pname_291_	pdesc_477_477_47	MUSIC	10.80
338	pname_706_	pdesc_566_566_5	MUSIC	11.31
339	pname_386_	pdesc_292_292_2	MOVIE	11.00
341	pname_3	pdesc_541_541_541_54	MOVIE	8.04
342	pname_78	pdesc_331_331_33	MUSIC	7.25
343	pname_177	pdesc_704_704_704	BOOK	9.97
344	pname_2	pdesc_553_553_55	MUSIC	6.40
345	pname_785	pdesc_879_879_879_87	MUSIC	11.91
347	pname_362_	pdesc_620_620_620	MUSIC	7.53
349	pname_19_	pdesc_930_930_930_9	BOOK	10.31
350	pname_96	pdesc_277_277_277_27	MUSIC	11.84
351	pname_715	pdesc_39_39_39_3	BOOK	13.44
352	pname_8	pdesc_503_503_503_	BOOK	11.29
354	pname_6	pdesc_608_608_608_6	BOOK	5.24
355	pname_114_	pdesc_512_512_512	MOVIE	7.34
356	pname_9	pdesc_628_628_628	MUSIC	7.79
359	pname_7	pdesc_77_77_77_7	BOOK	9.73
362	pname_60	pdesc_384_384_384	MUSIC	4.21
363	pname_799	pdesc_974_974_9	BOOK	9.17
364	pname_7	pdesc_273_273_273_27	BOOK	11.29
365	pname_5	pdesc_799_799_799_79	MUSIC	8.95
367	pname_8	pdesc_964_964_964_9	MUSIC	14.17
368	pname_649_	pdesc_273_273_273_27	BOOK	11.17
369	pname_690	pdesc_696_696_696_6	MOVIE	13.11
370	pname_92	pdesc_862_862_8	BOOK	16.20
371	pname_517	pdesc_665_665_66	BOOK	12.97
372	pname_948_	pdesc_950_950_950	MUSIC	10.46
374	pname_98_	pdesc_756_756_7	BOOK	9.18
375	pname_68	pdesc_27_27_27_	BOOK	11.49
376	pname_7	pdesc_426_426_4	MOVIE	9.49
377	pname_5	pdesc_990_990_990_9	BOOK	11.10
378	pname_67_6	pdesc_127_127_127_	MUSIC	16.71
379	pname_92	pdesc_682_682_682	MUSIC	5.54
380	pname_63	pdesc_300_300_300_3	MUSIC	16.97
382	pname_81	pdesc_505_505_505_	MUSIC	6.88
383	pname_73	pdesc_380_380_380	MUSIC	12.11
385	pname_904_	pdesc_297_297_297_	MUSIC	7.11
386	pname_8	pdesc_633_633_63	MUSIC	9.67
387	pname_4	pdesc_809_809_809_	BOOK	10.56
388	pname_13	pdesc_42_42_42_42	MUSIC	9.60
389	pname_7	pdesc_116_116_116_1	MUSIC	7.60
390	pname_329	pdesc_288_288_288_2	MUSIC	19.25
391	pname_6	pdesc_13_13_13_13_	MUSIC	11.28
392	pname_2	pdesc_238_238_2	BOOK	10.39
393	pname_12	pdesc_835_835_835_	MUSIC	0.94
394	pname_412	pdesc_879_879_879_87	BOOK	9.31
395	pname_51	pdesc_240_240_240	MOVIE	7.65
396	pname_254	pdesc_890_890_8	MUSIC	12.79
397	pname_4	pdesc_941_941_941_	BOOK	4.23
398	pname_8	pdesc_279_279_279_27	BOOK	15.73
399	pname_3	pdesc_993_993_99	MUSIC	11.40
401	pname_560_	pdesc_100_100_100	BOOK	16.23
402	pname_26	pdesc_608_608_608_6	BOOK	4.55
404	pname_6	pdesc_376_376_3	BOOK	12.12
405	pname_47	pdesc_469_469_469_46	BOOK	11.70
406	pname_940_	pdesc_871_871_871_87	BOOK	9.05
407	pname_9	pdesc_187_187_187_	BOOK	8.08
408	pname_52_	pdesc_702_702_702	BOOK	12.91
409	pname_3	pdesc_545_545_545_54	BOOK	5.81
410	pname_554_	pdesc_570_570_570	MUSIC	6.29
411	pname_3	pdesc_157_157_157_	BOOK	10.18
412	pname_896	pdesc_938_938_938_9	BOOK	9.92
414	pname_8	pdesc_703_703_703_70	BOOK	5.89
416	pname_271_	pdesc_264_264_2	MUSIC	10.30
417	pname_235_	pdesc_786_786_7	BOOK	2.39
418	pname_92	pdesc_507_507_507_	MUSIC	10.62
419	pname_963	pdesc_427_427_427_	BOOK	10.12
420	pname_709	pdesc_994_994_994_9	MOVIE	10.86
421	pname_8	pdesc_359_359_359_35	MUSIC	12.92
422	pname_2	pdesc_76_76_76_76_	BOOK	10.11
423	pname_365	pdesc_68_68_68_	BOOK	11.04
424	pname_59	pdesc_476_476_476_4	MUSIC	9.81
425	pname_635_	pdesc_457_457_457_	MUSIC	8.51
426	pname_5	pdesc_928_928_928	MUSIC	7.43
427	pname_57	pdesc_176_176_176_1	MUSIC	10.65
428	pname_6	pdesc_848_848_848	BOOK	10.06
429	pname_386_	pdesc_256_256_256_2	MUSIC	11.98
431	pname_4	pdesc_68_68_68_	BOOK	9.42
432	pname_3	pdesc_315_315_315_	BOOK	7.91
434	pname_8	pdesc_978_978_9	BOOK	10.78
435	pname_950_	pdesc_281_281_28	BOOK	11.66
436	pname_46	pdesc_678_678_6	BOOK	6.45
438	pname_4	pdesc_810_810_810	BOOK	9.76
439	pname_611_	pdesc_3_3_3_3_3_3_3_	MOVIE	10.77
440	pname_1	pdesc_528_528_528_5	BOOK	11.71
441	pname_74	pdesc_629_629_629_62	BOOK	12.15
442	pname_392_	pdesc_361_361_36	BOOK	12.74
443	pname_28	pdesc_965_965_96	MOVIE	10.45
444	pname_190_	pdesc_385_385_385_38	BOOK	10.08
445	pname_7	pdesc_116_116_116_1	BOOK	10.98
446	pname_28	pdesc_239_239_239_	MOVIE	10.73
447	pname_407_	pdesc_451_451_451_	BOOK	10.26
448	pname_990_	pdesc_866_866_8	MUSIC	10.88
449	pname_8	pdesc_954_954_954	MUSIC	13.35
450	pname_483_	pdesc_306_306_306_3	MUSIC	12.42
451	pname_301	pdesc_806_806_8	MOVIE	8.74
453	pname_577	pdesc_508_508_5	MUSIC	11.69
454	pname_8	pdesc_301_301_30	MUSIC	11.67
457	pname_298	pdesc_231_231_231_	BOOK	10.19
458	pname_953	pdesc_780_780_7	BOOK	11.81
460	pname_55	pdesc_840_840_840	BOOK	10.08
461	pname_91	pdesc_464_464_464	BOOK	11.99
464	pname_4	pdesc_643_643_643_	BOOK	5.66
465	pname_295_	pdesc_844_844_844	MUSIC	7.24
466	pname_77	pdesc_304_304_304_3	BOOK	9.80
467	pname_45	pdesc_223_223_22	MUSIC	10.84
469	pname_609_	pdesc_508_508_5	BOOK	11.65
470	pname_443_	pdesc_982_982_982	BOOK	9.61
472	pname_8	pdesc_738_738_738	MOVIE	17.44
474	pname_17_	pdesc_751_751_751_	BOOK	13.40
475	pname_802	pdesc_477_477_47	BOOK	9.44
476	pname_1	pdesc_735_735_735_73	BOOK	13.29
477	pname_40	pdesc_266_266_2	BOOK	6.42
478	pname_9	pdesc_378_378_3	MUSIC	9.51
479	pname_386_	pdesc_496_496_496	MUSIC	16.69
480	pname_988_	pdesc_3_3_3_3_3_3_3_	BOOK	14.73
481	pname_910_	pdesc_659_659_659_65	MUSIC	4.62
482	pname_4	pdesc_469_469_469_46	MUSIC	10.52
483	pname_802	pdesc_615_615_615_	BOOK	5.35
484	pname_36	pdesc_730_730_730	MUSIC	14.54
485	pname_36	pdesc_905_905_90	BOOK	10.59
486	pname_76	pdesc_50_50_50_50_50	MUSIC	11.35
487	pname_219_	pdesc_42_42_42_42	BOOK	12.77
488	pname_5	pdesc_292_292_2	MUSIC	13.29
489	pname_751	pdesc_99_99_99_9	MUSIC	13.31
491	pname_436	pdesc_145_145_14	BOOK	8.25
492	pname_22	pdesc_546_546_546	MOVIE	4.46
493	pname_13	pdesc_829_829_82	MUSIC	7.71
494	pname_823_	pdesc_582_582_582_5	MUSIC	5.02
495	pname_64_6	pdesc_914_914_9	MUSIC	9.91
496	pname_8	pdesc_199_199_199_19	BOOK	12.95
497	pname_65_6	pdesc_820_820_820_8	MUSIC	8.33
498	pname_80	pdesc_154_154_1	MOVIE	12.51
499	pname_776_	pdesc_777_777_77	MOVIE	9.52
501	pname_453_	pdesc_544_544_544	BOOK	13.70
502	pname_15	pdesc_523_523_52	MUSIC	11.24
504	pname_290	pdesc_278_278_278	MUSIC	9.70
505	pname_86	pdesc_475_475_47	BOOK	10.46
506	pname_255_	pdesc_577_577_577_57	MUSIC	11.33
508	pname_807_	pdesc_534_534_5	MUSIC	10.92
509	pname_948_	pdesc_915_915_915_	MUSIC	13.39
510	pname_30	pdesc_44_44_44_44_4	MOVIE	10.65
512	pname_5	pdesc_178_178_178_1	MOVIE	10.74
515	pname_877_	pdesc_340_340_3	MOVIE	14.45
516	pname_88	pdesc_555_555_55	MOVIE	7.34
517	pname_64_6	pdesc_517_517_517_51	MUSIC	10.99
518	pname_432	pdesc_128_128_1	MUSIC	8.42
519	pname_331	pdesc_599_599_599_	BOOK	5.86
520	pname_746_	pdesc_349_349_349_	MUSIC	5.80
522	pname_22	pdesc_15_15_15_15_15	MUSIC	12.44
523	pname_4	pdesc_967_967_96	MUSIC	8.29
524	pname_729	pdesc_370_370_3	BOOK	13.47
525	pname_2	pdesc_517_517_517_51	MUSIC	8.03
526	pname_27	pdesc_644_644_6	BOOK	9.32
528	pname_5	pdesc_831_831_831_	MOVIE	8.96
529	pname_9	pdesc_844_844_844	MOVIE	9.39
531	pname_321	pdesc_207_207_207_	BOOK	7.53
532	pname_893_	pdesc_150_150_1	MOVIE	7.84
534	pname_188_	pdesc_729_729_729_	BOOK	8.27
535	pname_63_6	pdesc_545_545_545_54	MOVIE	14.80
536	pname_4	pdesc_138_138_138	MUSIC	9.58
537	pname_988_	pdesc_537_537_537_	MUSIC	11.50
538	pname_593	pdesc_226_226_226_2	MOVIE	8.00
540	pname_1	pdesc_345_345_345_	BOOK	2.84
541	pname_379	pdesc_750_750_7	MUSIC	16.01
542	pname_9	pdesc_313_313_313_	MUSIC	10.67
543	pname_7	pdesc_751_751_751_	BOOK	13.19
544	pname_35	pdesc_772_772_772_7	MUSIC	7.63
545	pname_2	pdesc_692_692_692_6	BOOK	12.10
547	pname_658	pdesc_999_999_99	MUSIC	11.22
548	pname_147	pdesc_133_133_133_13	MUSIC	7.69
549	pname_948_	pdesc_433_433_433_43	MUSIC	10.79
551	pname_6	pdesc_224_224_224_2	MUSIC	13.27
552	pname_37	pdesc_454_454_4	BOOK	7.67
553	pname_97	pdesc_939_939_93	MUSIC	11.52
554	pname_4	pdesc_803_803_803_	BOOK	5.59
555	pname_249_	pdesc_991_991_99	MOVIE	10.41
558	pname_305	pdesc_72_72_72_72_72	BOOK	9.73
559	pname_48	pdesc_874_874_874	MOVIE	5.42
560	pname_339	pdesc_480_480_4	BOOK	10.75
561	pname_826	pdesc_476_476_476_4	MUSIC	7.66
562	pname_57	pdesc_881_881_88	BOOK	10.69
563	pname_837_	pdesc_930_930_930_9	BOOK	7.16
564	pname_1	pdesc_225_225_22	MUSIC	7.19
565	pname_453_	pdesc_495_495_495_49	BOOK	4.36
566	pname_624	pdesc_909_909_90	MUSIC	7.43
567	pname_947	pdesc_273_273_273_27	MUSIC	12.77
569	pname_96	pdesc_418_418_418_4	MOVIE	11.64
570	pname_3	pdesc_307_307_30	BOOK	11.76
571	pname_96_	pdesc_129_129_129_	MUSIC	8.17
573	pname_18	pdesc_7_7_7_7_7_7_	MUSIC	2.81
575	pname_67	pdesc_228_228_228_2	MUSIC	13.20
576	pname_876	pdesc_650_650_650	MUSIC	12.45
577	pname_694	pdesc_198_198_198	MUSIC	9.19
578	pname_45	pdesc_396_396_396_3	BOOK	8.73
579	pname_86	pdesc_325_325_325_32	BOOK	7.97
580	pname_27	pdesc_8_8_8_8_8_8_8	BOOK	8.46
581	pname_9	pdesc_16_16_16_16_	BOOK	9.65
582	pname_4	pdesc_459_459_459_	MUSIC	12.20
585	pname_863_	pdesc_193_193_193_19	BOOK	10.96
586	pname_62	pdesc_54_54_54_54_	MUSIC	9.30
587	pname_543	pdesc_738_738_738	BOOK	6.68
588	pname_6	pdesc_87_87_87_	MOVIE	13.69
589	pname_3	pdesc_407_407_407_40	MOVIE	13.93
590	pname_33	pdesc_293_293_293_	MOVIE	14.73
591	pname_8	pdesc_188_188_1	BOOK	8.66
592	pname_917	pdesc_716_716_716_7	MUSIC	8.55
593	pname_14	pdesc_611_611_611_	BOOK	11.33
594	pname_1	pdesc_128_128_1	BOOK	8.02
596	pname_583	pdesc_449_449_44	MOVIE	11.32
597	pname_97	pdesc_604_604_604_6	BOOK	9.36
598	pname_882	pdesc_247_247_247_24	BOOK	5.65
599	pname_64_6	pdesc_864_864_8	BOOK	12.09
600	pname_174_	pdesc_601_601_60	MUSIC	9.15
601	pname_914_	pdesc_961_961_96	BOOK	6.90
602	pname_1	pdesc_816_816_816	BOOK	8.28
603	pname_954_	pdesc_43_43_43_	BOOK	11.65
604	pname_908_	pdesc_806_806_8	MOVIE	5.68
606	pname_271_	pdesc_780_780_7	BOOK	9.55
607	pname_3	pdesc_404_404_404	BOOK	14.92
609	pname_954_	pdesc_913_913_913_	BOOK	13.97
611	pname_1	pdesc_641_641_641_	BOOK	12.53
612	pname_13	pdesc_62_62_62_	MUSIC	8.71
613	pname_251_	pdesc_655_655_655_65	BOOK	9.70
614	pname_745	pdesc_590_590_5	MUSIC	9.72
615	pname_19	pdesc_268_268_2	MUSIC	15.60
616	pname_60	pdesc_74_74_74_7	BOOK	6.45
617	pname_577	pdesc_5_5_5_5_5_	MUSIC	12.83
619	pname_315	pdesc_88_88_88_88_8	MOVIE	10.77
621	pname_9	pdesc_832_832_8	BOOK	7.72
622	pname_4	pdesc_172_172_172_1	MUSIC	8.82
623	pname_47	pdesc_953_953_953_95	MOVIE	12.27
624	pname_4	pdesc_610_610_6	BOOK	13.57
625	pname_39	pdesc_193_193_193_19	MUSIC	8.21
627	pname_99	pdesc_800_800_8	MUSIC	6.67
631	pname_49	pdesc_79_79_79_79_	MUSIC	11.69
633	pname_472	pdesc_218_218_218	MUSIC	10.57
635	pname_634	pdesc_591_591_591_	MOVIE	10.68
636	pname_781	pdesc_176_176_176_1	MUSIC	10.37
637	pname_289_	pdesc_236_236_2	MOVIE	10.04
638	pname_639_	pdesc_319_319_319_	MOVIE	10.44
639	pname_5	pdesc_771_771_77	MUSIC	11.69
640	pname_46	pdesc_370_370_3	BOOK	12.21
641	pname_58	pdesc_928_928_928	MUSIC	7.67
642	pname_157	pdesc_63_63_63_63_6	BOOK	7.47
643	pname_524_	pdesc_103_103_103_10	MUSIC	9.54
644	pname_560_	pdesc_64_64_64_64	BOOK	5.03
645	pname_8	pdesc_505_505_505_	BOOK	12.63
646	pname_144_	pdesc_930_930_930_9	MUSIC	10.64
647	pname_507	pdesc_510_510_510	BOOK	11.29
649	pname_660	pdesc_433_433_433_43	MOVIE	9.64
650	pname_746_	pdesc_223_223_22	BOOK	9.62
653	pname_118_	pdesc_933_933_93	BOOK	10.71
654	pname_100_	pdesc_74_74_74_7	MUSIC	8.44
655	pname_619_	pdesc_358_358_358	MUSIC	12.31
656	pname_661_	pdesc_196_196_196	MUSIC	7.89
657	pname_61	pdesc_968_968_968_9	MUSIC	14.10
658	pname_897_	pdesc_477_477_47	MUSIC	8.26
659	pname_72	pdesc_926_926_926	MUSIC	13.35
660	pname_47	pdesc_430_430_430	BOOK	11.87
661	pname_8	pdesc_636_636_636_6	MUSIC	12.15
662	pname_92_	pdesc_367_367_36	MUSIC	2.10
664	pname_1	pdesc_35_35_35_35_	BOOK	12.21
666	pname_2	pdesc_411_411_41	MUSIC	7.60
667	pname_25	pdesc_803_803_803_	MUSIC	6.71
668	pname_365	pdesc_22_22_22_22_2	BOOK	8.14
669	pname_600	pdesc_447_447_44	MUSIC	12.60
670	pname_679_	pdesc_582_582_582_5	MOVIE	15.59
671	pname_81	pdesc_213_213_213_21	MUSIC	7.68
672	pname_32	pdesc_820_820_820_8	BOOK	6.30
673	pname_5	pdesc_809_809_809_	BOOK	8.82
674	pname_11	pdesc_474_474_474_4	MUSIC	7.45
675	pname_1	pdesc_974_974_9	BOOK	10.26
676	pname_614	pdesc_629_629_629_62	MUSIC	8.48
678	pname_342_	pdesc_885_885_88	MOVIE	4.58
679	pname_11	pdesc_920_920_920	BOOK	7.10
680	pname_81	pdesc_74_74_74_7	MOVIE	9.96
681	pname_264	pdesc_238_238_2	MUSIC	12.73
682	pname_4	pdesc_579_579_579_57	MUSIC	9.05
683	pname_379	pdesc_937_937_93	BOOK	5.31
684	pname_10	pdesc_149_149_14	BOOK	9.66
685	pname_34	pdesc_900_900_900_9	BOOK	10.04
686	pname_735	pdesc_474_474_474_4	BOOK	8.35
687	pname_7	pdesc_492_492_492	BOOK	16.55
688	pname_278	pdesc_145_145_14	MUSIC	13.31
689	pname_86	pdesc_987_987_987_98	MUSIC	14.98
690	pname_49	pdesc_7_7_7_7_7_7_	MUSIC	7.89
691	pname_80	pdesc_91_91_91_91_91	BOOK	6.65
692	pname_5	pdesc_809_809_809_	BOOK	11.14
693	pname_178_	pdesc_88_88_88_88_8	BOOK	12.59
694	pname_379	pdesc_671_671_671_	MUSIC	13.72
695	pname_85	pdesc_760_760_760	BOOK	8.52
697	pname_94	pdesc_709_709_709_70	BOOK	7.98
698	pname_2	pdesc_405_405_405_40	MUSIC	5.34
700	pname_29_2	pdesc_27_27_27_	MUSIC	2.32
701	pname_1	pdesc_303_303_30	BOOK	12.96
704	pname_81	pdesc_616_616_6	MUSIC	4.35
705	pname_36	pdesc_909_909_90	MOVIE	15.44
706	pname_756_	pdesc_864_864_8	BOOK	11.65
707	pname_920_	pdesc_690_690_690_6	BOOK	12.90
708	pname_84	pdesc_20_20_20_20	MUSIC	11.36
710	pname_14	pdesc_985_985_985_98	BOOK	9.95
711	pname_1	pdesc_457_457_457_	BOOK	8.37
712	pname_35	pdesc_206_206_2	MOVIE	8.28
713	pname_30	pdesc_126_126_1	BOOK	10.34
714	pname_1	pdesc_116_116_116_1	MUSIC	7.12
716	pname_366_	pdesc_759_759_759_	MUSIC	15.88
717	pname_88	pdesc_471_471_47	MUSIC	15.18
718	pname_254	pdesc_334_334_334_3	MUSIC	10.64
719	pname_3	pdesc_220_220_220_2	BOOK	11.25
721	pname_74	pdesc_490_490_490	BOOK	7.12
722	pname_9	pdesc_583_583_58	BOOK	8.51
723	pname_124_	pdesc_230_230_2	MUSIC	5.50
724	pname_4	pdesc_685_685_685_68	MOVIE	4.18
725	pname_729	pdesc_1_1_1_1_1_1_	MUSIC	12.65
726	pname_684	pdesc_887_887_88	MUSIC	11.76
727	pname_934_	pdesc_194_194_194	BOOK	9.31
728	pname_604	pdesc_5_5_5_5_5_	MUSIC	8.00
732	pname_7	pdesc_273_273_273_27	BOOK	6.67
733	pname_147	pdesc_195_195_195_19	MUSIC	7.96
734	pname_19_	pdesc_108_108_108	MUSIC	8.65
735	pname_776_	pdesc_188_188_1	MUSIC	10.37
737	pname_3	pdesc_580_580_580_5	MOVIE	12.99
739	pname_61_6	pdesc_466_466_466	BOOK	10.96
740	pname_21	pdesc_460_460_460	BOOK	10.39
741	pname_331	pdesc_795_795_795_79	MUSIC	11.01
742	pname_1	pdesc_97_97_97_97_97	MUSIC	8.86
743	pname_802	pdesc_113_113_11	MUSIC	10.79
744	pname_500_	pdesc_576_576_576	MUSIC	13.75
747	pname_413_	pdesc_963_963_96	MUSIC	8.78
750	pname_2	pdesc_359_359_359_35	BOOK	5.52
751	pname_187	pdesc_755_755_755_	BOOK	7.87
752	pname_8	pdesc_147_147_14	BOOK	11.10
753	pname_375	pdesc_600_600_600_6	BOOK	6.45
755	pname_34	pdesc_622_622_622	MUSIC	8.81
758	pname_5	pdesc_113_113_11	BOOK	7.95
759	pname_8	pdesc_705_705_705_70	BOOK	13.16
760	pname_319	pdesc_850_850_850_8	MOVIE	13.66
761	pname_8	pdesc_692_692_692_6	MUSIC	14.69
762	pname_221_	pdesc_280_280_280_2	MOVIE	8.22
765	pname_7	pdesc_108_108_108	MUSIC	10.66
767	pname_74	pdesc_860_860_8	MUSIC	9.32
768	pname_813_	pdesc_635_635_63	MUSIC	10.65
770	pname_1	pdesc_333_333_33	BOOK	10.42
771	pname_46	pdesc_594_594_5	BOOK	10.95
772	pname_9	pdesc_264_264_2	BOOK	12.52
773	pname_92	pdesc_209_209_209_	BOOK	10.20
774	pname_5	pdesc_528_528_528_5	MUSIC	8.21
775	pname_20	pdesc_337_337_33	BOOK	12.18
776	pname_705	pdesc_559_559_55	MUSIC	9.95
778	pname_4	pdesc_829_829_82	MOVIE	4.14
779	pname_907	pdesc_298_298_2	MUSIC	9.99
780	pname_82	pdesc_477_477_47	BOOK	12.95
781	pname_2	pdesc_578_578_578	MOVIE	10.06
782	pname_584_	pdesc_56_56_56_56_56	MOVIE	7.22
783	pname_467_	pdesc_717_717_71	MUSIC	5.91
784	pname_43	pdesc_975_975_975_	BOOK	7.80
785	pname_9	pdesc_724_724_7	MUSIC	16.31
787	pname_6	pdesc_66_66_66_66_6	BOOK	7.54
788	pname_857_	pdesc_417_417_41	MUSIC	11.15
789	pname_89	pdesc_456_456_4	MUSIC	6.24
790	pname_651_	pdesc_81_81_81_	BOOK	11.16
791	pname_78	pdesc_67_67_67_67	MOVIE	9.16
792	pname_887_	pdesc_443_443_44	BOOK	10.01
793	pname_997	pdesc_960_960_960_9	BOOK	14.28
794	pname_208	pdesc_592_592_5	MUSIC	10.61
795	pname_795	pdesc_937_937_93	MUSIC	11.76
796	pname_550_	pdesc_44_44_44_44_4	MUSIC	12.75
797	pname_8	pdesc_648_648_6	BOOK	6.04
798	pname_60	pdesc_175_175_17	BOOK	9.64
799	pname_28_2	pdesc_59_59_59_59_59	BOOK	7.65
800	pname_124_	pdesc_280_280_280_2	MOVIE	12.84
801	pname_332_	pdesc_798_798_798	MUSIC	4.48
803	pname_1	pdesc_315_315_315_	BOOK	9.03
804	pname_61_6	pdesc_199_199_199_19	MUSIC	12.05
805	pname_299_	pdesc_400_400_400	MUSIC	11.05
806	pname_8	pdesc_734_734_734	BOOK	9.83
807	pname_856	pdesc_442_442_442_4	BOOK	9.28
808	pname_2	pdesc_62_62_62_	BOOK	9.69
810	pname_53	pdesc_556_556_556_5	MOVIE	10.41
811	pname_3	pdesc_600_600_600_6	MOVIE	6.79
812	pname_5	pdesc_692_692_692_6	BOOK	9.65
813	pname_3	pdesc_993_993_99	BOOK	9.60
814	pname_920_	pdesc_581_581_58	BOOK	8.90
816	pname_4	pdesc_181_181_181_	MOVIE	6.59
817	pname_537	pdesc_764_764_764	BOOK	15.15
819	pname_413_	pdesc_659_659_659_65	MUSIC	8.13
820	pname_812	pdesc_617_617_617_	BOOK	5.27
822	pname_980_	pdesc_896_896_8	BOOK	6.25
823	pname_699_	pdesc_70_70_70_70_	BOOK	10.14
824	pname_4	pdesc_407_407_407_40	MUSIC	5.30
825	pname_128_	pdesc_554_554_554_5	MOVIE	11.23
826	pname_67	pdesc_443_443_44	MUSIC	11.96
827	pname_74	pdesc_501_501_501_	MUSIC	4.27
828	pname_28	pdesc_161_161_161_16	MOVIE	10.05
829	pname_442	pdesc_618_618_6	BOOK	12.02
831	pname_803_	pdesc_350_350_350	MUSIC	10.40
832	pname_385	pdesc_869_869_869_	BOOK	9.95
833	pname_732_	pdesc_841_841_841_84	MUSIC	11.95
835	pname_93	pdesc_419_419_41	MUSIC	9.50
838	pname_917	pdesc_708_708_708	BOOK	9.72
839	pname_284	pdesc_747_747_74	BOOK	7.92
840	pname_24_2	pdesc_786_786_7	BOOK	7.87
841	pname_7	pdesc_854_854_854_8	MOVIE	12.12
842	pname_5	pdesc_678_678_6	MOVIE	5.41
844	pname_311	pdesc_921_921_921_92	BOOK	14.79
845	pname_50	pdesc_855_855_85	BOOK	9.64
846	pname_39	pdesc_951_951_951_95	BOOK	11.54
847	pname_285_	pdesc_90_90_90_9	MUSIC	6.18
848	pname_706_	pdesc_475_475_47	MOVIE	13.24
849	pname_85	pdesc_968_968_968_9	MUSIC	10.77
850	pname_9	pdesc_369_369_36	BOOK	5.30
851	pname_795	pdesc_884_884_884_8	MUSIC	10.71
852	pname_497_	pdesc_255_255_25	MOVIE	14.02
853	pname_75	pdesc_765_765_765_76	MUSIC	8.39
854	pname_4	pdesc_904_904_904_9	MOVIE	14.11
855	pname_504_	pdesc_83_83_83_83	MOVIE	6.39
858	pname_548_	pdesc_294_294_2	MUSIC	13.70
859	pname_245_	pdesc_257_257_25	BOOK	10.99
860	pname_799	pdesc_532_532_5	BOOK	14.61
861	pname_472	pdesc_225_225_22	BOOK	11.34
862	pname_30	pdesc_176_176_176_1	BOOK	9.72
863	pname_15	pdesc_403_403_403_40	MUSIC	8.84
864	pname_245_	pdesc_676_676_6	MUSIC	9.98
865	pname_379	pdesc_627_627_627_62	MUSIC	10.81
866	pname_973	pdesc_415_415_41	MUSIC	7.84
867	pname_28	pdesc_457_457_457_	MOVIE	12.80
869	pname_472	pdesc_232_232_2	MUSIC	9.09
870	pname_621_	pdesc_19_19_19_19_	BOOK	3.85
872	pname_3	pdesc_330_330_330_3	MUSIC	11.51
874	pname_230	pdesc_417_417_41	BOOK	12.87
875	pname_765	pdesc_847_847_847_84	BOOK	4.05
877	pname_4	pdesc_117_117_11	BOOK	5.91
879	pname_957	pdesc_721_721_721_	BOOK	14.06
880	pname_4	pdesc_258_258_258_2	MUSIC	7.38
881	pname_167	pdesc_224_224_224_2	MOVIE	15.63
882	pname_6	pdesc_577_577_577_57	MUSIC	11.97
883	pname_31	pdesc_237_237_237_	MOVIE	14.85
884	pname_396_	pdesc_21_21_21_	MOVIE	10.05
885	pname_68	pdesc_218_218_218	MUSIC	8.75
886	pname_24_2	pdesc_161_161_161_16	MUSIC	10.72
888	pname_198_	pdesc_59_59_59_59_59	MOVIE	9.67
889	pname_100_	pdesc_310_310_3	BOOK	8.68
890	pname_977	pdesc_588_588_588_5	MOVIE	10.20
891	pname_621_	pdesc_643_643_643_	BOOK	7.66
892	pname_290	pdesc_920_920_920	MUSIC	10.36
893	pname_36	pdesc_781_781_781_	BOOK	9.23
894	pname_5	pdesc_55_55_55_5	BOOK	7.81
895	pname_6	pdesc_161_161_161_16	MUSIC	10.99
896	pname_7	pdesc_733_733_733_73	MUSIC	11.14
897	pname_644	pdesc_616_616_6	BOOK	13.93
899	pname_634	pdesc_928_928_928	MOVIE	8.73
902	pname_218	pdesc_77_77_77_7	MUSIC	13.61
903	pname_5	pdesc_269_269_269_	MUSIC	17.80
904	pname_630	pdesc_273_273_273_27	MOVIE	7.25
907	pname_524_	pdesc_649_649_649_	MUSIC	10.08
909	pname_147	pdesc_429_429_429_	BOOK	8.13
910	pname_3	pdesc_695_695_69	MOVIE	9.46
911	pname_224	pdesc_758_758_7	MUSIC	10.57
912	pname_17	pdesc_409_409_409_40	MOVIE	12.79
914	pname_82	pdesc_2_2_2_2_2_2_2	BOOK	13.49
915	pname_412	pdesc_415_415_41	MUSIC	8.92
916	pname_67_6	pdesc_462_462_462	MUSIC	6.22
917	pname_756_	pdesc_501_501_501_	MUSIC	4.74
918	pname_107	pdesc_144_144_144_1	MUSIC	16.39
919	pname_756_	pdesc_161_161_161_16	MUSIC	11.32
920	pname_34	pdesc_471_471_47	MOVIE	13.50
921	pname_918_	pdesc_294_294_2	BOOK	3.82
922	pname_54	pdesc_804_804_8	MOVIE	12.05
923	pname_66_6	pdesc_76_76_76_76_	BOOK	6.50
925	pname_215_	pdesc_128_128_1	BOOK	10.34
926	pname_476	pdesc_65_65_65_	BOOK	8.71
929	pname_4	pdesc_229_229_22	BOOK	15.28
930	pname_67_6	pdesc_799_799_799_79	BOOK	11.45
931	pname_486	pdesc_757_757_757_	MUSIC	15.52
932	pname_260	pdesc_377_377_377_	BOOK	11.12
933	pname_5	pdesc_656_656_656	MUSIC	7.09
934	pname_219_	pdesc_5_5_5_5_5_	MUSIC	10.88
935	pname_847_	pdesc_15_15_15_15_15	BOOK	17.50
936	pname_133	pdesc_662_662_662_6	MUSIC	10.38
937	pname_2	pdesc_219_219_219_21	BOOK	9.37
938	pname_6	pdesc_325_325_325_32	MOVIE	8.00
941	pname_359	pdesc_985_985_985_98	MOVIE	14.79
942	pname_978_	pdesc_297_297_297_	BOOK	12.57
945	pname_5	pdesc_609_609_60	MOVIE	3.44
946	pname_22_2	pdesc_570_570_570	BOOK	8.39
947	pname_984_	pdesc_177_177_17	BOOK	9.97
948	pname_65_6	pdesc_546_546_546	MOVIE	9.36
949	pname_517	pdesc_933_933_93	BOOK	10.66
950	pname_5	pdesc_230_230_2	MOVIE	11.37
952	pname_11	pdesc_322_322_322	MUSIC	10.48
953	pname_27_2	pdesc_15_15_15_15_15	MOVIE	10.92
954	pname_190_	pdesc_139_139_139_13	BOOK	9.59
955	pname_379	pdesc_206_206_2	MUSIC	11.05
956	pname_95	pdesc_574_574_574	MUSIC	11.37
957	pname_154_	pdesc_222_222_222_2	BOOK	9.79
959	pname_413_	pdesc_769_769_769_76	MOVIE	12.75
960	pname_8	pdesc_264_264_2	MUSIC	6.52
961	pname_47	pdesc_346_346_3	MUSIC	11.03
962	pname_3	pdesc_771_771_77	MUSIC	6.37
964	pname_29	pdesc_523_523_52	MUSIC	8.79
965	pname_7	pdesc_513_513_513_51	MUSIC	12.85
966	pname_6	pdesc_522_522_522_5	MUSIC	5.99
968	pname_91_	pdesc_335_335_33	MOVIE	5.99
969	pname_426	pdesc_87_87_87_	MUSIC	10.18
971	pname_4	pdesc_953_953_953_95	MUSIC	11.02
972	pname_791	pdesc_106_106_106	MOVIE	9.64
973	pname_684	pdesc_217_217_217_21	BOOK	10.77
975	pname_6	pdesc_705_705_705_70	MOVIE	8.23
976	pname_807_	pdesc_454_454_4	BOOK	18.39
977	pname_5	pdesc_615_615_615_	MOVIE	9.41
978	pname_2	pdesc_855_855_85	MUSIC	11.35
979	pname_64	pdesc_131_131_131_13	MOVIE	10.59
980	pname_598_	pdesc_15_15_15_15_15	MUSIC	15.03
981	pname_7	pdesc_316_316_3	MOVIE	4.75
983	pname_882	pdesc_7_7_7_7_7_7_	BOOK	9.67
984	pname_6	pdesc_593_593_593_	BOOK	10.03
985	pname_45	pdesc_566_566_5	BOOK	11.59
986	pname_9	pdesc_211_211_211_21	MUSIC	15.52
987	pname_466	pdesc_531_531_531_	MUSIC	12.25
991	pname_2	pdesc_109_109_109_10	MOVIE	13.46
992	pname_7	pdesc_452_452_4	MUSIC	12.23
993	pname_8	pdesc_301_301_30	MOVIE	9.27
994	pname_6	pdesc_591_591_591_	MUSIC	14.07
995	pname_771	pdesc_278_278_278	MUSIC	9.05
996	pname_50	pdesc_557_557_55	MOVIE	7.87
999	pname_752_	pdesc_541_541_541_54	MUSIC	7.98
1000	pname_60_6	pdesc_3_3_3_3_3_3_3_	BOOK	14.06
26	pname_725	pdesc_501_501_501_	SPORT	9.92
37	pname_3	pdesc_266_266_2	SPORT	18.39
38	pname_8	pdesc_320_320_320	SPORT	9.92
43	pname_948_	pdesc_796_796_796	SPORT	13.51
46	pname_620	pdesc_393_393_39	SPORT	10.54
59	pname_92_	pdesc_41_41_41_41_4	SPORT	11.98
68	pname_817_	pdesc_204_204_2	SPORT	7.13
78	pname_289_	pdesc_615_615_615_	SPORT	6.39
79	pname_375	pdesc_456_456_4	SPORT	9.69
83	pname_113	pdesc_583_583_58	SPORT	8.34
92	pname_715	pdesc_478_478_478_4	SPORT	9.58
94	pname_497_	pdesc_304_304_304_3	SPORT	9.02
97	pname_580_	pdesc_787_787_787_	SPORT	7.22
106	pname_6	pdesc_950_950_950	SPORT	8.19
111	pname_550_	pdesc_318_318_3	SPORT	8.36
114	pname_967	pdesc_590_590_5	SPORT	5.90
124	pname_3	pdesc_105_105_105_10	SPORT	12.94
129	pname_6	pdesc_117_117_11	SPORT	6.07
132	pname_497_	pdesc_795_795_795_79	SPORT	12.71
139	pname_75	pdesc_243_243_243_24	SPORT	8.93
142	pname_729	pdesc_740_740_740_7	SPORT	5.75
147	pname_59	pdesc_888_888_888_8	SPORT	13.55
148	pname_62	pdesc_870_870_870	SPORT	9.57
155	pname_7	pdesc_395_395_39	SPORT	10.81
156	pname_53_	pdesc_753_753_753_	SPORT	8.56
159	pname_938_	pdesc_935_935_93	SPORT	9.38
165	pname_70	pdesc_534_534_5	SPORT	10.75
167	pname_96_	pdesc_449_449_44	SPORT	8.64
171	pname_496	pdesc_92_92_92_92_	SPORT	10.28
180	pname_3	pdesc_810_810_810	SPORT	11.38
187	pname_55	pdesc_652_652_652	SPORT	5.58
190	pname_997	pdesc_963_963_96	SPORT	8.73
198	pname_510_	pdesc_496_496_496	SPORT	8.54
201	pname_813_	pdesc_826_826_826_8	SPORT	3.06
206	pname_91	pdesc_857_857_85	SPORT	9.67
207	pname_9	pdesc_488_488_4	SPORT	10.13
209	pname_1	pdesc_632_632_632_6	SPORT	8.45
211	pname_95	pdesc_322_322_322	SPORT	15.79
216	pname_123	pdesc_369_369_36	SPORT	13.90
225	pname_60	pdesc_307_307_30	SPORT	13.18
228	pname_346_	pdesc_545_545_545_54	SPORT	7.14
231	pname_72	pdesc_182_182_1	SPORT	10.78
233	pname_674	pdesc_553_553_55	SPORT	15.68
242	pname_96	pdesc_384_384_384	SPORT	9.46
254	pname_8	pdesc_688_688_688	SPORT	6.90
255	pname_2	pdesc_595_595_595_	SPORT	8.56
256	pname_843_	pdesc_867_867_867_	SPORT	13.33
260	pname_8	pdesc_947_947_947_	SPORT	8.95
265	pname_335	pdesc_57_57_57_57_	SPORT	11.24
271	pname_904_	pdesc_976_976_9	SPORT	8.41
277	pname_554_	pdesc_589_589_58	SPORT	3.85
285	pname_749	pdesc_729_729_729_	SPORT	6.79
297	pname_76	pdesc_865_865_865_	SPORT	8.86
301	pname_38	pdesc_400_400_400	SPORT	10.04
307	pname_857_	pdesc_29_29_29_29	SPORT	4.59
312	pname_85	pdesc_136_136_136	SPORT	16.38
315	pname_873_	pdesc_756_756_7	SPORT	9.62
321	pname_823_	pdesc_499_499_499_49	SPORT	10.80
322	pname_82	pdesc_68_68_68_	SPORT	9.95
324	pname_759	pdesc_492_492_492	SPORT	7.96
326	pname_958_	pdesc_162_162_162	SPORT	10.51
327	pname_6	pdesc_398_398_398_3	SPORT	8.31
331	pname_99_	pdesc_355_355_355_35	SPORT	13.02
335	pname_64	pdesc_938_938_938_9	SPORT	6.81
337	pname_98	pdesc_167_167_167_16	SPORT	13.16
340	pname_321	pdesc_531_531_531_	SPORT	11.55
346	pname_190_	pdesc_351_351_351_35	SPORT	13.77
348	pname_709	pdesc_306_306_306_3	SPORT	9.77
353	pname_6	pdesc_690_690_690_6	SPORT	11.48
357	pname_2	pdesc_947_947_947_	SPORT	9.43
358	pname_978_	pdesc_691_691_69	SPORT	8.20
360	pname_422	pdesc_229_229_22	SPORT	10.18
361	pname_249_	pdesc_629_629_629_62	SPORT	10.53
366	pname_6	pdesc_642_642_6	SPORT	10.18
373	pname_538_	pdesc_675_675_675_	SPORT	13.46
381	pname_38	pdesc_650_650_650	SPORT	13.13
384	pname_58_	pdesc_562_562_5	SPORT	10.84
400	pname_359	pdesc_862_862_8	SPORT	9.92
403	pname_462	pdesc_917_917_917_	SPORT	11.12
413	pname_46	pdesc_102_102_102	SPORT	9.56
415	pname_285_	pdesc_614_614_6	SPORT	12.06
430	pname_45	pdesc_268_268_2	SPORT	11.79
433	pname_866	pdesc_431_431_431_43	SPORT	11.48
437	pname_35	pdesc_88_88_88_88_8	SPORT	4.32
452	pname_8	pdesc_639_639_63	SPORT	12.74
455	pname_938_	pdesc_971_971_971_	SPORT	10.99
456	pname_17	pdesc_17_17_17_1	SPORT	3.21
459	pname_321	pdesc_185_185_185_	SPORT	10.56
462	pname_924_	pdesc_324_324_324	SPORT	5.30
463	pname_188_	pdesc_332_332_332_3	SPORT	9.85
468	pname_160_	pdesc_115_115_11	SPORT	7.69
471	pname_63	pdesc_165_165_165_16	SPORT	12.33
473	pname_72	pdesc_36_36_36_3	SPORT	9.28
490	pname_706_	pdesc_534_534_5	SPORT	10.63
500	pname_59_	pdesc_569_569_569_	SPORT	4.59
503	pname_288	pdesc_755_755_755_	SPORT	12.70
507	pname_91_	pdesc_372_372_3	SPORT	10.17
511	pname_95	pdesc_989_989_989_98	SPORT	11.27
513	pname_655_	pdesc_744_744_744_7	SPORT	7.96
514	pname_994_	pdesc_205_205_205_	SPORT	8.75
521	pname_2	pdesc_62_62_62_	SPORT	6.84
527	pname_58_	pdesc_530_530_5	SPORT	9.01
530	pname_937	pdesc_62_62_62_	SPORT	12.32
533	pname_74	pdesc_395_395_39	SPORT	9.77
539	pname_4	pdesc_375_375_375_	SPORT	12.27
546	pname_1	pdesc_137_137_137_13	SPORT	8.89
550	pname_1	pdesc_198_198_198	SPORT	13.69
556	pname_224	pdesc_65_65_65_	SPORT	7.67
557	pname_937	pdesc_473_473_47	SPORT	11.58
568	pname_38	pdesc_101_101_101_10	SPORT	16.17
572	pname_3	pdesc_56_56_56_56_56	SPORT	11.96
574	pname_665_	pdesc_675_675_675_	SPORT	11.53
583	pname_973	pdesc_775_775_77	SPORT	8.63
584	pname_736_	pdesc_751_751_751_	SPORT	7.57
595	pname_94_	pdesc_33_33_33_3	SPORT	8.43
605	pname_514_	pdesc_374_374_3	SPORT	15.11
608	pname_32	pdesc_228_228_228_2	SPORT	11.83
610	pname_13	pdesc_776_776_776_7	SPORT	8.33
618	pname_5	pdesc_783_783_783_	SPORT	7.76
620	pname_40	pdesc_796_796_796	SPORT	3.75
626	pname_691_	pdesc_595_595_595_	SPORT	9.96
628	pname_8	pdesc_472_472_472_4	SPORT	11.85
629	pname_680	pdesc_601_601_60	SPORT	10.99
630	pname_21_2	pdesc_715_715_71	SPORT	10.89
632	pname_86	pdesc_780_780_7	SPORT	2.57
634	pname_4	pdesc_197_197_197_19	SPORT	12.62
648	pname_40	pdesc_856_856_856_8	SPORT	9.64
651	pname_95_	pdesc_91_91_91_91_91	SPORT	13.64
652	pname_1	pdesc_138_138_138	SPORT	12.93
663	pname_1	pdesc_44_44_44_44_4	SPORT	11.75
665	pname_2	pdesc_339_339_33	SPORT	5.38
677	pname_497_	pdesc_360_360_360_3	SPORT	6.43
696	pname_913	pdesc_729_729_729_	SPORT	8.70
699	pname_301	pdesc_585_585_58	SPORT	11.27
702	pname_9	pdesc_679_679_679_	SPORT	7.91
703	pname_41	pdesc_108_108_108	SPORT	10.57
709	pname_56	pdesc_961_961_96	SPORT	5.06
715	pname_611_	pdesc_50_50_50_50_50	SPORT	5.27
720	pname_83	pdesc_338_338_338_3	SPORT	10.19
729	pname_375	pdesc_191_191_191_19	SPORT	6.31
730	pname_319	pdesc_661_661_66	SPORT	9.58
731	pname_259_	pdesc_949_949_949_	SPORT	7.03
736	pname_19	pdesc_711_711_71	SPORT	10.09
738	pname_791	pdesc_688_688_688	SPORT	8.45
745	pname_255_	pdesc_519_519_519_51	SPORT	10.06
746	pname_9	pdesc_38_38_38_38_	SPORT	9.08
748	pname_4	pdesc_393_393_39	SPORT	8.77
749	pname_1	pdesc_705_705_705_70	SPORT	14.80
754	pname_31	pdesc_720_720_7	SPORT	9.78
756	pname_238	pdesc_156_156_1	SPORT	3.68
757	pname_24	pdesc_568_568_5	SPORT	6.34
763	pname_73	pdesc_382_382_382	SPORT	6.27
764	pname_943	pdesc_75_75_75_75_75	SPORT	9.83
766	pname_675_	pdesc_150_150_1	SPORT	5.24
769	pname_319	pdesc_999_999_99	SPORT	4.38
777	pname_64	pdesc_754_754_7	SPORT	7.01
786	pname_629_	pdesc_872_872_872	SPORT	12.70
802	pname_72	pdesc_609_609_60	SPORT	9.79
809	pname_6	pdesc_58_58_58_5	SPORT	9.07
815	pname_75	pdesc_512_512_512	SPORT	11.63
818	pname_2	pdesc_381_381_381_38	SPORT	5.40
821	pname_9	pdesc_993_993_99	SPORT	7.46
830	pname_1	pdesc_877_877_877_87	SPORT	5.72
834	pname_51	pdesc_878_878_878	SPORT	4.46
836	pname_930_	pdesc_182_182_1	SPORT	5.40
837	pname_987	pdesc_112_112_112_1	SPORT	15.91
843	pname_6	pdesc_937_937_93	SPORT	9.61
856	pname_50	pdesc_115_115_11	SPORT	10.56
857	pname_416	pdesc_765_765_765_76	SPORT	8.18
868	pname_6	pdesc_967_967_96	SPORT	15.31
871	pname_792_	pdesc_575_575_575_57	SPORT	5.98
873	pname_654	pdesc_927_927_927_92	SPORT	14.12
876	pname_974_	pdesc_405_405_405_40	SPORT	12.06
878	pname_477_	pdesc_151_151_151_	SPORT	10.21
887	pname_8	pdesc_982_982_982	SPORT	9.91
898	pname_759	pdesc_536_536_5	SPORT	16.49
900	pname_4	pdesc_16_16_16_16_	SPORT	9.57
901	pname_32	pdesc_753_753_753_	SPORT	9.69
905	pname_456	pdesc_47_47_47_47_4	SPORT	5.68
906	pname_38	pdesc_921_921_921_92	SPORT	5.17
908	pname_802	pdesc_30_30_30_3	SPORT	13.60
913	pname_3	pdesc_983_983_983_98	SPORT	6.43
924	pname_389	pdesc_217_217_217_21	SPORT	8.09
927	pname_95_	pdesc_219_219_219_21	SPORT	9.95
928	pname_510_	pdesc_467_467_467_46	SPORT	9.02
939	pname_332_	pdesc_453_453_453_	SPORT	8.52
940	pname_335	pdesc_71_71_71_7	SPORT	8.82
943	pname_59_	pdesc_804_804_8	SPORT	10.48
944	pname_453_	pdesc_773_773_77	SPORT	9.61
951	pname_20	pdesc_999_999_99	SPORT	12.18
958	pname_27	pdesc_929_929_929_92	SPORT	8.02
963	pname_1	pdesc_576_576_576	SPORT	9.12
967	pname_81	pdesc_874_874_874	SPORT	8.42
970	pname_1	pdesc_737_737_737_73	SPORT	12.01
974	pname_79	pdesc_520_520_520_5	SPORT	6.00
982	pname_396_	pdesc_344_344_3	SPORT	11.71
988	pname_978_	pdesc_718_718_718_7	SPORT	8.26
989	pname_466	pdesc_927_927_927_92	SPORT	9.84
990	pname_4	pdesc_732_732_732	SPORT	11.07
997	pname_65	pdesc_627_627_627_62	SPORT	8.03
998	pname_8	pdesc_192_192_192	SPORT	13.97
\.


--
-- Data for Name: details; Type: TABLE DATA; Schema: public; Owner: -
--

COPY details (ordid, pcode, qty) FROM stdin;
1613	332	1
1469	34	1
462	955	1
1370	312	1
6	620	1
950	874	2
272	379	1
1328	384	1
805	998	1
31	285	1
679	527	1
649	27	1
173	677	1
1547	151	3
1281	759	1
855	793	1
1268	209	1
12	218	1
1157	991	1
1026	959	1
360	692	1
1488	433	1
547	94	1
259	815	1
454	991	1
1471	158	1
937	534	1
275	556	1
1529	461	1
1300	239	2
1288	881	1
1829	127	1
1968	634	1
253	721	1
982	819	1
1096	150	1
1597	673	1
175	22	1
1913	251	1
92	887	1
966	54	1
1051	702	1
1223	932	1
1012	655	1
959	802	1
1681	765	1
991	412	1
1851	846	1
1841	571	1
1270	738	1
688	409	1
101	963	1
274	939	2
1888	187	1
580	656	1
1396	294	1
548	99	1
325	674	1
1719	492	1
524	331	1
907	744	1
1950	738	1
475	116	1
187	958	1
632	614	1
1845	442	1
1910	292	1
917	528	1
1441	907	1
293	8	1
1270	589	1
1530	869	1
1504	733	1
430	754	1
1562	780	1
150	326	1
1996	913	1
1654	234	1
508	364	1
25	583	1
1839	10	1
865	866	1
402	216	1
1867	155	1
1051	409	3
172	88	3
166	265	1
475	628	2
570	916	2
802	247	1
1420	127	1
1462	102	1
1560	803	3
1938	610	1
9	977	1
674	375	1
183	625	1
987	63	1
284	297	1
345	742	1
640	518	1
1253	856	1
203	836	1
902	637	1
902	225	1
1968	411	1
1028	370	1
787	961	1
1775	410	1
68	726	1
1822	223	2
888	38	1
417	319	3
198	984	1
1660	199	1
1095	964	1
1207	223	1
580	119	1
121	906	1
631	472	1
1730	537	1
490	578	3
1428	150	2
1403	299	1
272	874	1
1656	469	1
1301	385	3
200	281	1
1522	268	1
932	837	1
858	245	1
1898	798	1
1600	2	1
1148	931	1
367	543	1
935	834	1
1591	781	1
988	805	1
82	918	1
304	451	1
1339	696	1
391	30	1
568	620	1
957	683	1
392	281	1
175	499	1
341	41	1
1912	882	1
1201	841	1
1976	14	1
500	832	1
93	30	1
229	800	1
431	409	1
1044	322	2
674	254	2
1952	296	1
1948	582	1
1615	614	1
345	185	1
993	344	1
962	282	1
310	125	1
1567	818	1
521	86	1
749	15	2
53	810	1
213	336	1
1631	129	1
1049	46	1
1545	548	1
1288	807	1
438	820	1
1575	355	1
1511	245	1
811	192	1
1351	751	1
1848	197	1
128	161	1
975	666	1
1780	883	2
1876	329	1
1417	450	1
760	637	3
587	333	1
1964	417	1
1787	34	1
992	750	1
1437	824	1
290	412	1
1948	21	1
558	906	1
426	313	1
1820	674	1
1959	812	1
386	951	1
1461	869	1
1428	525	1
109	529	2
1873	981	1
1244	611	1
983	373	1
843	816	1
252	701	1
756	544	1
306	767	1
1716	284	1
1092	450	1
767	389	1
1609	654	1
717	433	1
1834	968	1
1825	488	1
674	93	1
1909	996	1
636	84	1
1354	763	1
56	551	1
531	477	1
897	589	1
1326	494	1
390	259	1
65	784	1
1874	951	1
1287	511	2
1564	324	1
420	14	1
1925	76	1
1776	350	1
472	248	1
1020	77	1
1992	715	1
1103	710	1
1354	323	1
1543	78	1
144	865	1
52	871	1
1194	746	1
1482	245	1
390	714	1
319	40	1
1002	824	1
208	335	2
637	8	1
1556	743	1
1351	546	1
1871	511	1
337	703	1
440	383	1
1370	365	1
1082	173	2
1538	958	1
201	721	2
83	863	1
425	596	1
790	702	1
136	558	1
736	381	1
813	60	1
1159	587	1
49	471	1
1485	64	1
433	743	1
533	314	1
1239	778	1
607	502	1
1563	773	1
904	695	1
1648	479	1
1557	527	1
507	580	1
722	818	1
984	773	1
1068	87	2
1532	453	1
1555	587	1
1453	665	1
1743	309	1
1379	472	1
13	141	1
1247	795	1
776	102	1
1226	650	1
125	844	1
640	368	1
878	798	1
576	992	1
1943	971	1
1222	870	1
432	814	1
1658	618	1
1977	543	3
1350	59	1
556	882	1
1436	593	1
1777	358	1
1426	392	1
1679	288	3
982	243	1
1839	579	1
1874	844	1
1040	161	1
1360	534	1
903	884	1
998	96	2
177	476	1
360	498	1
427	570	1
888	741	1
1015	324	1
1763	751	1
613	287	1
1604	708	1
1117	356	1
1180	185	1
1891	658	1
1664	2	1
836	670	1
1814	39	1
1525	573	1
1369	914	1
719	377	1
1300	714	1
1130	145	1
101	505	1
136	78	1
481	839	1
45	94	1
925	915	1
428	850	1
64	937	1
1637	147	1
1090	906	1
1945	201	1
519	90	1
780	483	1
572	153	1
365	41	1
1880	420	2
963	230	1
1232	874	1
1010	809	1
1560	370	1
1535	707	1
152	947	1
1175	757	1
1374	923	1
1628	564	1
512	527	1
1697	650	1
232	563	1
777	383	1
1080	399	1
1865	990	1
1707	741	1
381	446	1
485	800	2
242	487	1
425	383	1
579	688	1
611	872	1
737	302	1
602	304	1
56	344	1
613	874	1
1993	43	1
28	333	1
863	297	1
778	441	1
1130	896	1
735	781	1
644	312	1
553	440	2
157	525	1
935	36	1
1946	546	1
738	349	1
1665	303	1
1604	373	1
312	738	1
913	563	1
526	866	1
974	307	1
1085	701	1
3	743	1
1910	908	1
1164	176	1
1566	788	2
33	390	1
1946	418	1
1640	430	1
1026	715	1
1399	593	1
682	510	1
8	499	1
559	271	1
1953	4	1
915	712	1
26	613	1
162	376	2
1343	447	2
657	674	1
153	239	1
1566	160	1
1325	926	1
1687	620	1
588	731	1
1925	434	1
1670	512	1
1398	181	1
1252	778	1
584	899	1
1397	264	1
841	499	2
1282	724	1
887	293	1
849	459	1
1702	898	1
511	321	1
10	941	1
1468	788	1
892	401	1
1672	154	1
313	496	1
168	465	1
49	9	1
1279	393	1
461	119	1
1545	460	1
12	521	1
774	941	1
1987	623	1
346	798	2
592	911	1
341	662	1
1990	970	1
1564	947	1
1250	737	1
1630	600	2
1882	133	1
1528	841	1
291	694	1
1778	844	1
682	449	1
1872	397	1
765	835	1
961	443	1
829	14	1
1289	795	1
141	553	1
118	495	1
5	88	3
11	381	1
1628	602	1
1891	972	1
280	36	1
1941	581	1
1145	525	1
796	493	1
1360	52	1
1565	412	1
1459	979	1
1859	87	1
304	894	1
546	561	1
712	708	2
1630	603	1
1180	46	1
1487	694	1
928	89	1
298	344	1
1316	240	2
1739	510	1
1434	928	1
1566	381	1
1972	584	1
1465	424	1
407	67	1
76	759	1
1539	378	1
518	958	1
1220	805	1
1368	215	1
935	286	1
1869	23	1
1499	748	2
189	70	1
1254	354	1
1333	536	1
1161	80	1
1505	430	1
1590	664	1
380	231	1
311	600	1
1349	127	3
1617	295	1
473	525	1
641	805	1
1306	593	1
665	498	1
1025	69	1
902	188	1
1368	318	1
655	315	1
172	867	3
1860	813	1
736	451	1
988	36	1
1248	7	1
220	251	1
1342	324	1
1090	306	1
1779	382	1
395	383	1
231	251	1
1254	453	1
474	154	3
622	795	1
679	282	1
1392	237	2
1476	121	1
1824	226	1
1756	761	1
545	34	1
720	162	1
85	84	1
1760	562	1
716	233	1
273	875	1
1627	956	1
323	560	1
1100	249	2
361	610	1
1233	298	1
1242	161	3
938	604	1
749	747	1
806	547	1
1069	274	1
1064	933	1
571	683	2
922	169	1
1764	234	1
329	671	1
806	900	1
1699	181	1
896	295	1
1050	230	3
1479	596	1
1128	583	1
265	898	1
1707	130	1
652	510	1
1817	55	1
1648	814	1
816	414	1
542	651	1
1626	772	1
1792	593	1
791	698	1
1337	655	1
1674	360	1
1233	871	1
1040	343	1
1959	324	1
427	191	1
1022	844	1
1519	107	1
974	551	2
1700	739	1
1462	324	1
418	852	2
910	609	1
186	945	1
1590	200	1
248	521	1
1331	738	1
1930	350	1
1827	96	1
950	42	1
1583	416	1
1347	34	3
1530	203	1
263	104	3
449	838	1
1066	248	1
1806	374	2
568	648	1
116	258	2
1202	159	1
1102	504	1
1829	391	1
485	574	1
722	144	1
1647	711	2
658	927	1
1897	19	1
1837	576	1
1260	610	1
63	837	1
400	821	1
1331	41	1
138	594	1
856	865	1
1313	751	1
477	826	1
820	422	1
725	583	1
771	713	1
1333	498	3
1298	956	1
284	231	2
1752	959	1
183	611	1
244	738	1
1075	327	1
73	253	1
1832	31	3
65	851	1
53	703	2
1488	652	1
821	386	1
774	881	1
1248	73	1
901	265	3
803	323	1
1970	597	1
769	831	1
864	800	3
1637	296	1
1834	959	1
1086	916	1
162	149	1
1894	991	1
164	961	3
96	540	1
1248	723	1
1065	874	1
483	590	1
1167	439	1
339	237	1
704	450	1
54	893	1
1085	684	1
118	991	1
417	660	1
26	694	1
302	192	1
1499	406	1
701	336	1
339	847	1
1482	751	1
1336	45	1
487	212	1
1125	648	1
340	636	1
1565	757	1
1437	425	3
759	20	1
1191	70	1
513	711	1
1998	835	1
1043	854	1
1725	338	1
880	6	1
1113	618	1
1633	210	1
1073	328	1
92	645	1
508	193	1
1902	653	1
569	731	1
462	420	1
596	546	1
84	155	1
1192	458	1
1522	853	1
637	712	1
1334	570	1
1494	260	1
1096	954	1
107	226	1
568	846	1
813	683	1
719	990	1
902	284	1
1208	266	1
779	846	2
350	487	1
253	798	1
614	231	2
678	464	1
687	334	1
72	206	1
885	811	1
1790	184	1
852	9	1
452	835	1
1903	450	1
189	936	2
506	745	1
90	509	1
221	942	1
273	951	1
1132	451	1
1733	620	1
722	871	1
1895	499	1
750	67	1
372	56	1
1857	106	1
638	413	1
1387	1000	1
3	785	1
1849	866	1
1447	982	3
470	781	1
529	953	1
1509	749	1
745	529	1
841	122	1
525	437	1
791	39	1
208	709	1
1658	348	1
1190	525	2
386	687	1
1820	791	1
41	860	2
1573	447	1
986	111	1
1143	528	1
153	615	1
486	921	1
1443	966	1
1607	968	2
830	256	1
151	804	1
1933	285	1
1756	69	1
275	249	1
1615	22	1
1581	830	3
1624	720	1
1632	16	1
639	270	3
1543	557	1
1769	800	2
1584	485	1
1294	975	1
455	278	2
1681	198	1
1579	925	1
853	104	1
1343	576	1
1679	504	1
108	567	1
1698	979	1
1384	542	2
1366	380	1
1143	666	1
1880	164	1
1750	244	1
918	930	2
1403	445	1
283	714	1
1353	240	2
1755	431	1
1997	310	1
1591	85	1
692	852	1
641	15	1
1688	512	1
1268	961	1
867	453	2
769	19	2
404	817	1
837	562	1
710	528	3
92	472	1
857	811	1
1603	709	1
71	486	2
170	47	1
83	681	1
654	320	1
1054	85	1
1814	874	1
1119	518	1
1455	215	1
158	698	1
1277	998	1
935	705	1
620	932	1
368	504	1
873	218	2
1943	104	1
331	381	2
495	751	1
401	625	1
1976	968	1
1249	96	1
677	554	1
1225	795	1
1356	374	1
1837	411	1
1094	730	1
1833	334	1
1429	923	1
520	174	1
1507	253	1
1723	795	1
1266	615	1
960	231	1
780	672	1
1830	98	1
454	614	3
660	410	1
248	725	1
1143	15	2
1046	230	1
1064	701	1
353	249	1
1349	874	1
1388	132	1
1561	381	1
425	637	2
1807	885	1
1611	875	1
248	403	1
1050	66	1
1932	380	1
14	649	2
630	572	1
1435	738	1
1926	435	1
220	239	1
1497	173	1
1891	968	1
28	451	1
1042	126	1
1881	6	1
568	290	2
40	872	1
310	101	1
32	159	1
1211	371	1
566	46	1
1457	244	1
773	265	1
733	833	2
1967	903	1
600	590	1
251	298	1
1045	299	1
962	392	1
480	781	1
537	619	1
1010	229	2
1198	615	1
342	274	1
1984	60	1
1868	575	1
899	387	1
1717	711	1
1114	531	1
116	291	1
1495	786	1
1965	908	1
1330	120	1
1095	699	3
507	251	1
594	139	1
1245	972	1
1992	999	1
1974	544	1
1966	378	1
1708	406	2
390	132	1
966	182	1
240	410	1
1772	85	1
1039	485	1
429	840	2
1081	749	1
1780	245	1
941	127	1
1138	6	1
550	258	2
1167	340	1
950	299	2
904	397	1
1502	527	1
596	48	1
1900	75	1
769	787	1
1199	88	1
724	224	1
185	262	1
1173	179	1
185	876	1
1265	958	1
1108	903	1
1694	617	1
614	606	1
520	852	1
255	655	1
684	106	1
1015	151	1
85	984	3
804	216	1
966	898	1
439	143	1
465	803	1
1603	44	1
727	194	1
1061	890	1
379	254	1
255	384	1
347	735	1
770	274	1
1969	525	1
292	850	2
374	140	1
748	743	1
1396	628	1
402	558	1
1243	365	1
234	114	1
1962	664	1
1234	106	1
340	794	1
879	257	1
1050	8	1
1475	810	1
558	975	1
1223	718	1
1917	748	1
218	214	1
1848	376	1
1028	37	1
573	65	1
549	272	1
1053	747	1
853	680	1
1771	35	1
136	859	1
1120	62	1
1219	196	1
1655	422	1
1065	946	1
906	368	1
804	17	1
1966	25	1
1855	222	1
730	827	1
1650	663	1
107	813	1
349	911	1
191	805	1
698	364	2
63	873	3
1120	887	1
1151	185	1
25	834	1
1137	106	1
1154	565	1
480	594	1
1598	705	1
1257	43	1
1875	881	1
131	279	1
537	347	1
302	428	1
1762	774	1
501	974	1
1407	310	1
1244	508	1
1410	901	1
526	51	1
1695	390	1
1292	627	2
114	157	1
1646	51	1
277	623	1
693	492	1
181	916	1
401	790	1
720	813	1
1866	239	1
1354	428	1
1884	883	1
1412	114	1
271	137	1
1240	682	1
875	519	1
226	834	1
1958	480	1
561	515	1
965	973	1
1243	711	1
1064	277	1
1000	725	1
367	479	1
996	200	1
1366	934	1
783	211	1
1063	663	2
1955	859	1
1851	612	1
1456	190	3
208	127	1
14	615	1
337	335	1
1927	978	1
933	232	1
1756	921	1
114	713	1
235	787	1
159	607	1
1270	492	1
901	798	1
166	595	1
1027	217	3
1923	341	3
645	668	1
1987	556	1
148	673	1
503	441	1
1032	532	1
1974	599	1
1275	347	1
512	53	1
193	498	1
1113	776	1
797	579	1
1109	364	1
1723	975	1
763	97	3
1298	368	1
32	80	1
1018	370	1
771	583	1
574	496	1
900	886	1
1828	742	1
1225	770	1
1783	388	1
274	144	1
944	836	1
456	54	1
259	793	1
367	610	1
1166	668	1
1686	563	1
40	302	1
1313	59	1
1498	867	2
1537	499	1
723	143	1
543	834	1
902	752	1
910	372	1
1056	226	1
1308	298	1
1334	920	1
175	565	1
1838	943	1
919	581	1
61	105	1
108	404	1
1175	86	1
1347	612	1
1112	25	1
1869	722	1
1936	606	1
1016	105	2
615	470	1
1768	826	2
385	463	1
567	247	1
1488	71	1
795	141	1
1068	949	1
389	234	1
1793	733	1
1272	970	1
1837	883	1
1195	298	1
547	858	1
1003	142	3
26	418	1
501	254	1
1096	657	1
1748	596	1
693	996	1
1037	822	1
1783	907	2
360	146	1
288	479	1
381	489	1
1567	993	1
153	248	1
686	117	1
966	105	2
1526	465	1
369	959	1
1384	665	1
831	441	1
388	304	1
1430	134	1
1947	236	1
427	336	1
1098	139	1
865	696	1
97	992	1
1964	366	2
1327	725	1
1691	424	1
1402	267	1
1336	364	1
1404	943	2
737	830	1
1794	906	2
1307	55	1
935	915	1
1960	984	1
804	409	1
1504	822	1
356	827	3
247	594	2
1877	540	1
318	105	1
205	259	1
1866	992	1
744	578	1
1572	223	1
1880	405	1
834	466	3
1092	654	1
1195	917	1
1781	259	1
1516	470	1
37	685	1
1007	671	1
1450	105	1
210	684	1
371	823	2
311	59	1
938	523	1
22	183	1
1112	164	1
133	31	1
437	259	1
961	774	3
871	801	1
1766	37	1
1542	433	1
1591	240	1
1467	901	1
254	261	1
1781	740	1
53	466	1
1469	189	1
503	348	1
880	467	1
707	482	1
1912	976	1
1247	638	2
823	773	1
764	42	1
553	66	1
1640	255	2
1177	477	1
101	715	2
1509	721	1
784	217	1
1851	50	1
84	617	1
1449	829	1
1488	78	1
796	559	1
1286	275	1
184	123	1
1815	343	1
970	529	1
1107	131	1
875	412	1
322	401	1
303	828	1
272	673	1
1282	976	1
1022	544	1
1893	937	1
1120	844	1
1091	691	1
1830	328	1
762	337	1
202	626	1
1819	486	1
1453	910	1
1980	759	1
1327	988	1
1997	512	2
36	834	1
17	854	1
1885	567	1
1351	565	1
1462	170	1
994	151	1
883	273	1
1867	117	1
903	445	1
1869	719	1
527	868	1
415	758	1
1078	335	1
734	888	1
60	509	1
43	306	1
1529	246	1
674	714	1
580	638	1
1959	298	1
1915	204	1
958	711	2
1766	331	1
1623	43	1
1995	621	1
176	541	1
115	733	3
1072	345	1
1620	218	1
1230	352	1
189	708	1
852	160	1
1841	775	1
850	140	1
1511	582	3
423	445	1
929	398	1
1166	247	1
699	741	1
1058	256	1
300	526	1
1714	415	1
1102	666	1
332	662	1
1377	777	1
146	386	1
1956	998	1
1633	845	1
1478	456	1
166	113	1
993	664	1
879	681	3
77	622	1
1258	567	1
1946	233	1
196	974	2
1904	647	1
1324	955	2
1736	706	2
1062	204	1
905	444	1
584	985	1
296	519	2
192	484	1
1022	156	1
1989	559	1
1789	216	2
1489	877	1
1252	430	2
7	27	1
1256	17	1
1663	264	1
1358	685	2
140	689	1
877	654	1
592	716	1
1492	816	1
1851	318	1
554	116	1
918	935	2
1724	339	1
169	79	1
1734	143	1
516	656	1
929	168	1
1881	885	1
1811	965	1
1203	588	1
829	210	1
1523	575	1
1458	568	1
701	224	1
1851	913	2
1382	467	1
1641	624	1
1287	814	1
161	800	1
1016	657	1
1303	60	2
461	325	1
1138	867	1
1464	920	1
1096	294	1
111	885	1
1559	462	1
1428	61	1
1745	176	1
105	249	3
1036	80	1
1533	593	1
626	817	1
1040	961	1
1240	790	1
1519	189	1
716	266	1
870	501	1
970	539	2
1382	987	1
651	96	1
1652	607	1
557	241	1
789	996	1
1193	337	1
1223	291	1
798	547	1
1692	914	1
1334	174	1
1121	234	1
873	310	1
715	816	1
1510	106	1
827	195	1
646	83	1
929	777	1
972	710	1
812	818	1
639	751	1
522	443	1
459	805	1
1936	412	1
1964	902	1
1521	830	1
714	297	1
1712	383	1
401	21	1
217	669	1
1530	398	1
1700	660	1
1162	219	1
1721	12	2
1581	173	1
1309	129	1
589	44	3
1224	791	1
1218	660	1
1573	164	1
1114	233	1
1505	149	1
1901	892	1
1384	349	1
223	81	1
920	510	1
964	956	1
352	700	2
285	101	1
1855	655	3
444	657	1
1354	899	1
915	54	1
1275	440	1
689	878	3
192	425	1
641	972	1
478	446	1
439	239	1
1879	900	1
1849	401	1
1550	52	1
1621	217	1
1773	994	1
1708	418	1
225	689	1
505	715	1
1241	841	1
223	476	1
1834	189	1
1948	691	1
144	78	1
873	718	1
973	30	1
282	111	1
1242	306	1
297	696	1
1687	639	1
541	901	1
1805	622	1
1301	715	1
585	403	1
686	900	1
13	192	1
1997	976	1
1195	669	1
445	383	1
1973	693	1
48	136	1
1939	728	2
388	316	1
1502	974	3
284	596	1
325	195	1
86	947	2
1122	597	1
1054	303	1
647	685	1
1849	873	1
1851	398	1
810	947	1
701	339	1
606	52	1
66	986	1
266	225	1
614	277	1
878	134	1
1241	482	1
1881	343	1
544	207	1
1782	725	1
724	581	1
919	373	1
1279	394	1
542	843	1
683	555	1
1875	800	1
1416	941	1
1017	70	1
1108	377	1
1687	314	1
1138	978	1
1202	323	1
1512	470	1
36	650	1
209	437	1
1590	424	1
605	989	1
1691	58	2
1944	424	1
839	854	2
138	205	1
417	996	1
1635	682	1
1457	961	3
1005	122	1
176	124	1
1103	305	3
32	924	1
1606	458	1
1320	920	1
69	603	1
980	286	1
703	849	1
1267	830	1
1142	495	1
1981	103	1
677	573	1
919	701	1
749	125	1
1278	879	1
884	363	1
1266	454	1
789	387	1
926	110	1
1500	708	1
733	871	1
1416	683	1
615	853	1
49	487	1
319	487	1
1210	604	1
1865	407	1
1813	928	2
6	385	3
1251	489	1
1546	438	1
1375	539	1
1528	402	1
433	896	1
1666	539	1
20	796	1
1784	276	1
1911	920	1
1563	520	2
431	842	2
1912	105	1
1814	90	2
1596	962	1
1252	843	1
118	342	1
1179	492	3
1472	633	1
198	473	1
710	465	1
1899	952	1
966	626	1
1801	363	1
1821	628	2
220	910	1
578	73	1
308	163	1
929	676	1
386	144	1
430	424	1
767	529	1
72	977	1
161	129	1
318	243	1
635	730	1
821	234	1
1235	168	1
1059	661	1
216	960	1
1095	766	1
1118	91	1
905	634	1
182	742	1
618	39	1
1062	796	2
628	551	1
1920	813	1
1429	165	1
1450	33	1
829	973	1
317	901	1
123	601	1
388	636	1
803	575	1
1155	133	1
1496	793	1
1242	844	1
1174	215	1
565	442	1
1264	954	3
294	301	1
1566	133	1
619	293	1
1992	951	1
22	806	1
152	41	1
1402	969	1
1149	606	1
1176	540	2
81	567	1
1895	167	1
1540	999	1
1471	776	3
355	984	1
1514	826	1
277	454	1
936	582	1
949	918	1
1262	898	1
171	521	1
682	208	1
1992	584	1
1174	869	1
4	645	1
202	613	1
796	471	1
1737	123	1
1994	515	1
1741	760	1
125	495	1
1538	265	1
662	816	1
102	853	1
1952	382	1
303	945	1
99	742	1
1054	448	1
1466	609	1
1661	860	1
646	739	1
1343	965	1
187	620	2
1338	752	1
1324	424	2
1711	762	1
1659	400	1
381	69	3
1039	511	1
1737	940	1
871	636	1
1732	317	1
930	250	1
1450	632	1
189	810	1
743	768	1
993	622	1
1279	853	1
773	713	1
1695	448	1
1405	731	1
3	904	1
142	401	1
356	425	1
117	163	1
632	130	1
722	673	1
876	689	1
327	991	1
1274	916	3
139	282	1
1078	520	1
1046	751	1
591	999	3
1963	128	1
25	103	1
1237	44	1
1954	10	1
793	326	1
1759	411	1
72	189	1
540	273	1
1211	660	1
225	183	1
115	606	1
1691	377	1
201	839	1
637	338	1
142	421	1
594	197	1
928	994	1
1982	637	1
1112	837	2
1374	935	1
740	330	1
853	326	1
315	867	1
890	9	1
1509	97	1
1590	305	1
53	355	1
1669	646	1
866	528	1
799	276	1
1386	659	1
729	111	3
948	972	1
375	215	1
295	22	1
1135	388	1
1315	474	1
179	477	1
1514	569	1
1258	513	1
1486	658	1
470	530	1
1516	314	1
28	260	1
921	747	1
1588	346	1
1189	745	1
365	6	1
116	657	1
1168	399	1
478	869	1
308	999	1
1218	664	2
802	242	1
209	710	1
1165	453	1
1419	800	1
77	206	1
1906	622	1
419	451	1
829	600	1
10	902	1
1210	959	1
68	181	1
46	493	1
1464	724	2
605	215	1
153	949	1
372	290	1
480	291	1
179	716	1
565	1000	1
54	157	1
1367	392	1
1309	688	1
6	720	1
595	341	1
1654	858	1
186	295	1
569	736	1
1168	90	1
186	986	1
471	575	1
1887	508	1
1859	221	1
410	380	1
303	440	2
1112	104	1
910	855	1
1152	960	1
1208	269	1
311	729	1
184	155	1
1392	69	1
189	302	1
1320	421	1
1425	558	1
1766	692	1
36	324	1
96	270	1
1342	409	1
483	648	1
1257	79	1
1828	965	1
1817	82	1
1951	950	1
1224	922	1
447	82	2
927	199	1
1625	934	1
234	281	1
1883	343	1
1510	317	1
379	955	1
328	403	1
476	95	1
752	87	1
1521	419	1
664	415	1
1895	97	1
1753	172	1
445	445	1
853	582	1
49	870	1
62	494	1
41	968	1
358	402	1
1418	70	1
935	702	1
1326	827	1
1999	91	1
1520	216	1
1119	904	1
15	801	1
182	925	1
652	711	1
1254	897	1
1428	9	1
385	310	1
1840	380	3
423	373	1
1300	587	1
958	443	1
29	223	1
354	572	1
590	636	1
540	87	1
846	876	1
1492	883	1
807	624	1
1977	649	1
262	979	2
238	82	1
570	78	2
225	700	2
1277	849	1
1381	35	1
676	297	1
1654	632	1
1723	583	1
1026	782	1
902	236	1
425	759	1
1653	712	1
1868	525	1
1915	782	1
1965	633	1
1879	142	1
1810	595	1
550	834	1
829	532	1
1619	194	1
1328	397	1
1535	786	1
1934	486	1
1907	399	1
471	912	1
627	337	1
1622	829	1
508	422	1
1502	107	1
1253	217	1
398	840	1
1875	852	1
1293	360	1
1084	863	1
1339	173	1
969	964	1
1383	438	1
1095	763	1
1926	604	1
159	516	1
1658	615	2
1778	856	1
1875	846	1
1629	846	1
354	441	1
195	700	1
1522	884	2
700	15	1
1917	705	3
1723	705	1
927	532	1
572	763	1
127	518	1
1882	377	1
51	524	1
1443	98	1
1774	442	1
103	819	1
1643	7	1
1211	312	1
251	892	1
757	407	1
398	628	1
1719	808	1
1786	613	1
1819	942	1
142	268	1
1603	395	1
1527	438	1
642	260	1
980	590	1
432	375	1
1412	799	1
608	477	1
70	33	1
672	790	1
1791	562	1
360	930	1
1123	22	1
202	863	1
1761	71	3
404	144	1
173	854	1
545	801	1
210	991	1
667	777	1
828	212	1
1413	887	1
1491	700	1
1827	601	1
816	951	1
460	955	1
886	54	2
1795	45	1
1389	555	1
377	344	1
1845	811	1
1012	58	1
1916	570	1
1318	887	1
824	111	1
1061	578	1
582	375	1
460	285	1
78	516	1
1373	990	1
376	439	1
1165	374	2
1554	341	1
340	839	1
1032	686	1
1737	939	3
1966	529	1
432	250	1
1748	888	1
1450	245	2
391	126	1
1658	779	1
961	454	1
1410	428	1
1108	891	1
366	796	1
222	166	1
739	807	1
1614	547	1
1927	456	1
165	551	1
325	863	1
568	907	2
1995	978	1
1620	532	1
590	820	1
1077	974	1
82	568	1
500	449	1
1625	201	1
1054	308	1
1018	580	1
166	678	1
7	701	1
252	837	1
867	895	1
647	661	2
1285	940	1
1945	5	1
1364	318	1
243	894	1
1696	404	1
1976	599	1
568	300	1
1420	266	1
1891	429	1
979	814	1
1995	268	1
1965	497	1
1987	434	1
59	570	1
143	501	1
1448	275	2
1084	567	1
241	277	1
229	617	1
119	705	1
1022	817	1
1825	654	1
1012	681	1
519	900	1
972	277	1
1192	427	1
505	320	1
1687	494	1
338	438	1
514	909	1
1005	958	1
763	905	1
827	570	1
1460	26	1
1907	50	1
1969	340	1
851	738	1
1149	21	1
1415	412	1
1366	183	1
1100	98	1
825	140	1
1480	756	1
1497	544	1
1282	549	1
1227	750	1
764	75	1
785	981	1
1939	808	1
1577	242	1
775	855	1
871	297	1
1677	676	1
1108	325	1
498	825	1
167	419	1
1613	203	1
1838	253	1
1025	670	1
1103	302	1
1492	93	1
1350	485	1
135	778	2
1174	442	1
164	211	1
1046	220	1
1764	582	1
593	534	2
881	902	3
728	266	1
1722	963	2
355	458	1
70	574	1
1595	30	1
76	580	3
72	521	1
1022	539	1
847	798	1
1105	948	1
569	984	1
1753	191	1
1133	964	1
430	329	1
782	175	1
1654	803	1
1379	982	1
13	146	1
621	552	1
1317	508	1
1546	258	1
744	173	1
248	437	1
1363	999	1
921	547	1
1574	27	1
1502	498	1
1515	764	2
596	672	1
1953	199	2
428	197	1
1084	378	1
324	329	1
330	574	1
716	887	1
1818	908	1
353	886	1
94	613	1
451	278	1
1596	558	1
1650	930	1
973	883	1
440	210	2
752	588	1
1727	260	1
1570	914	1
1022	326	2
72	328	1
1234	706	1
1340	703	1
340	838	1
1044	349	1
1757	471	1
1377	144	1
269	213	1
1058	4	1
1784	788	1
1900	567	1
1123	618	1
209	745	1
1650	445	1
1287	419	2
1776	121	3
915	701	2
1882	594	1
1025	719	1
1336	333	1
1818	365	1
405	44	1
521	721	1
569	105	1
171	726	1
1518	139	1
674	775	1
182	86	1
1471	37	1
1094	286	1
95	652	1
1143	207	1
300	844	1
988	608	1
11	661	1
93	972	1
715	239	1
256	924	1
256	528	1
993	810	1
1492	902	1
706	263	1
308	328	1
159	886	3
943	437	1
514	593	1
485	122	2
1311	993	1
1161	58	1
262	664	1
562	69	1
1523	394	1
614	677	2
981	9	1
1061	281	1
942	498	1
844	68	1
1194	938	1
112	1000	1
61	45	1
1707	911	1
306	334	1
340	6	1
1858	322	1
1302	464	1
1084	666	3
1235	510	1
1011	65	1
1387	167	1
1079	46	1
1723	871	1
298	282	1
725	62	3
435	928	1
119	749	1
1428	445	1
475	740	1
680	920	1
685	816	1
1432	479	1
33	584	1
418	897	1
1311	449	1
564	624	1
1852	679	1
1813	817	1
843	171	1
6	591	1
1379	156	1
1667	378	1
419	109	1
493	717	1
1930	213	1
217	364	1
214	922	1
376	232	1
656	260	3
1867	732	1
364	32	1
248	469	1
657	932	1
1474	212	1
1653	876	1
808	60	1
1845	618	1
618	91	1
1898	227	1
1858	433	1
1917	605	1
1208	49	1
222	26	1
112	275	1
1192	897	1
1985	104	1
1704	732	1
1040	604	1
1857	251	1
1294	24	1
44	916	1
1377	10	1
605	77	1
830	659	1
114	197	1
1835	447	1
901	293	1
347	732	1
854	604	1
1542	326	1
35	708	1
100	394	1
209	446	1
862	992	1
369	361	1
595	864	1
574	402	1
459	701	1
1079	803	1
1845	929	1
1452	207	1
1940	324	1
170	7	1
661	238	1
1422	594	3
1998	253	1
396	165	1
458	69	1
1740	840	1
1704	642	1
1218	122	1
462	675	1
406	330	1
1464	523	1
1600	690	1
453	159	1
432	99	1
1328	116	3
94	504	1
559	887	2
1187	257	1
1715	65	1
1449	853	1
1984	115	1
1610	226	2
1630	435	1
962	67	1
309	480	1
997	404	1
1033	317	1
1817	137	1
1853	816	1
1421	34	1
860	434	1
1135	59	1
661	485	1
640	520	1
1821	940	1
1589	799	2
694	177	1
1362	914	1
466	373	1
1001	6	3
498	426	1
1619	493	2
5	791	1
1898	596	1
1711	915	1
965	740	1
1920	794	1
1576	581	1
1001	165	1
1256	248	1
161	271	1
1150	856	1
1336	270	1
546	710	1
363	360	1
104	478	2
270	387	1
1339	221	1
111	2	2
515	55	1
1015	801	1
648	734	1
1266	424	1
872	278	1
489	761	1
1126	167	1
1499	412	1
1867	521	1
613	941	2
468	446	1
416	376	1
823	443	1
635	835	1
735	501	1
513	126	1
1307	892	1
1264	978	1
597	490	1
238	119	1
500	188	1
684	373	1
497	911	1
1390	306	1
875	134	1
37	430	1
1437	194	1
1057	423	2
1122	573	1
921	169	1
1637	567	1
1647	823	1
150	487	2
928	46	1
1209	207	1
1068	835	1
1630	84	1
152	248	1
291	990	3
1932	344	1
95	386	1
1332	334	1
1493	902	1
529	555	1
342	790	1
511	203	1
534	72	1
567	24	1
497	672	1
482	272	1
745	457	1
568	117	1
840	704	1
1830	685	1
1547	999	1
125	499	1
971	321	1
228	959	1
629	404	1
544	964	3
1373	83	1
1835	531	2
249	473	1
834	240	1
450	62	1
571	77	1
449	445	1
196	383	1
290	532	1
468	585	1
857	465	1
914	353	1
1865	679	1
1903	721	3
1294	267	1
739	607	1
725	254	1
1239	836	1
921	36	1
1727	830	1
1678	130	1
210	860	1
1359	304	3
1658	604	1
1272	573	1
1132	269	1
230	935	1
1789	20	1
1729	454	3
1868	54	1
332	593	1
1417	228	1
1922	819	1
581	753	1
97	356	1
1553	561	1
691	806	1
391	586	1
658	963	3
1661	812	1
655	735	1
973	982	1
1118	928	1
408	248	1
1994	422	1
765	339	1
411	984	1
1677	853	1
1265	410	1
1973	558	1
1905	528	1
1896	831	1
854	105	1
1496	531	1
1889	291	1
1431	434	1
1258	61	1
1173	802	1
1154	183	1
853	21	1
722	676	1
565	158	1
385	366	1
484	436	1
1874	691	1
303	109	1
462	435	1
1243	758	1
1616	383	1
623	883	1
1872	859	1
974	388	2
887	471	1
1422	156	2
1338	28	1
1232	828	1
1747	743	1
1909	229	1
591	404	1
204	586	1
1861	700	1
584	704	1
347	324	1
1987	779	1
1603	623	1
1015	163	1
1561	172	1
1313	324	1
559	826	1
1385	349	1
1815	407	1
1794	110	1
767	463	1
498	575	1
63	15	1
1798	84	1
1189	733	1
739	866	1
1049	586	1
586	679	1
1298	48	1
1229	930	1
1118	719	1
1246	248	1
206	461	1
1476	907	1
154	372	1
1208	833	1
702	526	1
591	559	1
234	460	3
894	929	2
251	61	1
1168	45	1
1339	368	1
1066	290	1
1902	602	3
975	843	1
266	139	1
10	942	1
1931	179	1
957	473	1
1657	722	1
1038	283	1
1589	945	1
1338	642	1
332	133	1
1274	694	1
1472	859	1
74	155	3
1089	732	1
613	438	3
626	107	1
1757	607	1
129	839	1
133	681	1
1220	664	1
1662	655	1
748	812	1
560	503	3
166	598	1
633	325	1
1674	660	1
1137	495	1
787	960	2
487	47	1
43	783	1
1426	515	1
158	514	1
1322	84	3
980	918	3
951	706	1
1161	313	1
835	274	1
709	432	1
678	956	1
1855	548	1
1329	427	1
291	449	1
1604	843	1
1366	643	1
790	486	1
1862	499	1
48	238	1
1044	835	1
1833	49	1
626	242	1
847	594	1
293	844	1
292	831	1
704	812	1
447	896	1
1641	772	1
917	966	1
1537	971	1
1286	370	1
112	864	1
1291	871	1
509	33	1
1163	426	1
440	625	1
1694	85	1
55	318	1
386	87	1
1645	811	1
922	640	1
623	335	1
1088	983	1
817	17	1
768	440	1
94	28	1
1942	102	2
1445	87	1
282	100	1
600	600	1
1577	214	1
1844	574	3
1588	718	1
42	50	1
1018	316	1
721	832	1
1781	337	1
252	750	1
611	881	1
911	481	1
308	758	1
1681	165	1
1177	183	1
1587	624	1
853	535	1
1338	511	1
1545	937	1
1888	252	1
1897	701	1
137	909	1
49	677	1
124	830	1
1467	128	1
1737	928	1
855	372	1
198	381	1
1915	68	1
1489	111	1
1447	106	1
1241	251	1
900	608	1
1122	899	1
262	170	1
1346	844	1
1193	5	1
250	947	1
951	902	1
1975	291	1
1451	500	1
710	227	2
1772	65	1
1584	80	1
1335	128	1
907	317	1
1125	84	1
1482	893	2
1599	750	1
1300	590	1
157	913	3
893	558	2
760	651	1
1249	744	1
688	819	1
818	475	1
695	628	1
1612	555	1
653	654	1
1025	734	2
718	236	1
1319	487	1
989	368	1
1533	655	1
889	894	1
322	752	1
1152	149	1
616	971	1
408	80	1
1677	815	1
1894	53	1
993	190	1
122	386	1
875	483	1
250	366	1
552	719	1
130	259	1
987	853	3
102	304	1
1173	986	1
554	312	1
1997	49	1
1645	681	1
1184	430	2
1420	117	1
305	637	1
958	695	1
173	98	1
540	830	2
1128	869	2
620	897	1
1730	554	1
614	709	2
572	373	1
914	318	1
1834	607	1
1576	615	1
201	736	1
1258	151	1
1275	299	1
169	418	1
199	324	1
973	437	1
1661	375	3
1834	981	1
26	250	1
1661	443	1
181	908	1
1625	395	1
507	866	3
1071	580	1
371	633	1
1122	276	2
242	356	1
1682	323	1
906	152	1
1485	257	1
752	674	1
1882	288	1
826	49	1
351	363	1
1383	373	1
1751	356	2
1317	72	1
1394	878	1
614	37	1
1057	697	1
1447	930	1
1915	834	1
702	211	3
850	194	1
1591	689	1
1799	910	1
1179	901	1
863	635	1
390	977	1
319	499	1
1149	146	1
1647	938	1
495	599	1
126	158	1
385	242	2
1308	493	1
1526	827	1
160	115	1
1247	916	1
1787	707	1
132	483	3
545	593	1
1743	50	1
1226	31	1
954	235	1
1867	618	1
230	289	3
1595	756	1
272	66	1
827	810	1
902	258	3
748	886	1
753	955	1
1831	249	1
1261	524	1
390	174	1
1947	586	1
1702	224	1
1651	808	1
1315	73	1
1875	191	1
560	87	1
1692	450	1
1523	31	1
78	112	1
530	585	1
1095	451	1
795	603	1
989	733	1
673	56	1
272	681	1
1576	604	1
1876	923	1
558	397	1
1130	432	1
751	58	2
576	221	1
778	352	1
207	350	1
1901	695	1
451	784	1
1577	56	1
595	922	1
448	149	1
732	655	1
1303	880	1
1247	116	1
342	479	1
1541	601	1
792	31	1
1537	7	1
640	452	1
814	944	1
1310	725	1
911	800	1
370	910	1
1843	529	1
887	126	1
828	733	1
955	316	1
1708	854	1
911	723	1
443	551	1
661	526	1
762	352	1
618	691	1
1463	578	1
1306	419	1
928	692	1
1872	915	1
157	79	1
653	6	1
1388	823	1
679	294	1
1264	696	1
1998	963	1
1874	468	1
1335	424	1
24	470	1
888	987	1
1245	844	1
977	795	1
839	681	1
77	40	1
541	485	1
1989	724	1
745	77	1
1243	988	1
306	311	1
742	209	2
1464	703	1
1372	152	1
1687	707	1
606	25	1
513	103	1
1170	340	1
711	315	1
1114	785	1
425	246	2
175	407	1
1054	978	1
1245	259	1
527	141	1
1487	692	1
898	396	1
636	716	1
1449	857	1
358	897	3
206	67	1
1112	803	2
1761	870	1
1106	755	1
804	530	1
1918	876	1
1670	745	1
1310	928	1
1964	333	1
902	245	1
1788	305	1
316	815	1
1729	398	3
1418	928	1
1352	540	1
1835	139	1
1029	351	1
1827	411	1
997	142	1
1635	570	1
219	609	1
1905	152	1
956	437	1
1573	703	1
1080	417	1
1391	566	1
324	291	1
1096	913	3
1029	266	1
1614	147	1
1927	813	1
1095	756	1
12	997	1
1551	426	1
836	71	1
283	981	1
124	408	1
1180	705	1
1663	832	1
1760	423	1
1551	544	1
924	329	1
491	31	1
1722	234	1
1626	898	1
789	196	1
467	14	2
1420	471	1
277	969	1
205	394	1
972	302	1
1325	406	3
1698	212	2
693	675	1
615	567	1
1497	135	1
724	281	1
1134	681	1
578	505	1
960	853	1
622	605	1
504	997	1
1434	449	1
817	774	1
228	312	1
1709	597	3
497	340	1
815	904	1
924	646	3
1179	123	3
474	425	1
1046	121	1
1381	122	1
700	121	3
740	902	1
1322	997	3
1198	430	1
1519	742	1
614	555	1
460	679	1
1945	4	1
1743	156	1
165	155	1
890	589	1
1750	279	1
1075	528	1
1400	639	2
1519	270	1
1186	15	1
834	504	1
306	485	1
797	369	1
1700	796	1
1148	231	1
1992	294	1
432	163	2
621	362	1
974	485	1
1051	75	1
51	804	3
278	94	1
1725	340	1
1597	622	1
131	719	3
1222	683	1
561	454	1
1882	711	1
1428	6	3
1633	92	1
35	266	2
391	222	1
1234	150	1
1340	558	2
210	718	1
500	768	1
1631	334	1
1140	823	1
796	28	1
1871	286	1
1547	769	1
1591	622	1
1014	905	1
1946	107	1
4	894	1
1568	347	1
340	403	1
1585	660	1
1945	589	1
1734	240	1
1213	832	1
433	44	1
898	672	1
1565	306	1
322	408	1
723	622	1
698	8	1
897	269	1
233	540	1
1869	741	1
43	548	1
1393	979	1
1673	200	1
147	610	1
72	448	1
1443	521	1
162	969	1
1984	869	1
1185	844	1
576	648	1
197	270	1
123	189	1
749	849	1
739	170	1
863	392	1
1039	816	1
31	795	1
1893	808	1
1248	405	1
1054	82	1
235	758	1
482	173	3
1470	135	1
1734	58	1
854	386	1
449	103	1
1470	637	1
227	475	1
1229	991	2
542	367	1
1090	470	1
277	474	1
1996	787	2
813	485	1
870	417	1
1789	492	1
361	766	2
482	99	1
1338	591	2
620	307	1
1652	896	1
1507	443	1
693	497	1
552	124	2
381	2	1
1810	509	1
1955	181	1
249	656	1
1875	147	1
645	198	1
1481	704	1
1628	885	1
1504	848	1
630	991	1
1167	538	1
1579	864	1
531	847	1
612	280	1
1059	690	1
335	899	2
885	783	1
98	928	1
1025	971	1
1485	31	1
1555	906	2
1367	686	1
390	820	2
1114	394	1
1734	624	1
1649	83	1
451	51	3
733	407	1
671	797	1
44	299	1
1763	820	1
422	201	1
1165	994	2
366	47	1
739	354	1
661	159	1
1995	415	1
832	765	1
1404	918	1
386	467	1
402	711	3
304	820	2
1773	23	1
1780	835	1
1791	654	1
49	121	1
743	344	1
387	74	1
100	787	1
164	564	1
876	777	2
1341	881	2
912	150	3
909	437	1
916	146	1
1366	14	1
529	642	1
334	779	1
1907	946	2
1101	61	1
914	217	1
1394	639	1
573	586	1
62	565	1
1149	980	1
1077	938	1
1361	805	1
333	125	1
1852	263	1
1492	39	3
1907	829	1
1627	519	1
1640	535	2
39	122	1
1776	74	1
973	726	1
1227	104	1
1522	589	1
757	187	1
1787	202	1
1946	943	1
1089	640	1
1949	395	1
991	519	1
1938	918	1
869	822	1
246	712	1
351	560	1
43	122	1
31	484	1
332	254	1
1626	301	2
1713	918	3
494	560	1
1444	981	1
1357	978	1
494	685	1
1062	15	2
694	599	1
1395	175	1
1177	157	2
937	607	1
16	411	1
1404	743	1
883	548	1
1821	862	3
617	486	1
181	672	1
1819	68	2
1559	551	1
905	64	1
1160	73	2
1351	441	1
536	750	1
600	443	1
1271	462	1
840	701	1
1821	633	1
615	348	1
858	142	1
1940	65	3
432	978	1
1601	457	3
1427	434	1
1145	489	2
486	343	1
558	920	1
231	291	1
463	60	1
994	689	1
357	374	1
1679	859	1
1053	91	1
771	321	1
1937	629	1
939	108	1
878	212	1
193	885	1
1770	518	1
1981	711	1
502	348	1
1359	951	1
494	7	1
1252	77	1
603	726	3
401	32	2
169	147	1
581	527	1
1031	353	1
789	885	1
1562	750	1
1794	882	1
979	294	1
1979	105	1
1743	2	1
1254	896	1
1050	4	1
475	922	1
1346	454	1
282	825	1
872	300	1
1091	527	1
577	143	1
1716	31	1
1676	232	1
1830	437	1
1022	601	2
808	159	1
716	324	1
624	442	1
110	932	1
437	659	1
1655	514	1
259	880	1
1076	457	1
164	361	1
1830	453	2
942	2	1
413	105	1
1556	585	1
1316	442	1
325	424	1
423	161	1
1856	348	1
398	293	1
1335	190	1
56	45	1
1043	425	1
464	744	1
580	37	1
419	367	1
1799	590	1
1281	557	1
8	187	1
1993	539	1
986	612	1
1566	42	1
1358	354	1
1350	993	1
1069	680	1
1269	620	1
1976	906	1
135	607	1
181	368	1
1473	184	1
14	35	1
1308	698	1
993	798	1
1834	87	1
833	843	1
870	330	1
1000	618	1
1182	245	1
381	627	3
273	116	1
1881	400	1
204	712	2
1868	680	1
1035	574	1
274	452	1
1710	621	1
1313	947	1
1792	45	1
518	39	1
978	732	1
1449	725	1
1715	284	1
810	704	1
458	477	1
1972	192	1
1569	103	1
277	998	1
896	423	1
1367	280	1
1332	126	1
888	19	1
194	690	1
1411	132	1
1317	15	1
681	61	1
812	417	1
1509	155	1
837	432	1
261	107	1
1349	164	1
1342	981	2
949	400	1
1170	373	1
1157	534	1
113	767	1
1274	300	1
1254	898	1
1019	449	1
1249	470	1
1633	286	1
1119	398	1
1211	501	1
610	774	1
1222	217	1
957	169	3
1229	412	1
879	628	3
1545	616	1
1341	966	1
1382	105	1
1806	993	1
923	65	1
359	662	1
93	389	1
720	686	1
560	529	1
1053	643	1
505	638	1
1988	946	1
159	457	1
1458	513	1
616	145	1
166	783	1
318	341	1
1236	617	1
1760	647	1
789	543	1
56	371	1
870	147	1
629	571	1
1512	581	1
154	130	2
373	128	2
1630	263	2
1540	651	1
93	163	1
1321	812	1
611	63	1
351	26	2
484	921	2
632	258	1
1576	49	3
1082	429	1
1171	308	1
406	898	1
30	573	1
2	404	1
822	437	1
797	483	1
70	290	1
1468	883	1
1268	214	1
330	999	1
1501	13	1
1650	411	1
305	749	1
1208	762	1
1916	657	1
8	680	1
494	862	1
1563	322	2
1395	556	1
1947	220	2
548	217	2
397	817	1
741	539	1
1771	483	2
1594	60	1
1645	843	1
1683	370	1
65	501	1
156	682	1
1775	60	2
1181	677	1
360	230	1
1961	62	1
1361	798	1
1917	100	1
618	782	1
1553	991	1
394	766	1
181	663	1
26	335	1
1863	797	1
1971	391	1
785	268	1
1087	720	1
1813	992	1
1004	242	1
1735	577	1
656	344	1
1724	150	1
955	266	1
1289	554	1
514	173	1
1533	709	1
166	63	1
1013	155	1
1314	669	1
1694	264	1
1475	131	1
1614	997	1
1399	43	1
61	933	1
1707	438	1
577	121	1
943	733	2
432	658	1
1307	578	1
1483	130	1
1896	148	1
16	221	1
954	499	2
733	156	1
880	193	1
459	546	1
373	859	1
881	497	1
1956	595	1
1644	154	3
993	879	1
876	952	1
218	757	1
1548	721	1
1461	325	1
609	260	1
1975	875	1
720	854	1
1980	676	1
515	347	1
440	669	1
485	589	2
999	451	1
1538	252	1
575	416	1
1793	102	1
1780	130	1
1643	219	2
1750	92	1
1886	281	1
356	136	1
1421	349	1
527	822	1
1648	377	1
242	793	1
1893	596	1
336	877	3
687	567	1
1528	761	1
1544	183	3
282	802	1
1955	905	1
1641	53	1
1706	754	1
1540	584	1
1727	725	1
480	550	1
15	697	1
1130	137	3
1248	601	2
859	237	1
1444	460	1
1354	452	1
345	852	1
1655	747	1
1730	517	2
934	18	1
1523	437	1
1509	329	1
82	428	1
298	312	1
1409	597	1
117	569	1
1917	823	1
1742	235	1
772	197	1
1401	487	1
1103	593	1
617	983	1
1627	612	2
885	384	1
403	104	1
77	228	1
1444	893	2
1662	393	1
436	718	1
223	959	2
787	765	2
1929	218	3
675	642	1
302	915	3
1316	60	1
1576	908	1
1395	313	1
1739	977	1
130	414	1
1272	296	1
1213	883	1
75	988	2
265	962	1
288	283	3
128	680	1
1071	480	1
1031	33	1
340	736	1
65	669	1
1794	54	1
1183	269	1
1198	573	1
1431	123	1
610	191	1
1446	297	1
187	38	1
1594	730	2
1717	966	1
915	556	1
1078	937	1
1848	951	1
1718	96	3
115	195	1
1836	285	1
1303	751	1
1777	591	1
1950	569	1
588	43	1
118	905	2
1858	425	1
1941	930	1
1606	987	1
36	311	1
880	617	1
1945	507	1
967	962	1
727	976	2
1211	845	1
1251	866	1
925	506	1
318	441	1
180	640	1
167	893	1
181	246	1
775	808	1
1782	705	1
1873	938	1
221	256	1
1673	471	1
1194	827	1
1095	337	1
1576	87	3
1254	717	1
527	1	1
1785	875	1
883	760	1
1611	930	1
1634	152	1
835	53	1
843	895	1
1113	862	1
1892	621	1
602	123	1
1091	148	1
1412	151	1
245	990	1
869	897	1
223	650	1
1976	692	1
1124	133	1
1589	602	1
1437	119	1
1597	992	1
1599	966	1
1064	58	1
912	462	1
1774	497	1
450	326	1
125	673	1
366	2	1
1865	662	1
185	636	1
382	482	2
1667	711	1
1975	550	1
1330	412	1
272	789	1
1353	999	1
1460	949	3
1875	226	2
1901	484	1
652	325	1
1650	56	1
1942	304	1
1970	161	1
96	638	1
1620	394	1
1990	672	1
893	117	1
1022	399	2
1700	368	1
795	431	1
4	493	1
1503	811	1
313	485	1
1666	121	1
1421	791	1
654	349	3
567	621	1
1574	380	1
1162	226	1
1302	271	1
356	153	1
440	772	1
972	393	1
891	193	1
143	287	1
1096	825	1
1075	641	1
242	358	1
20	443	1
829	862	1
1885	661	1
131	779	3
1969	186	1
1291	710	1
890	936	1
1990	359	1
994	651	1
1309	333	1
519	945	1
1534	808	1
1944	834	1
511	728	1
1037	205	1
845	296	1
685	200	1
815	512	1
89	827	1
1075	80	1
182	797	1
407	951	3
635	549	1
474	356	1
1319	49	1
1437	118	1
594	558	1
1995	542	3
1110	238	1
870	454	1
1514	463	1
1380	663	1
1956	289	1
1045	712	1
39	587	1
1294	150	1
198	969	1
1500	81	1
896	14	1
1795	932	1
1322	510	1
310	526	1
457	377	1
858	271	1
1831	840	1
817	717	1
685	512	3
1782	254	1
1169	916	1
1507	627	1
200	880	2
1882	591	1
1187	68	1
666	65	1
1216	743	1
1248	816	1
232	123	1
1104	829	1
1296	808	1
870	293	1
39	804	1
725	797	2
270	74	1
1928	567	1
35	909	1
1435	619	3
418	81	1
1910	889	2
1348	688	1
319	771	1
1727	802	1
351	888	1
1561	883	1
1315	665	1
1737	210	1
570	300	1
1028	901	1
260	142	1
1700	37	1
1185	194	1
958	610	1
163	195	1
433	295	3
1114	119	1
1519	976	1
652	329	1
1657	396	1
687	414	1
1556	730	1
4	462	1
1826	335	1
1136	748	1
1724	530	1
1799	622	1
926	619	1
653	395	1
686	141	1
559	834	1
1910	383	1
1614	34	1
458	71	1
687	293	1
290	425	2
1096	816	1
721	68	1
32	411	1
1117	350	2
1991	906	1
776	626	1
1979	963	1
738	705	1
1951	579	1
1164	481	1
261	912	1
1826	579	1
1674	778	1
1560	311	1
516	683	1
297	757	1
1450	592	1
1606	402	1
624	468	1
419	340	1
387	81	1
1955	160	1
1365	817	1
1484	650	1
1762	860	1
1285	206	1
637	550	1
1423	206	1
1106	561	1
493	80	2
1292	858	1
1986	209	1
1416	506	1
1090	478	1
498	319	1
885	200	1
580	806	1
1204	881	1
965	948	1
740	102	1
1741	70	1
742	887	3
1950	461	1
145	985	1
1309	189	1
841	354	1
1460	743	1
216	808	1
1542	782	1
1055	267	1
1159	896	1
138	788	1
1524	498	2
588	209	1
652	573	1
646	164	1
1716	502	1
1203	280	1
1640	441	3
254	297	1
218	751	1
1856	120	1
1691	679	1
1258	146	1
1031	61	1
599	732	1
1637	384	1
162	468	1
580	130	1
1431	677	1
428	462	1
1968	350	1
1740	770	1
852	558	1
552	667	1
1667	832	1
409	425	1
1220	278	1
1490	681	1
268	619	3
860	285	1
486	670	1
1203	767	1
1135	151	1
1249	904	1
1314	915	1
1004	946	1
1100	492	3
1076	550	2
429	529	1
944	864	1
290	256	1
655	249	1
232	212	3
622	388	1
1340	691	1
1163	96	1
1205	887	1
1559	623	1
1729	338	1
696	341	2
1712	655	3
1146	197	1
1590	543	1
420	10	1
1834	611	1
34	618	2
607	125	1
1395	694	1
277	182	2
153	981	1
627	649	2
603	491	1
193	919	1
286	651	1
1851	535	1
743	764	1
38	868	1
1789	506	1
213	241	1
1053	1000	1
1697	296	1
241	936	1
1684	671	1
918	537	2
1512	14	1
574	202	1
1440	67	1
1291	826	1
8	737	1
1499	661	1
1966	636	1
1463	672	1
205	856	1
1202	365	2
848	917	1
833	126	1
903	271	1
29	476	1
1922	35	1
1085	639	1
418	17	1
27	393	1
1088	514	1
28	621	1
356	96	1
1849	132	3
385	96	1
623	474	1
1878	701	1
1569	604	1
922	666	2
1758	513	1
1693	226	1
986	113	1
1454	758	1
1363	423	1
258	47	1
639	782	1
1012	334	2
1726	100	1
182	126	1
1436	813	1
384	541	1
1389	398	1
579	956	1
1545	693	1
1156	807	1
591	172	1
1521	487	1
1586	388	1
313	732	1
427	837	1
53	930	1
1857	652	1
28	761	3
913	122	2
251	616	1
759	619	1
756	554	1
1021	579	1
1773	440	3
417	217	1
307	918	1
54	662	3
177	606	1
20	150	2
1261	876	1
859	328	1
208	835	1
551	511	1
1715	433	1
1678	95	1
1349	218	1
1887	765	1
1364	938	1
1787	340	1
628	759	1
1413	299	1
1401	70	1
885	357	1
983	879	1
749	427	1
1727	346	1
1943	760	1
1186	126	1
1092	551	1
539	576	1
361	226	1
861	987	1
662	227	1
257	420	1
850	254	1
239	657	1
1292	556	1
654	683	1
1095	165	1
700	814	1
554	495	1
1946	674	1
1298	922	1
1328	444	3
1920	262	1
567	679	1
545	484	1
79	993	1
1967	309	3
1423	222	1
129	489	1
368	432	1
650	388	1
1039	653	1
852	268	1
1813	654	2
1962	415	1
894	300	1
552	317	3
512	661	1
6	40	1
1561	47	1
1233	305	1
834	888	1
985	308	1
218	367	1
184	945	1
1038	354	3
1223	150	2
1698	378	1
86	264	3
153	67	1
349	319	3
120	261	1
117	113	1
542	457	1
939	700	1
779	598	1
1110	813	1
1788	26	1
208	82	1
654	863	1
94	405	1
1157	793	1
1399	330	2
1342	643	1
1511	621	3
979	12	1
1918	766	1
1710	353	3
1861	916	1
1158	923	3
113	750	3
1513	26	1
1056	752	1
1781	713	2
1783	821	1
791	596	1
439	182	1
1483	225	1
368	312	1
260	356	1
1288	109	2
62	959	3
845	463	1
1685	725	1
388	435	1
170	168	1
963	20	1
1379	862	1
119	290	1
48	483	1
1325	237	2
992	979	1
1158	638	1
1533	193	1
381	328	2
1647	19	1
777	651	1
1315	557	1
556	37	1
1185	707	1
178	209	1
133	121	1
1021	418	2
979	479	1
549	743	3
37	373	1
754	407	1
299	24	1
1126	307	1
1449	613	1
152	363	1
527	40	1
552	48	1
1995	229	1
203	253	1
1508	602	1
665	122	1
1019	386	1
537	171	2
662	379	1
650	751	1
209	815	1
1459	546	1
663	473	1
775	681	2
125	211	1
656	756	1
1507	238	1
1399	408	1
670	609	2
166	482	1
688	154	1
577	813	1
1587	900	1
863	218	1
592	629	1
735	775	1
219	84	1
1018	241	1
1759	905	1
1073	872	1
101	889	1
1813	30	1
1008	710	2
1179	696	1
236	859	1
625	550	1
1917	406	1
48	520	1
1198	281	1
299	68	3
85	148	1
897	243	2
686	245	1
135	600	3
302	698	1
1478	193	1
1060	144	1
787	891	1
171	768	3
883	93	1
1381	538	3
117	450	1
859	323	2
1827	548	1
1376	276	2
1219	544	1
100	128	1
1779	1	1
1718	115	1
1657	337	1
1413	516	3
1076	678	1
601	264	1
1549	684	1
94	352	3
1122	31	1
451	765	1
428	324	1
388	289	1
41	979	1
721	699	1
519	970	1
1903	624	1
867	859	1
832	320	1
36	630	1
253	500	1
1511	426	2
420	72	1
1702	948	1
1478	326	1
1454	554	1
1524	984	1
598	748	1
1503	157	1
1537	766	2
1253	257	1
236	829	1
699	385	1
119	900	1
700	562	1
1435	399	1
154	572	1
793	262	1
\.


--
-- Data for Name: invoices; Type: TABLE DATA; Schema: public; Owner: -
--

COPY invoices (invid, ordid, amount, issued, due) FROM stdin;
23	1100	40.99	2015-08-31	2015-09-07
34	1354	51.96	2015-12-16	2015-12-23
56	657	18.57	2016-05-14	2016-05-21
89	1835	34.25	2016-05-06	2016-05-13
100	507	43.48	2015-02-12	2015-02-19
155	1678	23.02	2015-10-02	2015-10-09
166	271	8.83	2016-08-26	2016-09-02
177	1546	13.40	2016-05-10	2016-05-17
188	1152	19.19	2015-05-04	2015-05-11
199	1974	19.72	2015-04-13	2015-04-20
221	94	76.24	2015-12-05	2015-12-12
254	1054	59.80	2015-12-18	2015-12-25
265	1060	8.18	2016-06-18	2016-06-25
309	847	17.66	2015-06-29	2015-07-06
331	1649	8.34	2016-09-01	2016-09-08
375	552	73.44	2015-10-25	2015-11-01
397	765	20.50	2015-01-28	2015-02-04
408	194	7.89	2016-07-09	2016-07-16
430	1098	8.93	2016-03-24	2016-03-31
441	1995	82.74	2015-10-18	2015-10-25
474	828	25.11	2015-12-14	2015-12-21
496	1509	49.57	2016-06-28	2016-07-05
518	302	52.31	2015-07-08	2015-07-15
540	806	20.79	2015-05-22	2015-05-29
551	500	45.95	2015-05-19	2015-05-26
573	1025	64.38	2015-05-17	2015-05-24
606	1856	18.78	2016-08-18	2016-08-25
617	1717	14.36	2016-04-10	2016-04-17
628	1693	9.25	2015-12-08	2015-12-15
661	207	11.84	2015-02-10	2015-02-17
683	1523	36.08	2016-05-13	2016-05-20
694	1566	64.86	2016-09-30	2016-10-07
727	1535	25.60	2015-05-25	2015-06-01
760	169	33.86	2015-11-29	2015-12-06
771	564	13.57	2015-10-12	2015-10-19
782	1522	51.61	2015-07-16	2015-07-23
815	1316	45.55	2015-02-25	2015-03-04
837	11	25.28	2015-10-11	2015-10-18
848	1402	18.52	2015-12-14	2015-12-21
859	1122	45.99	2016-01-12	2016-01-19
870	45	9.02	2016-02-10	2016-02-17
914	42	11.22	2016-06-22	2016-06-29
925	519	34.91	2015-12-22	2015-12-29
947	1358	25.32	2016-06-05	2016-06-12
958	1264	48.82	2015-03-26	2015-04-02
969	1244	23.45	2016-03-09	2016-03-16
980	76	38.54	2016-01-25	2016-02-01
991	1308	21.16	2015-05-28	2015-06-04
1002	352	4.64	2015-02-20	2015-02-27
1013	1944	14.27	2015-12-31	2016-01-07
1046	1833	21.01	2015-03-12	2015-03-19
1057	404	23.33	2016-02-22	2016-02-29
1090	1679	47.39	2016-09-10	2016-09-17
1101	291	60.28	2015-01-20	2015-01-27
1123	589	21.51	2015-09-14	2015-09-21
1134	871	23.71	2015-12-30	2016-01-06
1156	1229	48.29	2016-09-15	2016-09-22
1167	1417	19.56	2015-02-22	2015-03-01
1178	1319	27.14	2016-09-03	2016-09-10
1189	637	41.69	2016-09-06	2016-09-13
1211	142	38.34	2015-03-12	2015-03-19
1222	546	17.61	2015-06-13	2015-06-20
1233	1591	57.80	2016-03-09	2016-03-16
1244	1572	6.56	2015-05-21	2015-05-28
1255	1481	4.35	2016-08-26	2016-09-02
1266	364	2.67	2016-05-29	2016-06-05
1277	1251	21.15	2016-08-24	2016-08-31
1288	572	28.83	2016-05-18	2016-05-25
1299	727	45.09	2015-05-19	2015-05-26
1332	1204	15.63	2015-12-18	2015-12-25
1343	1107	13.81	2015-05-30	2015-06-06
1376	1483	21.77	2016-07-24	2016-07-31
1387	688	22.18	2016-07-24	2016-07-31
1420	1589	27.02	2016-02-08	2016-02-15
1431	22	20.70	2016-05-16	2016-05-23
1464	1909	18.28	2016-08-04	2016-08-11
1486	1907	51.42	2015-05-21	2015-05-28
1497	133	32.64	2016-02-12	2016-02-19
1519	1274	47.70	2015-03-02	2015-03-09
1541	845	14.73	2015-06-05	2015-06-12
1552	691	9.83	2016-08-03	2016-08-10
1563	837	18.60	2015-01-12	2015-01-19
1596	468	21.69	2016-09-02	2016-09-09
1607	1799	33.01	2015-08-19	2015-08-26
1618	1279	18.64	2016-08-01	2016-08-08
1640	1862	9.52	2016-03-23	2016-03-30
1651	413	6.81	2015-06-30	2015-07-07
1673	1559	30.84	2015-08-25	2015-09-01
1684	153	54.99	2015-01-15	2015-01-22
1695	846	12.06	2016-02-29	2016-03-07
1706	872	20.11	2015-03-07	2015-03-14
1728	1334	35.51	2016-09-29	2016-10-06
1739	938	13.97	2015-11-12	2015-11-19
1750	741	12.27	2016-01-15	2016-01-22
1761	531	12.60	2015-07-14	2015-07-21
1772	1560	57.86	2016-07-05	2016-07-12
1783	1407	13.29	2016-05-01	2016-05-08
1794	406	26.40	2016-05-07	2016-05-14
1805	1601	30.57	2016-01-14	2016-01-21
1816	658	37.31	2015-10-23	2015-10-30
1827	1209	10.13	2015-02-18	2015-02-25
1838	124	18.63	2016-04-18	2016-04-25
1849	298	33.07	2015-03-19	2015-03-26
1860	1537	40.10	2016-01-26	2016-02-02
1871	1306	21.45	2015-03-13	2015-03-20
1882	1945	38.37	2015-05-16	2015-05-23
1893	1169	6.22	2016-03-15	2016-03-22
1904	951	25.26	2015-06-16	2015-06-23
1915	1826	14.78	2016-05-05	2016-05-12
1926	2	12.12	2015-01-01	2015-01-08
1937	477	11.96	2016-07-27	2016-08-03
1948	1245	31.01	2015-08-02	2015-08-09
1959	122	9.67	2016-09-17	2016-09-24
1970	954	31.53	2015-01-18	2015-01-25
1981	1791	19.13	2016-04-22	2016-04-29
1992	570	40.54	2015-08-14	2015-08-21
2003	82	42.62	2015-10-21	2015-10-28
2014	1879	15.32	2015-10-21	2015-10-28
2025	470	22.38	2015-09-07	2015-09-14
2036	574	26.43	2016-05-15	2016-05-22
2047	1769	25.68	2016-01-17	2016-01-24
2058	1619	23.73	2016-01-27	2016-02-03
2069	1185	36.00	2015-12-07	2015-12-14
2080	85	44.84	2015-01-23	2015-01-30
2091	562	9.22	2016-07-12	2016-07-19
2102	1272	19.70	2016-09-30	2016-10-07
2113	810	14.32	2015-07-21	2015-07-28
2124	1810	21.82	2016-01-31	2016-02-07
2135	491	9.25	2016-08-11	2016-08-18
2146	1872	24.14	2016-08-12	2016-08-19
2157	1226	18.87	2015-03-13	2015-03-20
2168	520	24.27	2016-01-07	2016-01-14
2179	542	47.61	2015-01-22	2015-01-29
2190	1977	49.21	2015-02-20	2015-02-27
2201	235	15.49	2015-07-08	2015-07-15
2212	627	32.44	2016-02-15	2016-02-22
2223	930	12.54	2016-09-04	2016-09-11
2234	550	11.74	2016-01-03	2016-01-10
2245	195	2.32	2015-02-17	2015-02-24
2256	742	46.63	2015-01-24	2015-01-31
2267	1453	14.84	2016-03-03	2016-03-10
2278	1143	48.37	2016-04-03	2016-04-10
2289	689	30.63	2016-09-26	2016-10-03
2300	1855	57.11	2015-02-08	2015-02-15
2311	131	76.71	2016-07-08	2016-07-15
2322	443	13.27	2015-01-16	2015-01-23
2333	1840	50.91	2016-07-25	2016-08-01
2344	867	45.36	2015-08-09	2015-08-16
2355	123	18.27	2015-02-22	2015-03-01
2366	1053	46.06	2016-01-21	2016-01-28
2377	403	10.07	2015-05-01	2015-05-08
2388	20	49.74	2015-12-26	2016-01-02
2399	1982	10.04	2016-09-15	2016-09-22
2410	329	7.68	2016-07-05	2016-07-12
2421	251	35.15	2016-08-31	2016-09-07
2432	1315	37.77	2015-11-05	2015-11-12
2443	1339	36.73	2016-05-07	2016-05-14
2454	1220	28.05	2015-12-13	2015-12-20
2465	495	19.96	2015-11-28	2015-12-05
2476	884	9.17	2016-03-13	2016-03-20
2487	987	33.24	2016-02-15	2016-02-22
2498	611	35.21	2016-09-29	2016-10-06
2509	1472	21.56	2015-07-29	2015-08-05
2520	965	30.52	2016-06-04	2016-06-11
2531	1492	77.35	2016-09-03	2016-09-10
2542	1130	55.50	2016-03-15	2016-03-22
2553	1337	12.31	2016-04-05	2016-04-12
2564	941	7.43	2015-04-01	2015-04-08
2575	1216	10.79	2016-09-20	2016-09-27
2586	824	8.36	2015-10-03	2015-10-10
2597	1329	10.65	2015-02-16	2015-02-23
2608	1965	32.50	2015-05-03	2015-05-10
2619	1311	22.62	2016-02-03	2016-02-10
2630	309	14.73	2016-08-06	2016-08-13
2641	1891	35.87	2016-03-12	2016-03-19
2652	1059	20.04	2016-01-02	2016-01-09
2663	1878	12.96	2015-01-16	2015-01-23
2674	1763	13.14	2015-01-09	2015-01-16
2685	1163	8.54	2015-09-24	2015-10-01
2696	608	6.42	2015-02-07	2015-02-14
2707	1640	94.96	2015-09-02	2015-09-09
2718	246	8.28	2016-05-27	2016-06-03
2729	887	35.06	2015-07-28	2015-08-04
2740	1942	34.27	2016-08-23	2016-08-30
2751	405	7.17	2016-08-02	2016-08-09
2762	340	69.38	2016-07-17	2016-07-24
2773	853	67.94	2016-08-12	2016-08-19
2784	902	84.54	2015-11-05	2015-11-12
2795	202	28.50	2016-07-25	2016-08-01
2806	431	16.63	2016-09-10	2016-09-17
2817	865	16.54	2016-07-10	2016-07-17
2828	256	17.05	2015-05-01	2015-05-08
2839	551	11.27	2015-10-16	2015-10-23
2850	1643	27.84	2015-12-07	2015-12-14
2861	1352	2.84	2016-07-15	2016-07-22
2872	609	8.95	2016-03-28	2016-04-04
2883	311	27.44	2015-06-18	2015-06-25
2894	216	16.21	2016-07-11	2016-07-18
2905	1521	28.61	2016-03-04	2016-03-11
2916	77	34.45	2015-10-02	2015-10-09
2927	1727	50.88	2016-05-04	2016-05-11
2938	1031	36.09	2015-01-17	2015-01-24
2949	1388	22.85	2015-12-17	2015-12-24
2960	1079	19.57	2015-09-26	2015-10-03
2971	1994	24.56	2016-04-22	2016-04-29
2982	17	14.11	2015-02-02	2015-02-09
2993	355	21.84	2015-05-15	2015-05-22
3004	1657	34.46	2016-09-25	2016-10-02
3015	1428	96.06	2015-08-24	2015-08-31
3026	409	8.51	2015-07-06	2015-07-13
3037	146	9.67	2016-06-29	2016-07-06
3048	1896	19.97	2015-01-17	2015-01-24
3059	395	12.11	2015-08-22	2015-08-29
3070	4	33.45	2015-02-09	2015-02-16
3081	1113	27.43	2016-09-29	2016-10-06
3092	1101	10.23	2016-09-27	2016-10-04
3103	1655	27.64	2015-05-20	2015-05-27
3114	1434	22.37	2016-05-11	2016-05-18
3125	1936	19.47	2016-03-14	2016-03-21
3136	173	31.45	2016-05-29	2016-06-05
3147	655	28.34	2015-10-01	2015-10-08
3158	1857	32.62	2015-02-16	2015-02-23
3169	826	14.37	2016-04-13	2016-04-20
3180	242	43.04	2016-02-08	2016-02-15
3191	365	15.09	2015-08-23	2015-08-30
3202	486	29.38	2015-03-12	2015-03-19
3213	157	37.01	2016-04-18	2016-04-25
3224	1860	9.60	2015-02-11	2015-02-18
3235	1307	37.29	2015-08-02	2015-08-09
3246	1632	12.01	2015-12-10	2015-12-17
3257	858	24.37	2015-08-12	2015-08-19
3268	1422	41.18	2015-04-12	2015-04-19
3279	40	22.33	2015-04-04	2015-04-11
3290	1192	36.39	2016-03-27	2016-04-03
3301	1514	33.45	2016-08-22	2016-08-29
3312	544	36.50	2015-05-03	2015-05-10
3323	222	20.56	2015-06-01	2015-06-08
3334	1790	6.06	2015-07-01	2015-07-08
3345	651	1.11	2016-04-16	2016-04-23
3356	192	23.05	2015-03-09	2015-03-16
3367	674	55.78	2015-11-19	2015-11-26
3378	445	23.09	2015-07-17	2015-07-24
3389	1161	43.56	2016-07-01	2016-07-08
3400	1018	43.89	2016-04-07	2016-04-14
3411	601	10.30	2015-11-11	2015-11-18
3422	992	16.11	2015-12-08	2015-12-15
3433	683	10.41	2015-04-28	2015-05-05
3444	820	10.11	2016-02-17	2016-02-24
3455	1625	21.59	2016-03-24	2016-03-31
3466	988	28.99	2015-10-27	2015-11-03
3477	1342	32.81	2015-01-24	2015-01-31
3488	1017	12.52	2015-01-27	2015-02-03
3499	1905	15.06	2015-09-18	2015-09-25
3510	1351	33.27	2015-10-17	2015-10-24
3521	461	29.66	2015-12-22	2015-12-29
3532	1954	12.65	2015-02-18	2015-02-25
3543	440	69.46	2016-02-22	2016-02-29
3554	1460	52.69	2016-01-29	2016-02-05
3565	1959	25.72	2015-04-08	2015-04-15
3576	1056	20.35	2015-02-24	2015-03-03
3587	1877	2.84	2015-06-10	2015-06-17
3598	1375	12.27	2015-01-26	2015-02-02
3609	818	9.44	2016-07-11	2016-07-18
3620	1734	50.00	2016-09-05	2016-09-12
3631	475	55.18	2016-02-16	2016-02-23
3642	36	47.50	2016-03-04	2016-03-11
3653	638	9.56	2015-04-08	2015-04-15
3664	1554	8.04	2015-04-03	2015-04-10
3675	1713	49.17	2016-07-01	2016-07-08
3686	388	59.11	2015-10-20	2015-10-27
3697	286	13.64	2015-11-25	2015-12-02
3708	1688	10.74	2016-04-23	2016-04-30
3719	1930	17.20	2015-09-15	2015-09-22
3730	1981	23.24	2016-02-24	2016-03-02
3741	1873	12.75	2015-01-05	2015-01-12
3752	1250	12.99	2016-05-28	2016-06-04
3763	1752	12.75	2016-05-22	2016-05-29
3774	773	21.58	2015-11-24	2015-12-01
3785	607	17.46	2015-10-18	2015-10-25
3796	255	23.15	2015-02-18	2015-02-25
3807	1224	21.21	2015-12-20	2015-12-27
3818	777	25.75	2015-12-04	2015-12-11
3829	300	24.11	2016-07-18	2016-07-25
3840	1681	29.95	2016-09-06	2016-09-13
3851	1611	15.50	2016-02-16	2016-02-23
3862	1971	11.28	2015-12-16	2015-12-23
3873	543	4.46	2015-02-24	2015-03-03
3884	707	10.52	2016-09-03	2016-09-10
3895	787	53.05	2015-12-18	2015-12-25
3906	1629	11.54	2015-06-04	2015-06-11
3917	751	19.08	2016-01-11	2016-01-18
3928	1110	22.34	2016-09-08	2016-09-15
3939	334	9.99	2015-01-04	2015-01-11
3950	1174	35.48	2015-12-27	2016-01-03
3961	1380	11.75	2016-08-27	2016-09-03
3972	223	59.35	2015-03-08	2015-03-15
3983	27	0.94	2015-03-29	2015-04-05
3994	44	18.50	2016-08-05	2016-08-12
4005	1042	9.77	2016-03-14	2016-03-21
4016	1008	19.90	2016-08-22	2016-08-29
4027	986	23.53	2015-12-11	2015-12-18
4038	482	50.18	2015-08-30	2015-09-06
4049	876	39.48	2016-07-27	2016-08-03
4060	429	25.13	2015-11-18	2015-11-25
4071	1480	3.68	2016-01-25	2016-02-01
4082	718	10.29	2015-12-31	2016-01-07
4093	1573	30.39	2016-06-08	2016-06-15
4104	736	21.87	2015-07-23	2015-07-30
4115	1109	11.29	2015-02-02	2015-02-09
4126	435	9.02	2015-02-12	2015-02-19
4137	1653	20.34	2015-09-06	2015-09-13
4148	979	45.61	2016-07-25	2016-08-01
4159	353	19.07	2016-01-28	2016-02-04
4170	716	46.52	2016-05-11	2016-05-18
4181	1256	10.40	2015-08-12	2015-08-19
4192	51	49.62	2016-09-17	2016-09-24
4203	1715	27.88	2015-07-27	2015-08-03
4214	1445	7.56	2015-08-18	2015-08-25
4225	1302	14.07	2016-08-20	2016-08-27
4236	1574	24.63	2015-01-11	2015-01-18
4247	205	26.45	2015-09-17	2015-09-24
4258	1021	29.21	2016-08-12	2016-08-19
4269	90	13.39	2015-09-24	2015-10-01
4280	274	37.96	2015-06-28	2015-07-05
4291	1479	11.32	2015-07-11	2015-07-18
4302	1897	23.00	2015-07-20	2015-07-27
4313	1789	57.21	2015-12-23	2015-12-30
4324	1160	14.82	2015-06-06	2015-06-13
4335	1241	34.14	2015-08-18	2015-08-25
4346	1092	34.13	2016-02-25	2016-03-03
4357	1637	42.04	2015-02-21	2015-02-28
4368	1233	23.18	2015-09-22	2015-09-29
4379	549	43.96	2016-02-25	2016-03-03
4390	1893	30.38	2015-09-22	2015-09-29
4401	1176	5.68	2015-03-09	2015-03-16
4412	180	12.21	2016-08-26	2016-09-02
4423	972	25.56	2016-06-14	2016-06-21
4434	580	72.51	2015-06-21	2015-06-28
4445	907	19.11	2015-09-25	2015-10-02
4456	1437	65.65	2015-07-11	2015-07-18
4467	1505	24.46	2016-07-18	2016-07-25
4478	360	47.63	2015-07-04	2015-07-11
4489	511	20.64	2015-10-10	2015-10-17
4500	811	10.15	2015-08-27	2015-09-03
4511	504	8.03	2015-03-24	2015-03-31
4522	652	43.74	2016-03-28	2016-04-04
4533	814	9.61	2016-04-08	2016-04-15
4544	1198	41.30	2016-07-19	2016-07-26
4555	1132	20.10	2015-01-14	2015-01-21
4566	1294	32.97	2016-07-12	2016-07-19
4577	793	21.04	2016-05-14	2016-05-21
4588	1254	73.67	2015-01-03	2015-01-10
4599	1429	17.25	2015-01-23	2015-01-30
4610	1932	23.37	2016-05-08	2016-05-15
4621	328	11.12	2015-12-03	2015-12-10
4632	935	54.73	2015-07-16	2015-07-23
4643	667	7.01	2016-01-22	2016-01-29
4654	1240	20.21	2015-10-31	2015-11-07
4665	1395	48.04	2016-06-14	2016-06-21
4676	1142	9.91	2015-09-07	2015-09-14
4687	252	34.39	2015-03-23	2015-03-30
4698	1281	24.74	2016-07-04	2016-07-11
4709	1922	22.98	2016-04-20	2016-04-27
4720	1651	9.69	2015-09-28	2015-10-05
4731	1201	12.12	2015-09-30	2015-10-07
4742	653	25.64	2016-01-06	2016-01-13
4753	472	5.49	2015-05-09	2015-05-16
4764	834	60.20	2015-06-14	2015-06-21
4775	1095	90.44	2015-04-05	2015-04-12
4786	359	2.10	2015-12-26	2016-01-02
4797	1362	13.49	2015-06-18	2015-06-25
4808	1033	5.36	2016-03-26	2016-04-02
4819	913	22.42	2015-03-29	2015-04-05
4830	1939	25.69	2015-10-12	2015-10-19
4841	231	29.19	2015-05-02	2015-05-09
4852	522	10.45	2015-03-06	2015-03-13
4863	712	22.72	2015-04-15	2015-04-22
4874	1532	11.69	2016-01-28	2016-02-04
4885	1296	9.69	2016-06-29	2016-07-06
4896	240	6.29	2016-09-18	2016-09-25
4907	1309	37.63	2016-02-01	2016-02-08
4918	790	19.26	2016-03-22	2016-03-29
4929	1381	46.48	2015-08-08	2015-08-15
4940	1654	35.68	2015-06-17	2015-06-24
4951	1659	9.92	2015-03-02	2015-03-09
4962	1906	8.82	2015-04-10	2015-04-17
4973	1039	39.16	2015-02-06	2015-02-13
4984	1158	29.94	2016-02-19	2016-02-26
4995	879	79.56	2015-08-01	2015-08-08
5006	762	24.45	2015-05-29	2015-06-05
5017	1609	8.44	2016-07-05	2016-07-12
5028	1778	25.35	2015-05-27	2015-06-03
5039	1524	35.05	2016-02-05	2016-02-12
5050	1557	9.01	2016-05-24	2016-05-31
5061	1646	8.84	2016-06-07	2016-06-14
5072	1389	26.14	2015-10-07	2015-10-14
5083	772	12.03	2016-01-09	2016-01-16
5094	1203	32.98	2015-07-28	2015-08-04
5105	139	10.29	2015-11-26	2015-12-03
5116	1349	59.82	2015-11-06	2015-11-13
5127	1722	28.62	2015-04-02	2015-04-09
5138	594	30.69	2015-02-13	2015-02-20
5149	1633	43.12	2015-04-21	2015-04-28
5160	1387	22.70	2016-08-31	2016-09-07
5171	854	22.16	2015-11-06	2015-11-13
5182	375	13.65	2016-03-08	2016-03-15
5193	1952	11.76	2015-01-08	2015-01-15
5204	38	15.31	2016-03-17	2016-03-24
5215	319	42.06	2015-03-29	2015-04-05
5226	112	43.34	2015-03-17	2015-03-24
5237	454	42.62	2016-05-03	2016-05-10
5248	1676	8.36	2015-07-19	2015-07-26
5259	623	35.06	2015-05-27	2015-06-03
5270	1669	10.64	2016-04-30	2016-05-07
5281	66	15.52	2016-02-16	2016-02-23
5292	61	26.13	2015-02-11	2015-02-18
5303	1644	24.72	2016-07-31	2016-08-07
5314	1687	41.70	2015-10-25	2015-11-01
5325	1750	35.89	2015-04-13	2015-04-20
5336	1239	9.54	2016-08-06	2016-08-13
5347	1456	26.19	2015-10-23	2015-10-30
5358	628	26.43	2016-03-13	2016-03-20
5369	1820	16.61	2016-05-17	2016-05-24
5380	1881	38.19	2015-04-27	2015-05-04
5391	220	28.81	2016-07-19	2016-07-26
5402	1695	30.13	2015-09-09	2015-09-16
5413	1831	16.22	2016-01-31	2016-02-07
5424	1768	23.92	2015-04-23	2015-04-30
5435	1980	21.64	2016-01-30	2016-02-06
5446	476	14.43	2015-04-07	2015-04-14
5457	1865	28.35	2016-08-15	2016-08-22
5468	783	15.79	2015-06-16	2015-06-23
5479	299	24.52	2015-03-14	2015-03-21
5490	771	29.77	2016-03-24	2016-03-31
5501	1845	42.57	2015-08-11	2015-08-18
5512	68	14.86	2015-09-03	2015-09-10
5523	1257	23.20	2016-07-05	2016-07-12
5534	1168	33.52	2016-01-11	2016-01-18
5545	1248	54.08	2015-06-01	2015-06-08
5556	1550	12.84	2015-11-29	2015-12-06
5567	897	39.15	2016-05-10	2016-05-17
5578	170	34.67	2016-07-31	2016-08-07
5589	521	15.06	2016-06-20	2016-06-27
5600	1399	57.57	2016-09-25	2016-10-02
5611	1858	29.94	2015-02-04	2015-02-11
5622	1543	17.97	2016-07-11	2016-07-18
5633	1540	29.19	2015-01-24	2015-01-31
5644	428	30.59	2015-03-19	2015-03-26
5655	1469	20.49	2015-09-05	2015-09-12
5666	1164	17.14	2015-12-04	2015-12-11
5677	210	48.37	2015-09-01	2015-09-08
5688	1766	42.55	2016-07-07	2016-07-14
5699	128	21.25	2016-07-31	2016-08-07
5710	436	10.64	2016-08-21	2016-08-28
5721	1837	37.48	2015-10-16	2015-10-23
5732	275	16.02	2015-12-30	2016-01-06
5743	1912	37.17	2015-09-14	2015-09-21
5754	374	10.82	2015-12-09	2015-12-16
5765	272	58.02	2016-08-26	2016-09-02
5776	447	31.54	2016-03-05	2016-03-12
5787	1356	9.18	2015-09-07	2015-09-14
5798	294	10.04	2016-09-20	2016-09-27
5809	1154	15.23	2015-05-09	2015-05-16
5820	1562	18.47	2016-02-04	2016-02-11
5831	1011	9.60	2015-11-21	2015-11-28
5842	914	29.83	2015-12-19	2015-12-26
5853	305	24.84	2016-08-20	2016-08-27
5864	912	45.11	2015-09-18	2015-09-25
5875	241	14.23	2016-01-30	2016-02-06
5886	1069	16.05	2015-01-13	2015-01-20
5897	1338	58.43	2016-09-21	2016-09-28
5908	661	42.03	2015-08-15	2015-08-22
5919	1785	4.05	2016-03-01	2016-03-08
5930	1461	21.38	2016-03-10	2016-03-17
5941	1020	11.80	2016-09-07	2016-09-14
5952	1085	34.31	2015-09-14	2015-09-21
5963	905	34.09	2016-06-30	2016-07-07
5974	1941	21.10	2016-05-28	2016-06-04
5985	1620	32.25	2015-01-22	2015-01-29
5996	154	39.60	2015-02-20	2015-02-27
6007	962	31.32	2015-09-09	2015-09-16
6018	1920	30.74	2015-07-16	2015-07-23
6029	1979	15.93	2015-04-17	2015-04-24
6040	1289	17.35	2015-04-01	2015-04-08
6051	345	36.33	2015-05-02	2015-05-09
6062	1333	47.11	2015-12-19	2015-12-26
6073	263	30.21	2015-05-08	2015-05-15
6084	1594	29.11	2015-05-06	2015-05-13
6095	1665	6.12	2015-06-25	2015-07-02
6106	1298	48.11	2015-08-16	2015-08-23
6117	1529	24.11	2015-02-28	2015-03-07
6128	1463	15.03	2015-03-23	2015-03-30
6139	1043	22.62	2015-09-22	2015-09-29
6150	558	31.13	2015-06-15	2015-06-22
6161	247	16.04	2016-08-22	2016-08-29
6172	1118	33.95	2015-09-26	2015-10-03
6183	754	8.08	2016-07-26	2016-08-02
6194	361	28.06	2015-07-02	2015-07-09
6205	1121	10.38	2015-11-22	2015-11-29
6216	217	23.89	2015-11-09	2015-11-16
6227	1756	27.73	2015-10-25	2015-11-01
6238	254	15.47	2015-03-26	2015-04-02
6249	54	23.57	2015-04-14	2015-04-21
6260	1318	9.91	2016-09-24	2016-10-01
6271	1931	13.19	2016-05-13	2016-05-20
6282	1549	9.66	2015-08-31	2015-09-07
6293	156	9.05	2016-05-12	2016-05-19
6304	1382	29.90	2016-08-31	2016-09-07
6315	878	36.83	2015-02-27	2015-03-06
6326	1811	12.85	2015-08-19	2015-08-26
6337	676	8.86	2016-07-12	2016-07-19
6348	1595	23.84	2015-10-09	2015-10-16
6359	1066	14.35	2016-04-21	2016-04-28
6370	999	8.74	2015-06-26	2015-07-03
6381	1577	24.29	2015-09-24	2015-10-01
6392	892	16.23	2016-04-20	2016-04-27
6403	73	12.32	2015-09-12	2015-09-19
6414	1269	3.75	2015-01-27	2015-02-03
6425	455	9.58	2016-01-29	2016-02-05
6436	1218	43.92	2015-04-30	2015-05-07
6447	12	29.97	2016-08-25	2016-09-01
6458	1777	16.86	2015-09-30	2015-10-07
6469	1889	17.69	2015-08-28	2015-09-04
6480	295	13.55	2015-09-29	2015-10-06
6491	498	38.47	2016-08-14	2016-08-21
6502	1627	34.65	2016-02-14	2016-02-21
6513	577	35.72	2015-02-12	2015-02-19
6524	1415	9.92	2015-04-10	2015-04-17
6535	593	16.54	2015-03-03	2015-03-10
6546	1010	29.89	2016-03-01	2016-03-08
6557	317	9.69	2015-05-28	2015-06-04
6568	602	24.32	2015-12-02	2015-12-09
6579	1599	11.51	2015-06-29	2015-07-06
6590	1918	17.30	2015-11-03	2015-11-10
6601	494	39.59	2016-09-23	2016-09-30
6612	1102	17.30	2015-03-12	2015-03-19
6623	385	53.35	2016-04-30	2016-05-07
6634	1614	41.92	2015-05-01	2015-05-08
6645	1585	11.87	2016-07-27	2016-08-03
6656	1600	17.55	2016-06-12	2016-06-19
6667	1199	8.96	2016-08-18	2016-08-25
6678	1497	26.49	2015-02-15	2015-02-22
6689	619	12.96	2016-03-09	2016-03-16
6700	1488	38.00	2016-02-16	2016-02-23
6711	682	34.95	2015-02-21	2015-02-28
6722	568	93.77	2016-04-15	2016-04-22
6733	1210	18.43	2015-01-31	2015-02-07
6744	1401	25.29	2016-08-26	2016-09-02
6755	310	31.76	2015-05-04	2015-05-11
6766	158	14.09	2015-11-11	2015-11-18
6777	1985	10.07	2015-11-14	2015-11-21
6788	1426	24.84	2015-08-30	2015-09-06
6799	138	29.99	2016-03-16	2016-03-23
6810	1518	8.93	2015-07-15	2015-07-22
6821	292	21.00	2016-06-12	2016-06-19
6832	597	10.63	2016-05-21	2016-05-28
6843	228	29.13	2015-03-19	2015-03-26
6854	1410	19.75	2015-01-11	2015-01-18
6865	1037	17.07	2015-09-28	2015-10-05
6876	3	34.35	2015-05-14	2015-05-21
6887	371	30.85	2016-04-29	2016-05-06
6898	1184	23.58	2015-09-11	2015-09-18
6909	1772	22.11	2015-11-19	2015-11-26
6920	1230	11.29	2015-07-21	2015-07-28
6931	1551	15.06	2015-01-17	2015-01-24
6942	1937	10.99	2016-01-04	2016-01-11
6953	1520	13.90	2015-10-18	2015-10-25
6964	219	19.15	2015-07-04	2015-07-11
6975	260	13.54	2015-12-11	2015-12-18
6986	799	7.92	2015-08-03	2015-08-10
6997	448	12.67	2016-08-01	2016-08-08
7008	1511	84.83	2016-06-13	2016-06-20
7019	513	33.01	2015-06-15	2015-06-22
7030	1496	21.81	2016-01-28	2016-02-04
7041	1740	18.29	2016-02-29	2016-03-07
7052	1553	21.12	2016-03-18	2016-03-25
7063	840	17.31	2015-02-09	2015-02-16
7074	1677	28.50	2015-07-04	2015-07-11
7085	1035	11.53	2015-08-05	2015-08-12
7096	141	11.52	2015-12-07	2015-12-14
7107	595	30.07	2015-07-02	2015-07-09
7118	851	8.45	2016-04-03	2016-04-10
7129	1696	12.12	2015-10-04	2015-10-11
7140	74	32.43	2015-02-25	2015-03-04
7151	1314	21.52	2015-04-18	2015-04-25
7162	1707	39.93	2016-05-17	2016-05-24
7173	493	43.44	2015-03-26	2015-04-02
7184	1005	15.65	2016-07-01	2016-07-08
7195	685	47.14	2015-11-17	2015-11-24
7206	1266	37.08	2015-12-16	2015-12-23
7217	1672	8.24	2015-05-05	2015-05-12
7228	380	10.78	2015-09-07	2015-09-14
7239	556	30.36	2015-06-29	2015-07-06
7250	548	25.54	2015-10-16	2015-10-23
7261	645	16.68	2016-06-01	2016-06-08
7272	989	19.13	2016-02-23	2016-03-01
7283	630	25.42	2016-09-26	2016-10-03
7294	390	56.61	2016-05-26	2016-06-02
7305	982	15.06	2016-08-21	2016-08-28
7316	161	27.32	2015-10-23	2015-10-30
7327	1548	7.12	2015-07-26	2015-08-02
7338	1613	13.38	2015-03-30	2015-04-06
7349	203	17.72	2015-06-15	2015-06-22
7360	41	45.80	2016-09-21	2016-09-28
7371	1956	32.45	2015-05-31	2015-06-07
7382	1904	11.29	2015-08-06	2015-08-13
7393	1915	21.66	2015-01-13	2015-01-20
7404	969	8.79	2015-08-19	2015-08-26
7415	417	46.41	2016-09-29	2016-10-06
7426	333	6.22	2015-12-23	2015-12-30
7437	584	24.67	2015-02-05	2015-02-12
7448	1900	19.27	2016-05-27	2016-06-03
7459	859	50.46	2015-09-24	2015-10-01
7470	1096	82.94	2016-03-04	2016-03-11
7481	573	18.90	2015-03-16	2015-03-23
7492	1503	14.83	2015-01-14	2015-01-21
7503	1776	56.18	2015-04-19	2015-04-26
7514	1664	9.66	2016-09-28	2016-10-05
7525	103	8.13	2016-01-27	2016-02-03
7536	923	9.60	2015-12-09	2015-12-16
7547	934	16.08	2015-03-14	2015-03-21
7558	764	13.96	2015-05-27	2015-06-03
7569	1533	37.32	2015-05-07	2015-05-14
7580	662	24.37	2016-04-24	2016-05-01
7591	1223	65.99	2016-08-02	2016-08-09
7602	722	36.86	2016-01-01	2016-01-08
7613	996	8.33	2016-02-29	2016-03-07
7624	182	42.95	2015-05-12	2015-05-19
7635	1807	8.75	2016-07-16	2016-07-23
7646	379	17.95	2016-04-28	2016-05-05
7657	1193	20.68	2015-12-14	2015-12-21
7668	62	47.63	2015-08-09	2015-08-16
7679	175	35.51	2016-04-30	2016-05-07
7690	1261	25.53	2015-05-08	2015-05-15
7701	1094	21.47	2015-10-27	2015-11-03
7712	760	43.76	2016-09-18	2016-09-25
7723	1222	16.00	2015-07-01	2015-07-08
7734	1301	26.60	2016-04-30	2016-05-07
7745	916	3.61	2016-08-03	2016-08-10
7756	1330	18.93	2015-07-15	2015-07-22
7767	418	57.82	2015-04-17	2015-04-24
7778	1268	26.15	2015-02-23	2015-03-02
7789	1418	21.54	2016-03-25	2016-04-01
7800	118	41.98	2015-03-09	2015-03-16
7811	1427	10.78	2015-04-21	2015-04-28
7822	1901	33.42	2015-03-30	2015-04-06
7833	33	26.82	2016-06-19	2016-06-26
7844	1886	11.10	2015-07-06	2015-07-13
7855	1484	9.62	2015-05-24	2015-05-31
7866	239	14.10	2016-05-17	2016-05-24
7877	875	31.17	2015-11-14	2015-11-21
7888	1818	22.55	2015-10-07	2015-10-14
7899	725	75.64	2015-11-16	2015-11-23
7910	191	11.05	2016-04-24	2016-05-01
7921	1189	18.02	2015-01-09	2015-01-16
7932	1253	23.22	2016-07-02	2016-07-09
7943	734	9.67	2016-07-23	2016-07-30
7954	1063	23.50	2016-04-20	2016-04-27
7965	1866	20.08	2015-12-30	2016-01-06
7976	471	25.99	2016-06-12	2016-06-19
7987	233	2.84	2015-09-03	2015-09-10
7998	437	19.93	2016-01-26	2016-02-02
8009	909	4.32	2015-06-16	2015-06-23
8020	1868	42.36	2016-02-01	2016-02-08
8031	1706	9.78	2015-10-22	2015-10-29
8042	1563	41.70	2016-05-14	2016-05-21
8053	1232	22.92	2015-03-30	2015-04-06
8064	318	33.93	2016-05-08	2016-05-15
8075	427	47.15	2016-08-12	2016-08-19
8086	28	76.36	2015-08-09	2015-08-16
8097	1112	80.74	2015-09-01	2015-09-08
8108	1859	15.51	2015-01-20	2015-01-27
8119	827	31.83	2015-04-18	2015-04-25
8130	1674	26.19	2016-08-28	2016-09-04
8141	460	24.94	2016-01-02	2016-01-09
8152	533	8.34	2016-05-20	2016-05-27
8163	381	99.25	2015-07-12	2015-07-19
8174	1990	28.04	2015-06-14	2015-06-21
8185	1882	58.03	2015-01-20	2015-01-27
8196	629	20.29	2015-06-25	2015-07-02
8207	1136	8.77	2015-01-17	2015-01-24
8218	238	27.57	2015-08-23	2015-08-30
8229	1409	9.36	2015-08-27	2015-09-03
8240	1336	43.37	2015-01-21	2015-01-28
8251	748	31.16	2015-07-05	2015-07-12
8262	825	10.82	2016-04-28	2016-05-05
8273	906	17.27	2015-09-09	2015-09-16
8284	282	41.21	2016-07-11	2016-07-18
8295	1525	2.81	2016-04-08	2016-04-15
8306	1367	28.71	2015-12-12	2015-12-19
8317	325	35.76	2016-02-18	2016-02-25
8328	107	18.85	2015-12-24	2015-12-31
8339	1278	14.06	2016-02-23	2016-03-01
8350	964	11.37	2016-08-04	2016-08-11
8361	1104	12.02	2016-02-11	2016-02-18
8372	1606	28.61	2016-01-29	2016-02-05
8383	836	22.79	2015-05-30	2015-06-06
8394	312	8.45	2015-01-20	2015-01-27
8405	1603	32.15	2015-06-18	2015-06-25
8416	1195	25.45	2015-03-04	2015-03-11
8427	720	39.19	2015-05-10	2015-05-17
8438	949	26.31	2016-05-20	2016-05-27
8449	1044	39.71	2016-07-24	2016-07-31
8460	1393	10.59	2016-08-26	2016-09-02
8471	1325	62.26	2016-09-10	2016-09-17
8482	331	26.26	2015-02-17	2015-02-24
8493	230	47.65	2016-02-29	2016-03-07
8504	785	13.94	2016-04-28	2016-05-05
8515	955	27.23	2015-06-09	2015-06-16
8526	525	4.32	2015-11-07	2015-11-14
8537	560	55.05	2016-02-19	2016-02-26
8548	316	11.63	2015-05-27	2015-06-03
8559	1420	48.37	2016-04-16	2016-04-23
8570	1493	13.61	2015-04-22	2015-04-29
8581	111	28.07	2016-09-24	2016-10-01
8592	368	33.99	2016-07-19	2016-07-26
8603	1839	20.62	2016-09-07	2016-09-14
8614	1951	19.34	2016-04-25	2016-05-02
8625	1667	35.03	2015-04-14	2015-04-21
8636	98	9.02	2016-05-20	2016-05-27
8647	307	16.39	2016-02-29	2016-03-07
8658	489	14.69	2016-05-17	2016-05-24
8669	1476	20.74	2016-07-04	2016-07-11
8680	78	17.15	2016-01-01	2016-01-08
8691	357	9.18	2016-06-28	2016-07-05
8702	516	13.20	2016-08-04	2016-08-11
8713	39	26.36	2015-12-31	2016-01-07
8724	135	50.65	2015-07-12	2015-07-19
8735	1087	10.19	2015-04-16	2015-04-23
8746	151	12.05	2016-01-12	2016-01-19
8757	1822	13.12	2016-02-04	2016-02-11
8768	7	20.62	2015-09-10	2015-09-17
8779	306	41.12	2015-06-24	2015-07-01
8790	654	53.26	2016-01-03	2016-01-10
8801	1150	10.56	2015-08-08	2015-08-15
8812	620	29.64	2015-06-28	2015-07-05
8823	336	17.73	2016-03-20	2016-03-27
8834	1246	5.49	2015-12-15	2015-12-22
8845	672	11.16	2015-08-11	2015-08-18
8856	1798	5.18	2015-12-24	2015-12-31
8867	660	6.29	2016-09-09	2016-09-16
8878	366	35.71	2016-02-05	2016-02-12
8889	1012	47.86	2015-10-31	2015-11-07
8900	1863	6.04	2015-03-12	2015-03-19
8911	1926	17.34	2016-07-10	2016-07-17
8922	1173	38.50	2016-08-30	2016-09-06
8933	936	12.20	2016-08-10	2016-08-17
8944	1124	12.98	2015-03-19	2015-03-26
8955	600	34.33	2015-06-14	2015-06-21
8966	189	65.87	2015-08-31	2015-09-07
8977	1114	66.20	2015-06-28	2015-07-05
8988	1788	19.01	2016-08-04	2016-08-11
8999	937	23.19	2016-04-26	2016-05-03
9010	918	80.90	2016-01-28	2016-02-04
9021	1146	12.03	2016-04-16	2016-04-23
9032	248	46.58	2016-01-14	2016-01-21
9043	444	14.10	2016-02-25	2016-03-03
9054	775	41.54	2016-05-06	2016-05-13
9065	1165	58.19	2016-06-07	2016-06-14
9076	1501	8.96	2015-10-06	2015-10-13
9087	290	48.11	2016-02-04	2016-02-11
9098	1398	3.10	2015-12-16	2015-12-23
9109	1910	55.98	2016-08-31	2016-09-07
9120	1369	13.49	2015-09-05	2015-09-12
9131	70	34.77	2016-08-18	2016-08-25
9142	506	10.06	2016-06-06	2016-06-13
9153	622	36.47	2016-02-01	2016-02-08
9164	1830	57.59	2016-04-03	2016-04-10
9175	1140	10.14	2015-10-17	2015-10-24
9186	1090	30.46	2016-09-12	2016-09-19
9197	1783	37.22	2016-05-01	2016-05-08
9208	26	53.39	2015-05-15	2015-05-22
9219	1504	27.45	2016-05-31	2016-06-07
9230	1745	12.52	2016-07-20	2016-07-27
9241	1732	5.36	2015-03-11	2015-03-18
9252	694	21.08	2016-04-14	2016-04-21
9263	889	7.81	2015-03-23	2015-03-30
9274	1992	41.87	2015-12-20	2015-12-27
9285	1773	61.11	2016-01-27	2016-02-03
9296	1948	29.25	2015-04-12	2015-04-19
9307	1400	23.38	2016-09-25	2016-10-02
9318	125	58.83	2016-03-14	2016-03-21
9329	503	21.92	2015-03-04	2015-03-11
9340	1964	43.24	2016-06-09	2016-06-16
9351	1413	44.21	2016-05-15	2016-05-22
9362	1155	12.98	2015-10-27	2015-11-03
9373	502	9.77	2016-01-14	2016-01-21
9384	1513	9.92	2016-09-06	2016-09-13
9395	136	27.11	2015-10-02	2015-10-09
9406	737	16.54	2016-05-28	2016-06-04
9417	1125	14.82	2016-01-15	2016-01-22
9428	883	40.17	2016-08-25	2016-09-01
9439	350	12.77	2016-08-04	2016-08-11
9450	696	16.08	2016-07-08	2016-07-15
9461	1933	6.79	2015-06-02	2015-06-09
9472	1737	66.96	2016-06-03	2016-06-10
9483	616	20.98	2015-07-03	2015-07-10
9494	227	9.44	2016-06-22	2016-06-29
9505	1057	30.06	2016-06-03	2016-06-10
9516	457	11.10	2016-07-20	2016-07-27
9527	46	7.71	2016-07-31	2016-08-07
9538	1464	40.72	2015-09-19	2015-09-26
9549	410	16.97	2016-01-09	2016-01-16
9560	942	22.17	2015-04-04	2015-04-11
9571	650	17.47	2016-03-08	2016-03-15
9582	1451	4.59	2015-12-15	2015-12-22
9593	1519	60.17	2015-08-16	2015-08-23
9604	187	25.44	2015-11-04	2015-11-11
9615	99	8.86	2016-02-01	2016-02-08
9626	869	20.18	2016-05-04	2016-05-11
9637	1270	26.84	2016-02-19	2016-02-26
9648	1516	17.95	2015-11-16	2015-11-23
9659	939	14.40	2016-07-15	2016-07-22
9670	998	2.22	2015-11-09	2015-11-16
9681	769	38.02	2015-12-06	2015-12-13
9692	1412	22.55	2016-01-03	2016-01-10
9703	226	4.46	2015-05-12	2015-05-19
9714	185	32.96	2016-06-21	2016-06-28
9725	176	28.95	2016-03-16	2016-03-23
9736	1805	8.82	2015-08-25	2015-09-01
9747	1741	26.18	2016-08-28	2016-09-04
9758	1015	35.06	2016-09-04	2016-09-11
9769	15	12.46	2015-12-09	2015-12-16
9780	901	56.32	2015-01-04	2015-01-11
9791	1584	24.72	2015-12-31	2016-01-07
9802	1149	38.59	2016-02-23	2016-03-01
9813	464	13.75	2016-01-18	2016-01-25
9824	1490	12.73	2015-01-31	2015-02-07
9835	110	11.12	2016-06-20	2016-06-27
9846	280	6.11	2016-03-18	2016-03-25
9857	1151	13.45	2016-02-08	2016-02-15
9868	866	8.96	2016-07-04	2016-07-11
9879	84	23.64	2015-10-28	2015-11-04
9890	1899	10.48	2016-06-15	2016-06-22
9901	888	43.22	2015-01-24	2015-01-31
9912	116	39.07	2016-03-13	2016-03-20
9923	1303	35.15	2016-05-14	2016-05-21
9934	586	7.10	2015-07-18	2015-07-25
9945	1645	29.13	2015-10-23	2015-10-30
9956	1350	31.84	2016-09-05	2016-09-12
9967	466	13.46	2016-06-09	2016-06-16
9978	610	16.89	2015-03-12	2015-03-19
9989	342	33.94	2016-06-01	2016-06-08
10000	259	33.29	2015-03-09	2015-03-16
10011	1391	7.43	2016-06-02	2016-06-09
10022	1813	82.46	2016-02-10	2016-02-17
10033	915	53.04	2015-04-06	2015-04-13
10044	1515	19.66	2016-01-10	2016-01-17
10055	386	55.31	2016-05-05	2016-05-12
10066	578	17.87	2016-01-18	2016-01-25
10077	283	11.87	2016-01-12	2016-01-19
10088	870	64.18	2015-09-03	2015-09-10
10099	1547	39.36	2015-09-29	2015-10-06
10110	795	28.58	2015-07-25	2015-08-01
10121	633	12.29	2015-12-11	2015-12-18
10132	1175	14.28	2015-12-16	2015-12-23
10143	919	36.07	2015-12-21	2015-12-28
10154	605	35.29	2015-06-14	2015-06-21
10165	102	21.16	2016-08-10	2016-08-17
10176	1452	10.13	2015-05-06	2015-05-13
10187	168	7.24	2015-08-05	2015-08-12
10198	615	40.54	2015-06-13	2015-06-20
10209	338	9.76	2015-12-09	2015-12-16
10220	900	22.55	2016-08-18	2016-08-25
10231	71	22.70	2016-08-10	2016-08-17
10242	1046	40.02	2016-04-13	2016-04-20
10253	1170	25.01	2016-06-19	2016-06-26
10264	480	49.46	2016-09-22	2016-09-29
10275	1292	34.71	2015-07-31	2015-08-07
10286	1137	18.10	2016-03-25	2016-04-01
10297	115	43.09	2016-01-28	2016-02-04
10308	835	13.39	2015-01-19	2015-01-26
10319	944	15.38	2015-12-22	2015-12-29
10330	1587	23.14	2015-10-05	2015-10-12
10341	1946	61.70	2015-01-09	2015-01-16
10352	974	60.92	2015-02-20	2015-02-27
10363	372	17.02	2015-05-19	2015-05-26
10374	1969	24.64	2016-03-31	2016-04-07
10385	288	54.22	2016-01-20	2016-01-27
10396	1736	23.30	2015-05-14	2015-05-21
10407	1953	24.61	2015-03-24	2015-03-31
10418	35	45.43	2015-01-16	2015-01-23
10429	753	11.05	2016-08-17	2016-08-24
10440	104	19.02	2015-12-20	2015-12-27
10451	1829	18.71	2015-02-27	2015-03-06
10462	1462	28.64	2015-08-05	2015-08-12
10473	1394	21.90	2016-08-07	2016-08-14
10484	997	17.87	2015-07-18	2015-07-25
10495	709	7.91	2015-08-01	2015-08-08
10506	426	19.89	2015-03-14	2015-03-21
10517	1435	52.16	2016-04-30	2016-05-07
10528	508	30.02	2015-02-11	2015-02-18
10539	1277	24.74	2016-05-20	2016-05-27
10550	803	27.36	2015-06-15	2015-06-22
10561	1861	8.54	2016-04-04	2016-04-11
10572	1135	30.58	2016-03-11	2016-03-18
10583	485	80.33	2015-04-10	2015-04-17
10594	591	55.63	2016-02-25	2016-03-03
10605	1634	6.10	2015-04-09	2015-04-16
10616	86	50.84	2015-05-19	2015-05-26
10627	1392	35.62	2015-06-30	2015-07-07
10638	1448	38.60	2016-07-15	2016-07-22
10649	1604	34.43	2015-03-26	2015-04-02
10660	1080	13.79	2016-02-02	2016-02-09
10671	778	23.44	2016-06-23	2016-06-30
10682	614	86.74	2015-05-02	2015-05-09
10693	1782	34.99	2015-03-22	2015-03-29
10704	1454	13.54	2015-12-28	2016-01-04
10715	756	13.22	2015-12-30	2016-01-06
10726	1714	12.06	2015-06-20	2015-06-27
10737	453	9.38	2015-10-07	2015-10-14
10748	293	23.20	2015-04-27	2015-05-04
10759	1071	23.19	2016-07-21	2016-07-28
10770	1943	34.75	2015-04-11	2015-04-18
10781	1474	17.15	2016-02-11	2016-02-18
10792	1500	22.30	2016-05-18	2016-05-25
10803	802	20.98	2015-05-11	2015-05-18
10814	1167	30.32	2016-07-22	2016-07-29
10825	856	10.81	2015-05-21	2015-05-28
10836	1285	18.49	2016-03-27	2016-04-03
10847	1852	15.79	2016-04-20	2016-04-27
10858	1183	11.36	2015-02-25	2015-03-04
10869	598	8.77	2016-08-25	2016-09-01
10880	613	78.05	2016-02-17	2016-02-24
10891	234	47.24	2016-03-08	2016-03-15
10902	1542	29.21	2016-02-10	2016-02-17
10913	1026	25.24	2016-08-26	2016-09-02
10924	1711	17.14	2016-08-24	2016-08-31
10935	641	31.53	2015-08-01	2015-08-08
10946	740	34.27	2015-01-30	2015-02-06
10957	1249	31.72	2016-09-05	2016-09-12
10968	1348	13.31	2015-03-09	2015-03-16
10979	1065	21.26	2015-04-07	2015-04-14
10990	339	19.38	2015-06-24	2015-07-01
11001	1225	22.18	2016-09-18	2016-09-25
11012	1704	14.14	2016-09-24	2016-10-01
11023	79	9.27	2015-04-09	2015-04-16
11034	576	29.82	2015-02-25	2015-03-04
11045	10	40.97	2015-10-24	2015-10-31
11056	678	17.03	2015-07-23	2015-07-30
11067	1384	37.03	2015-06-02	2015-06-09
11078	1742	12.49	2016-05-30	2016-06-06
11089	1652	26.06	2015-08-28	2015-09-04
11100	13	21.27	2015-11-17	2015-11-24
11111	714	8.86	2015-12-11	2015-12-18
11122	1363	19.02	2015-05-01	2015-05-08
11133	1440	10.64	2015-01-19	2015-01-26
11144	363	10.18	2015-11-19	2015-11-26
11155	56	44.87	2016-09-30	2016-10-07
11166	1340	36.68	2016-09-01	2016-09-08
11177	1828	21.71	2016-07-01	2016-07-08
11188	449	35.57	2015-04-14	2015-04-21
11199	975	17.21	2015-12-31	2016-01-07
11210	296	11.72	2015-12-20	2015-12-27
11221	48	36.59	2015-09-13	2015-09-20
11232	198	42.62	2016-02-23	2016-03-01
11243	1089	18.88	2016-01-21	2016-01-28
11254	852	39.54	2015-01-04	2015-01-11
11265	95	22.60	2015-10-26	2015-11-02
11276	553	35.24	2015-12-17	2015-12-24
11287	1507	42.18	2016-07-03	2016-07-10
11298	462	43.83	2015-03-08	2015-03-15
11309	1404	48.14	2015-01-05	2015-01-12
11320	458	22.84	2016-01-20	2016-01-27
11331	536	5.52	2015-05-29	2015-06-05
11342	1390	6.17	2015-01-12	2015-01-19
11353	213	15.77	2015-02-21	2015-02-28
11364	537	38.86	2016-03-08	2016-03-15
11375	924	41.54	2016-05-23	2016-05-30
11386	774	30.42	2015-10-23	2015-10-30
11397	1966	47.70	2015-04-25	2015-05-02
11408	1635	20.81	2015-05-28	2015-06-04
11419	1660	10.46	2015-03-02	2015-03-09
11430	723	24.28	2015-11-23	2015-11-30
11441	1960	10.03	2016-06-26	2016-07-03
11452	850	26.03	2016-07-21	2016-07-28
11463	904	12.75	2015-02-12	2015-02-19
11474	1271	5.30	2015-07-20	2015-07-27
11485	1928	12.77	2015-08-04	2015-08-11
11496	1867	47.72	2015-02-02	2015-02-09
11507	1958	14.73	2016-05-11	2016-05-18
11518	732	12.31	2016-04-26	2016-05-03
11529	1699	3.10	2016-04-18	2016-04-25
11540	993	70.27	2015-12-13	2015-12-20
11551	1556	31.33	2016-08-21	2016-08-28
11562	1335	20.84	2016-03-08	2016-03-15
11573	1735	9.19	2015-12-29	2016-01-05
11584	635	29.87	2015-12-29	2016-01-05
11595	245	11.07	2015-07-07	2015-07-14
11606	1468	26.00	2016-08-22	2016-08-29
11617	1058	17.02	2015-07-09	2015-07-16
11628	268	32.31	2016-04-15	2016-04-22
11639	105	25.05	2015-01-05	2015-01-12
11650	1729	93.51	2016-06-13	2016-06-20
11661	1286	35.50	2015-04-11	2015-04-18
11672	1473	6.06	2016-03-15	2016-03-22
11683	841	31.91	2016-02-09	2016-02-16
11694	579	24.68	2016-05-29	2016-06-05
11705	1227	15.59	2016-02-22	2016-02-29
11716	1698	61.60	2016-08-09	2016-08-16
11727	1630	64.17	2015-03-22	2015-03-29
11738	229	25.67	2015-01-06	2015-01-13
11749	401	35.11	2016-01-02	2016-01-09
11760	1575	7.34	2016-01-21	2016-01-28
11771	389	10.38	2015-10-21	2015-10-28
11782	1372	6.10	2016-08-09	2016-08-16
11793	394	5.24	2015-08-31	2015-09-07
11804	1138	33.70	2015-03-07	2015-03-14
11815	1784	19.07	2016-01-27	2016-02-03
11826	322	40.24	2015-12-01	2015-12-08
11837	423	35.73	2015-06-28	2015-07-05
11848	30	2.81	2015-04-15	2015-04-22
11859	327	13.46	2015-08-14	2015-08-21
11870	1051	31.84	2016-03-06	2016-03-13
11881	1647	44.92	2016-05-11	2016-05-18
11892	1029	26.41	2015-05-06	2015-05-13
11903	178	8.45	2016-05-21	2016-05-28
11914	236	23.01	2016-02-22	2016-02-29
11925	1894	20.76	2016-03-26	2016-04-02
11936	1237	7.17	2015-01-19	2015-01-26
11947	1898	33.20	2016-08-08	2016-08-15
11958	663	9.28	2015-07-26	2015-08-02
11969	1622	12.02	2015-08-17	2015-08-24
11980	631	17.44	2015-08-29	2015-09-05
11991	539	12.45	2016-07-10	2016-07-17
12002	402	48.74	2016-05-20	2016-05-27
12013	64	9.37	2015-02-20	2015-02-27
12024	729	25.08	2016-05-31	2016-06-07
12035	179	22.30	2015-09-13	2015-09-20
12046	1495	12.70	2015-09-07	2015-09-14
12057	467	31.08	2015-09-15	2015-09-22
12068	957	46.39	2015-05-11	2015-05-18
12079	1579	20.32	2015-01-13	2015-01-20
12090	1430	10.04	2015-03-23	2015-03-30
12101	481	7.92	2015-06-30	2015-07-07
12112	1841	20.35	2016-08-29	2016-09-05
12123	980	75.79	2015-10-12	2015-10-19
12134	665	20.14	2015-09-18	2015-09-25
12145	789	47.84	2016-09-30	2016-10-07
12156	1883	9.97	2015-04-23	2015-04-30
12167	642	8.95	2015-12-06	2015-12-13
12178	55	11.51	2015-05-31	2015-06-07
12189	855	24.74	2015-09-13	2015-09-20
12200	199	7.96	2016-07-29	2016-08-05
12211	162	49.52	2015-07-25	2015-08-01
12222	554	35.33	2015-10-27	2015-11-03
12233	677	8.40	2015-04-18	2015-04-25
12244	1656	11.65	2015-11-09	2015-11-16
12255	970	33.93	2015-11-15	2015-11-22
12266	130	12.47	2016-08-28	2016-09-04
12277	209	46.69	2015-09-19	2015-09-26
12288	822	4.32	2016-03-10	2016-03-17
12299	1817	37.23	2016-09-07	2016-09-14
12310	526	16.68	2015-06-16	2015-06-23
12321	1038	28.23	2015-02-03	2015-02-10
12332	81	12.77	2016-09-27	2016-10-04
12343	1499	48.66	2015-12-29	2016-01-05
12354	861	12.25	2016-09-03	2016-09-10
12365	132	16.05	2015-08-04	2015-08-11
12376	1968	34.64	2016-04-03	2016-04-10
12387	501	12.90	2016-04-20	2016-04-27
12398	250	20.15	2015-02-23	2015-03-02
12409	829	65.03	2016-01-23	2016-01-30
12420	1916	25.86	2016-04-12	2016-04-19
12431	165	24.08	2015-03-14	2015-03-21
12442	1300	44.23	2016-08-17	2016-08-24
12453	1576	110.32	2015-02-13	2015-02-20
12464	1827	25.88	2016-04-07	2016-04-14
12475	1621	6.84	2015-04-26	2015-05-03
12486	416	9.49	2015-10-20	2015-10-27
12497	1482	36.54	2015-03-18	2015-03-25
12508	1458	24.13	2016-04-22	2016-04-29
12519	1764	22.58	2015-05-13	2015-05-20
12530	1443	23.74	2015-01-01	2015-01-08
12541	1194	21.35	2015-08-17	2015-08-24
12552	670	27.94	2016-03-14	2016-03-21
12563	1321	9.65	2016-09-30	2016-10-07
12574	1757	27.25	2016-03-02	2016-03-09
12585	1471	52.58	2015-07-01	2015-07-08
12596	1310	21.67	2016-07-31	2016-08-07
12607	735	35.94	2016-04-06	2016-04-13
12618	1760	33.02	2015-03-02	2015-03-09
12629	1364	19.51	2016-04-29	2016-05-06
12640	163	9.66	2015-01-22	2015-01-29
12651	1539	16.71	2016-05-30	2016-06-06
12662	196	24.11	2016-07-24	2016-07-31
12673	656	36.93	2016-05-16	2016-05-23
12684	1648	36.69	2016-06-25	2016-07-02
12695	1528	31.36	2015-02-09	2015-02-16
12706	701	26.12	2015-10-09	2015-10-16
12717	898	19.09	2015-09-07	2015-09-14
12728	1972	17.72	2016-08-31	2016-09-07
12739	463	9.95	2015-10-01	2015-10-08
12750	784	6.84	2015-02-12	2015-02-19
12761	1770	8.42	2015-05-24	2015-05-31
12772	1993	25.78	2016-05-26	2016-06-02
12783	695	11.85	2015-08-18	2015-08-25
12794	1793	18.71	2015-09-23	2015-09-30
12805	72	57.11	2015-01-22	2015-01-29
12816	1373	19.41	2015-09-19	2015-09-26
12827	1326	9.29	2016-01-15	2016-01-22
12838	37	35.29	2015-03-22	2015-03-29
12849	1836	6.79	2016-02-08	2016-02-15
12860	823	20.65	2015-07-14	2015-07-21
12871	1712	49.04	2016-07-15	2016-07-22
12882	971	10.80	2015-01-19	2015-01-26
12893	258	13.30	2015-05-27	2015-06-03
12904	16	18.13	2016-01-30	2016-02-06
12915	1970	20.65	2016-01-23	2016-01-30
12926	1779	16.07	2015-10-04	2015-10-11
12937	137	8.13	2016-08-06	2016-08-13
12948	1771	25.55	2016-06-30	2016-07-07
12959	1925	17.39	2015-08-31	2015-09-07
12970	63	69.11	2016-01-15	2016-01-22
12981	1568	7.53	2015-12-09	2015-12-16
12992	612	9.97	2016-05-20	2016-05-27
13003	1360	21.11	2016-05-17	2016-05-24
13014	1457	46.41	2016-04-18	2016-04-25
13025	1186	20.61	2016-06-13	2016-06-20
13036	144	17.20	2016-01-29	2016-02-05
13047	1825	21.73	2015-03-29	2015-04-05
13058	1078	21.98	2016-05-31	2016-06-07
13069	1213	24.80	2016-09-23	2016-09-30
13080	1376	15.84	2016-03-14	2016-03-21
13091	1027	20.52	2016-07-25	2016-08-01
13102	1913	11.50	2015-01-20	2015-01-27
13113	1545	46.18	2015-08-27	2015-09-03
13124	1684	7.68	2016-05-05	2016-05-12
13135	433	50.79	2015-06-15	2015-06-22
13146	920	10.65	2015-04-18	2015-04-25
13157	1685	12.65	2015-08-26	2015-09-02
13168	1157	36.01	2016-02-28	2016-03-06
13179	1180	39.43	2016-04-21	2016-04-28
13190	950	57.76	2015-09-03	2015-09-10
13201	1119	31.40	2015-07-16	2015-07-23
13212	896	33.81	2016-03-13	2016-03-20
13223	1702	30.17	2015-08-12	2015-08-19
13234	1792	23.56	2015-12-12	2015-12-19
13245	1016	27.72	2016-04-09	2016-04-16
13256	959	9.79	2015-11-21	2015-11-28
13267	1396	20.72	2016-05-13	2016-05-20
13278	1247	47.90	2015-01-17	2015-01-24
13289	530	10.96	2016-09-22	2016-09-29
13300	1000	20.41	2015-08-12	2015-08-19
13311	1973	22.32	2015-12-17	2015-12-24
13322	143	20.02	2016-04-15	2016-04-22
13333	1794	44.90	2016-03-19	2016-03-26
13344	881	49.16	2015-06-30	2015-07-07
13355	779	28.73	2015-12-30	2016-01-06
13366	452	9.50	2015-06-19	2015-06-26
13377	358	46.34	2016-05-24	2016-05-31
13388	1708	42.83	2016-07-21	2016-07-28
13399	1234	33.11	2015-01-28	2015-02-04
13410	397	15.15	2015-02-20	2015-02-27
13421	1917	101.22	2015-02-09	2015-02-16
13432	478	19.82	2016-06-11	2016-06-18
13443	273	25.27	2016-01-01	2016-01-08
13454	1075	39.07	2016-03-21	2016-03-28
13465	172	65.28	2015-07-17	2015-07-24
13476	382	21.04	2016-03-15	2016-03-22
13487	1262	16.49	2015-10-17	2015-10-24
13498	649	7.66	2016-07-29	2016-08-05
13509	1526	11.51	2016-03-26	2016-04-02
13520	1781	50.81	2015-08-29	2015-09-05
13531	419	43.13	2016-09-01	2016-09-08
13542	1322	50.28	2015-03-12	2015-03-19
13553	415	7.95	2016-09-14	2016-09-21
13564	603	43.53	2016-09-09	2016-09-16
13575	377	6.40	2016-05-18	2016-05-25
13586	776	20.71	2015-08-11	2015-08-18
13597	119	48.67	2015-09-23	2015-09-30
13608	1686	7.16	2015-10-26	2015-11-02
13619	96	26.25	2016-04-02	2016-04-09
13630	204	25.86	2016-08-24	2016-08-31
13641	711	9.62	2016-01-23	2016-01-30
13652	1561	55.43	2016-05-18	2016-05-25
13663	673	8.16	2016-05-11	2016-05-18
13674	1082	29.80	2015-08-17	2015-08-24
13685	232	70.16	2015-12-06	2015-12-13
13696	265	22.86	2015-02-27	2015-03-06
13707	60	13.39	2016-03-26	2016-04-02
13718	1721	22.30	2015-09-03	2015-09-10
13729	1663	20.25	2015-05-29	2015-06-05
13740	1607	11.98	2016-06-03	2016-06-10
13751	1260	8.33	2016-02-12	2016-02-19
13762	1403	23.26	2015-11-09	2015-11-16
13773	1478	22.34	2016-09-08	2016-09-15
13784	1332	16.41	2015-06-20	2015-06-27
13795	514	28.37	2015-12-27	2016-01-03
13806	1485	26.46	2015-02-24	2015-03-03
13817	1282	33.36	2016-06-16	2016-06-23
13828	1748	20.99	2016-04-21	2016-04-28
13839	1001	39.40	2015-12-18	2015-12-25
13850	1555	17.02	2015-05-11	2015-05-18
13861	354	24.11	2015-04-19	2015-04-26
13872	201	32.25	2015-03-15	2015-03-22
13883	692	14.02	2015-03-14	2015-03-21
13894	285	16.22	2015-10-25	2015-11-01
13905	1236	12.83	2015-02-16	2015-02-23
13916	1694	35.64	2015-04-11	2015-04-18
13927	666	9.60	2016-02-12	2016-02-19
13938	703	10.77	2015-10-01	2015-10-08
13949	921	36.71	2015-05-14	2015-05-21
13960	1853	6.59	2016-04-21	2016-04-28
13971	1455	13.65	2016-02-17	2016-02-24
13982	1191	12.52	2016-03-01	2016-03-08
13993	1235	22.94	2016-08-09	2016-08-16
14004	632	21.95	2015-11-11	2015-11-18
14015	408	19.62	2016-04-13	2016-04-20
14026	933	8.36	2015-07-07	2015-07-14
14037	34	15.52	2015-05-11	2015-05-18
14048	518	18.39	2016-03-01	2016-03-08
14059	1617	7.23	2015-04-04	2015-04-11
14070	1327	20.91	2016-04-27	2016-05-04
14081	512	28.46	2015-04-29	2015-05-06
14092	1208	58.87	2015-11-02	2015-11-09
14103	304	27.09	2016-09-11	2016-09-18
14114	1081	14.80	2015-02-21	2015-02-28
14125	1565	22.43	2015-03-20	2015-03-27
14136	1512	34.80	2016-08-06	2016-08-13
14147	967	6.37	2015-10-29	2015-11-05
14158	1374	24.00	2016-09-29	2016-10-06
14169	1670	20.80	2015-11-19	2015-11-26
14180	1849	76.32	2016-06-15	2016-06-22
14191	1003	17.25	2016-09-17	2016-09-24
14202	1962	24.27	2015-11-13	2015-11-20
14213	1795	23.35	2016-06-24	2016-07-01
14224	1385	10.31	2015-10-26	2015-11-02
14235	903	29.44	2015-09-11	2015-09-18
14246	1425	9.73	2015-04-13	2015-04-20
14257	97	20.02	2015-01-19	2015-01-26
14268	798	11.22	2015-05-22	2015-05-29
14279	808	19.33	2016-06-19	2016-06-26
14290	396	10.75	2015-04-27	2015-05-04
14301	648	8.65	2016-09-06	2016-09-13
14312	1871	23.16	2015-09-04	2015-09-11
14323	571	22.42	2016-03-18	2016-03-25
14334	1834	69.87	2016-05-15	2016-05-22
14345	197	12.97	2015-01-01	2015-01-08
14356	127	8.42	2016-07-06	2016-07-13
14367	1446	8.86	2015-11-13	2015-11-20
14378	1489	14.27	2015-01-14	2015-01-21
14389	53	60.14	2016-02-24	2016-03-02
14400	1569	20.55	2016-04-23	2016-04-30
14411	1967	39.13	2015-05-31	2015-06-07
14422	221	25.90	2016-05-31	2016-06-07
14433	1411	12.71	2015-01-06	2015-01-13
14444	983	27.52	2015-03-31	2015-04-07
14455	1662	13.25	2016-03-24	2016-03-31
14466	145	11.59	2015-05-20	2015-05-27
14477	1202	41.44	2015-05-27	2015-06-03
14488	565	31.14	2015-06-09	2015-06-16
14499	1615	23.27	2015-07-10	2015-07-17
14510	1117	31.47	2015-11-22	2015-11-29
14521	961	46.75	2016-01-19	2016-01-26
14532	1498	25.60	2015-06-17	2015-06-24
14543	700	62.41	2015-10-25	2015-11-01
14554	805	13.97	2016-09-04	2016-09-11
14565	1564	17.93	2015-03-21	2015-03-28
14576	813	25.85	2016-03-04	2016-03-11
14587	1128	26.81	2015-09-02	2015-09-09
14598	664	12.06	2016-05-21	2016-05-28
14609	1774	21.07	2016-07-29	2016-08-05
14620	647	34.34	2016-08-10	2016-08-17
14631	75	16.52	2015-06-02	2015-06-09
14642	911	22.96	2015-06-25	2015-07-02
14653	706	8.69	2016-09-08	2016-09-15
14664	675	7.47	2016-09-23	2016-09-30
14675	303	45.58	2016-09-19	2016-09-26
14686	1450	52.73	2015-07-14	2015-07-21
14697	994	37.62	2015-02-20	2015-02-27
14708	1986	8.45	2016-07-27	2016-08-03
14719	1331	13.99	2015-01-08	2015-01-15
14730	400	7.46	2015-05-20	2015-05-27
14741	5	36.04	2015-04-13	2015-04-20
14752	1061	30.03	2015-09-13	2015-09-20
14763	1530	26.66	2016-05-02	2016-05-09
14774	6	52.75	2015-06-28	2015-07-05
14785	839	40.95	2016-09-19	2016-09-26
14796	832	18.84	2015-03-21	2015-03-28
14807	1510	13.55	2016-01-06	2016-01-13
14818	780	11.65	2016-04-26	2016-05-03
14829	387	23.30	2016-02-06	2016-02-13
14840	1148	26.30	2015-11-07	2015-11-14
14851	1753	22.83	2016-07-29	2016-08-05
14862	1134	12.73	2016-01-21	2016-01-28
14873	767	26.84	2016-02-15	2016-02-22
14884	1447	54.77	2015-04-24	2015-05-01
14895	376	19.13	2016-09-17	2016-09-24
14906	1991	5.17	2016-07-06	2016-07-13
14917	160	7.10	2016-08-11	2016-08-18
14928	1544	32.61	2015-09-08	2015-09-15
14939	89	4.27	2015-01-02	2015-01-09
14950	1903	47.35	2015-09-10	2015-09-17
14961	1697	14.50	2016-07-11	2016-07-18
14972	910	30.82	2015-10-14	2015-10-21
14983	1466	13.97	2015-10-19	2015-10-26
14994	956	4.32	2015-08-18	2015-08-25
15005	1787	42.50	2015-04-16	2015-04-23
15016	816	18.07	2016-02-08	2016-02-15
15027	1950	32.08	2016-01-01	2016-01-08
15038	262	43.32	2015-05-22	2015-05-29
15049	249	17.17	2015-12-10	2015-12-17
15060	545	39.47	2016-09-25	2016-10-02
15071	534	11.39	2015-03-11	2015-03-18
15082	167	19.35	2016-05-12	2016-05-19
15093	1055	8.34	2015-02-24	2015-03-03
15104	1598	15.44	2016-04-21	2016-04-28
15115	807	13.57	2016-02-13	2016-02-20
15126	1470	19.99	2015-07-16	2015-07-23
15137	821	20.05	2015-01-12	2015-01-19
15148	963	22.54	2015-09-02	2015-09-09
15159	877	8.44	2015-03-02	2015-03-09
15170	1538	26.42	2016-08-14	2016-08-21
15181	1486	8.26	2015-02-14	2015-02-21
15192	730	4.27	2016-01-10	2016-01-17
15203	1586	9.60	2015-07-02	2015-07-09
15214	1207	6.56	2016-08-05	2016-08-12
15225	752	28.70	2016-08-05	2016-08-12
15236	1718	10.43	2016-05-14	2016-05-21
15247	1431	28.76	2016-01-19	2016-01-26
15258	261	21.37	2016-03-09	2016-03-16
15269	101	38.80	2015-06-09	2015-06-16
15280	1824	9.25	2015-02-01	2015-02-08
15291	625	13.69	2016-07-05	2016-07-12
15302	1733	3.75	2015-04-30	2015-05-07
15313	575	10.30	2015-10-05	2015-10-12
15324	849	10.56	2016-08-25	2016-09-01
15335	1219	15.10	2015-02-21	2015-02-28
15346	1848	33.70	2015-03-27	2015-04-03
15357	65	44.81	2015-08-27	2015-09-03
15368	1780	58.00	2016-03-12	2016-03-19
15379	639	54.00	2015-07-16	2015-07-23
15390	1989	9.60	2015-09-07	2015-09-14
15401	739	47.21	2016-09-24	2016-10-01
15412	323	10.75	2015-03-28	2015-04-04
15423	958	44.04	2015-07-31	2015-08-07
15434	1077	14.00	2015-08-15	2015-08-22
15445	1108	48.85	2016-05-31	2016-06-07
15456	1405	7.03	2016-02-04	2016-02-11
15467	1996	21.51	2015-09-17	2015-09-24
15478	465	9.03	2015-11-04	2015-11-11
15489	1287	51.68	2015-02-04	2015-02-11
15500	1368	25.16	2016-07-18	2016-07-25
15511	1062	50.03	2015-01-10	2015-01-17
15522	680	13.50	2016-07-28	2016-08-04
15533	1328	72.43	2016-08-10	2016-08-17
15544	1759	15.86	2015-06-21	2015-06-28
15555	1133	8.79	2016-05-25	2016-06-01
15566	1432	16.69	2015-05-22	2015-05-29
15577	432	91.64	2015-12-25	2016-01-01
15588	1940	36.76	2016-05-07	2016-05-14
15599	1045	20.56	2015-12-30	2016-01-06
15610	1265	14.31	2016-08-26	2016-09-02
15621	927	18.30	2015-11-28	2015-12-05
15632	384	16.01	2015-11-23	2015-11-30
15643	599	6.67	2015-08-30	2015-09-06
15654	1341	37.25	2015-07-16	2015-07-23
15665	313	30.21	2016-06-05	2016-06-12
15676	1590	52.63	2015-05-01	2015-05-08
15687	1934	11.35	2016-03-24	2016-03-31
15698	505	23.89	2015-08-21	2015-08-28
15709	1819	38.18	2016-01-27	2016-02-03
15720	59	11.76	2016-08-25	2016-09-01
15731	335	17.46	2015-11-05	2015-11-12
15742	1166	19.66	2015-02-02	2015-02-09
15753	159	64.61	2016-02-16	2016-02-23
15764	1875	94.76	2015-12-29	2016-01-05
15775	863	45.03	2016-03-01	2016-03-08
15786	1145	34.65	2016-05-05	2016-05-12
15797	1623	13.51	2015-09-30	2015-10-07
15808	966	62.11	2015-06-08	2015-06-15
15819	1086	6.22	2016-08-02	2016-08-09
15830	864	38.52	2016-01-05	2016-01-12
15841	253	21.35	2015-11-27	2015-12-04
15852	1211	64.56	2015-10-23	2015-10-30
15863	1022	116.02	2016-01-27	2016-02-03
15874	926	22.19	2015-03-17	2015-03-24
15885	356	44.23	2015-01-27	2015-02-03
15896	49	57.67	2015-07-27	2015-08-03
15907	218	35.05	2016-09-30	2016-10-07
15918	738	25.75	2015-11-28	2015-12-05
15929	928	43.72	2015-04-02	2015-04-09
15940	885	41.30	2016-01-10	2016-01-17
15951	1596	16.10	2015-05-15	2015-05-22
15962	977	11.76	2015-06-17	2015-06-24
15973	917	14.95	2016-08-31	2016-09-07
15984	200	25.86	2015-03-07	2015-03-14
15995	843	27.86	2015-01-20	2015-01-27
16006	407	47.18	2015-03-23	2015-03-30
16017	1126	13.23	2016-06-25	2016-07-02
16028	1755	9.42	2016-01-29	2016-02-05
16039	1436	20.93	2015-03-21	2015-03-28
16050	1661	69.18	2016-06-16	2016-06-23
16061	1171	8.74	2015-05-29	2015-06-05
16072	1567	14.67	2015-02-25	2015-03-04
16083	1597	29.87	2015-08-03	2015-08-10
16094	1874	41.31	2015-05-18	2015-05-25
16105	646	28.86	2016-07-19	2016-07-26
16116	1885	24.92	2016-09-12	2016-09-19
16127	308	38.49	2015-11-08	2015-11-15
16138	177	22.84	2015-08-17	2015-08-24
16149	1743	36.55	2015-03-20	2015-03-27
16160	1465	9.81	2015-05-27	2015-06-03
16171	93	51.02	2016-08-07	2016-08-14
16182	817	28.30	2015-10-06	2015-10-13
16193	547	22.72	2016-07-22	2016-07-29
16204	420	39.58	2015-05-13	2015-05-20
16215	1892	7.72	2015-09-10	2015-09-17
16226	1726	11.83	2016-09-30	2016-10-07
16237	451	49.77	2016-08-12	2016-08-19
16248	1491	2.32	2015-02-10	2015-02-17
16259	948	9.64	2015-03-01	2015-03-08
16270	69	11.65	2015-04-16	2015-04-23
16281	244	8.45	2015-10-31	2015-11-07
16292	1421	28.59	2015-06-30	2015-07-07
16303	815	17.99	2016-08-05	2016-08-12
16314	243	7.81	2015-08-09	2015-08-16
16325	1806	27.63	2015-09-23	2015-09-30
16336	1832	27.75	2016-07-05	2016-07-12
16347	745	31.38	2015-03-08	2015-03-15
16358	592	37.44	2016-09-23	2016-09-30
16369	891	8.62	2015-01-14	2015-01-21
16380	1610	18.50	2015-11-30	2015-12-07
16391	581	15.46	2016-09-18	2016-09-25
16402	719	22.17	2015-03-16	2015-03-23
16413	1383	23.22	2015-03-22	2015-03-29
16424	439	34.18	2016-06-12	2016-06-19
16435	981	11.63	2016-02-20	2016-02-27
16446	425	80.91	2015-07-27	2015-08-03
16457	744	17.64	2015-01-15	2015-01-22
16468	710	58.60	2016-03-28	2016-04-04
16479	830	26.68	2016-01-13	2016-01-20
16490	567	29.47	2016-08-17	2016-08-24
16501	297	15.04	2015-06-03	2015-06-10
16512	1588	24.41	2015-02-03	2015-02-10
16523	398	32.68	2016-03-15	2016-03-22
16534	569	33.96	2015-02-05	2015-02-12
16545	1583	10.30	2015-09-26	2015-10-03
16556	606	24.07	2015-11-17	2015-11-24
16567	1887	21.58	2016-05-14	2016-05-21
16578	596	28.71	2015-02-06	2015-02-13
16589	270	22.92	2016-03-20	2016-03-27
16600	1467	11.99	2016-08-28	2016-09-04
16611	1869	42.68	2016-02-15	2016-02-22
16622	370	9.46	2016-07-11	2016-07-18
16633	857	14.03	2016-06-25	2016-07-02
16644	724	25.07	2015-08-26	2015-09-02
16655	621	11.88	2015-01-16	2015-01-23
16666	922	38.01	2015-04-08	2015-04-15
16677	1106	16.47	2016-01-13	2016-01-20
16688	644	16.38	2015-03-08	2015-03-15
16699	1386	13.35	2016-01-20	2016-01-27
16710	624	20.43	2016-07-20	2016-07-27
16721	1459	19.48	2015-12-13	2015-12-20
16732	1612	10.41	2016-02-24	2016-03-02
16743	1843	9.39	2016-07-04	2016-07-11
16754	1359	50.49	2016-01-09	2016-01-16
16765	1004	17.85	2015-06-04	2015-06-11
16776	1758	7.96	2016-02-04	2016-02-11
16787	277	83.23	2016-07-05	2016-07-12
16798	985	8.74	2016-01-13	2016-01-20
16809	763	27.34	2015-10-09	2015-10-16
16820	1324	41.72	2015-11-19	2015-11-26
16831	721	28.35	2016-04-24	2016-05-01
16842	1658	64.40	2016-07-21	2016-07-28
16853	1998	30.94	2016-04-11	2016-04-18
16864	1723	50.04	2015-01-21	2015-01-28
16875	1419	12.84	2016-02-01	2016-02-08
16886	349	30.40	2016-04-01	2016-04-08
16897	1570	13.49	2016-06-25	2016-07-02
16908	1177	33.37	2015-05-07	2015-05-14
16919	1317	33.15	2016-05-24	2016-05-31
16930	782	6.76	2016-01-07	2016-01-14
16941	991	15.78	2015-11-26	2015-12-03
16952	181	61.16	2015-12-16	2015-12-23
16963	1927	24.16	2015-10-03	2015-10-10
16974	1691	47.09	2015-05-18	2015-05-25
16985	1724	36.59	2016-06-26	2016-07-03
16996	392	11.10	2016-03-02	2016-03-09
17007	1293	10.18	2016-09-22	2016-09-29
17018	768	11.71	2016-03-14	2016-03-21
17029	109	18.78	2015-09-25	2015-10-02
17040	1716	27.29	2015-12-31	2016-01-07
17051	527	47.08	2016-06-25	2016-07-02
17062	1441	10.08	2015-09-06	2015-09-13
17073	152	30.17	2016-09-24	2016-10-01
17084	1876	16.12	2015-10-05	2015-10-12
17095	373	15.59	2016-02-01	2016-02-08
17106	1088	18.42	2015-07-10	2015-07-17
17117	225	30.49	2015-01-08	2015-01-15
17128	770	6.09	2015-06-05	2015-06-12
17139	9	9.41	2015-05-07	2015-05-14
17150	529	28.80	2015-02-19	2015-02-26
17161	43	27.40	2016-03-21	2016-03-28
17172	1673	20.66	2016-09-03	2016-09-10
17183	1002	5.30	2015-12-22	2015-12-29
17194	1494	8.95	2015-12-26	2016-01-02
17205	324	27.31	2016-03-20	2016-03-27
17216	1252	49.13	2016-05-30	2016-06-06
17227	1739	20.06	2015-01-14	2015-01-21
17238	671	6.04	2015-04-09	2015-04-16
17249	561	26.12	2015-12-27	2016-01-03
17260	1190	16.06	2015-11-26	2015-12-03
17271	1628	24.22	2016-02-23	2016-03-01
17282	566	10.54	2015-09-09	2015-09-16
17293	860	17.57	2015-12-23	2015-12-30
17304	31	33.09	2015-12-21	2015-12-28
17315	1508	8.28	2016-08-31	2016-09-07
17326	792	9.25	2016-04-12	2016-04-19
17337	686	42.93	2016-01-17	2016-01-24
17348	585	11.12	2015-12-19	2015-12-26
17359	484	14.09	2016-06-22	2016-06-29
17370	1801	9.17	2015-07-25	2015-08-01
17381	92	39.98	2015-01-01	2015-01-08
17392	873	54.13	2016-03-30	2016-04-06
17403	497	28.42	2015-08-07	2015-08-14
17414	1036	14.13	2015-09-26	2015-10-03
17425	1997	67.53	2015-10-28	2015-11-04
17436	1377	27.84	2015-03-14	2015-03-21
17447	702	56.69	2015-02-13	2015-02-20
17458	126	4.34	2016-06-09	2016-06-16
17469	483	24.37	2015-01-16	2015-01-23
17480	430	29.21	2015-08-20	2015-08-27
17491	804	36.94	2015-04-13	2015-04-20
17502	121	5.17	2015-02-02	2015-02-09
17513	490	26.19	2016-02-05	2016-02-12
17524	1366	63.80	2016-03-05	2016-03-12
17535	351	49.43	2015-03-13	2015-03-20
17546	1502	48.10	2015-08-02	2015-08-09
17557	1923	24.12	2015-10-19	2015-10-26
17568	984	10.20	2016-01-25	2016-02-01
17579	186	26.19	2016-02-28	2016-03-06
17590	540	26.63	2016-03-07	2016-03-14
17601	1103	59.37	2015-12-28	2016-01-04
17612	1379	47.43	2015-03-20	2015-03-27
17623	1650	52.52	2015-09-08	2015-09-15
17634	687	38.26	2016-02-04	2016-02-11
17645	315	12.80	2015-10-08	2015-10-15
17656	1014	5.68	2016-05-26	2016-06-02
17667	1028	44.28	2016-07-03	2016-07-10
17678	278	9.02	2016-09-04	2016-09-11
17689	369	23.28	2015-07-07	2015-07-14
17700	129	21.23	2015-02-22	2015-03-01
17711	1181	6.43	2016-09-04	2016-09-11
17722	1361	20.69	2015-03-04	2015-03-11
17733	1844	34.59	2015-01-31	2015-02-07
17744	1032	16.19	2016-02-11	2016-02-18
17755	459	32.90	2015-04-02	2015-04-09
17766	833	19.38	2015-11-05	2015-11-12
17777	1357	11.35	2015-02-05	2015-02-12
17788	749	58.10	2015-03-24	2015-03-31
17799	1725	22.86	2016-05-11	2016-05-18
17810	524	13.02	2016-09-10	2016-09-17
17821	473	8.03	2016-01-20	2016-01-27
17832	1159	17.82	2015-07-15	2015-07-22
17843	269	5.36	2016-06-12	2016-06-19
17854	582	11.49	2016-07-01	2016-07-08
17865	1709	28.08	2015-05-07	2015-05-14
17876	750	10.64	2016-07-30	2016-08-06
17887	347	25.00	2015-11-21	2015-11-28
17898	1938	24.72	2016-07-29	2016-08-05
17909	114	30.41	2016-07-30	2016-08-06
17920	140	14.98	2015-07-08	2015-07-15
17931	1641	33.39	2015-07-16	2015-07-23
17942	1975	35.43	2015-12-26	2016-01-02
17953	32	41.78	2015-09-07	2015-09-14
17964	1120	40.71	2016-02-03	2016-02-10
17975	456	11.17	2015-12-05	2015-12-12
17986	1700	65.14	2016-04-24	2016-05-01
17997	932	15.91	2015-09-06	2015-09-13
18008	1631	12.71	2016-01-13	2016-01-20
18019	1626	49.09	2015-01-11	2015-01-18
18030	1162	18.63	2015-02-09	2015-02-16
18041	973	62.80	2015-01-13	2015-01-20
18052	206	22.63	2016-04-27	2016-05-04
18063	1902	35.55	2015-10-25	2015-11-01
18074	1987	40.71	2016-03-27	2016-04-03
18085	757	13.66	2015-07-27	2015-08-03
18096	1710	42.16	2015-01-25	2015-02-01
18107	1761	25.45	2015-05-30	2015-06-06
18118	52	5.98	2016-03-23	2016-03-30
18129	1838	22.80	2016-06-20	2016-06-27
18140	509	14.38	2016-06-12	2016-06-19
18151	679	28.17	2016-03-16	2016-03-23
18162	8	38.05	2015-01-31	2015-02-07
18173	699	18.12	2015-03-19	2015-03-26
18184	1267	5.72	2015-06-13	2015-06-20
18195	1343	45.82	2016-09-20	2016-09-27
18206	812	7.79	2015-07-21	2015-07-28
18217	1775	26.19	2015-03-03	2015-03-10
18228	759	24.39	2015-04-13	2015-04-20
18239	717	11.48	2015-12-22	2015-12-29
18250	626	33.19	2016-01-14	2016-01-21
18261	266	22.11	2015-10-18	2015-10-25
18272	284	41.74	2015-08-25	2015-09-01
18283	1049	19.84	2016-02-23	2016-03-01
18294	1895	25.38	2015-03-29	2015-04-05
18305	1084	61.12	2015-06-10	2015-06-17
18316	367	38.21	2015-08-05	2015-08-12
18327	848	4.74	2016-04-18	2016-04-25
18338	1751	15.58	2016-05-19	2016-05-26
18349	1682	14.16	2015-07-22	2015-07-29
18360	474	41.02	2015-10-24	2015-10-31
18371	164	66.60	2016-02-02	2016-02-09
18382	1719	14.15	2016-09-23	2016-09-30
18393	1976	49.93	2016-05-05	2016-05-12
18404	14	49.73	2015-07-10	2015-07-17
18415	1541	6.90	2016-09-29	2016-10-06
18426	1288	42.25	2015-05-06	2015-05-13
18437	797	26.43	2016-04-14	2016-04-21
18448	733	46.52	2016-02-03	2016-02-10
18459	541	20.28	2016-02-08	2016-02-15
18470	831	12.15	2016-06-04	2016-06-11
18481	411	10.03	2015-01-17	2015-01-24
18492	1616	12.11	2016-05-09	2016-05-16
18503	1747	10.79	2015-10-24	2015-10-31
18514	1205	9.91	2015-11-10	2015-11-17
18525	83	21.57	2016-07-13	2016-07-20
18536	214	12.05	2016-08-05	2016-08-12
18547	1961	16.01	2016-02-10	2016-02-17
18558	1762	22.82	2015-06-28	2015-07-05
18569	1123	21.31	2016-08-29	2016-09-05
18580	1156	9.28	2015-02-23	2015-03-02
18591	1730	39.07	2015-09-14	2015-09-21
18602	1313	37.78	2016-01-06	2016-01-13
18613	1911	13.50	2016-06-14	2016-06-21
18624	728	12.97	2015-06-24	2015-07-01
18635	148	8.82	2015-01-08	2015-01-15
18646	341	7.64	2015-09-14	2015-09-21
18657	108	24.89	2015-04-20	2015-04-27
18668	1040	37.97	2016-04-01	2016-04-08
18679	337	17.38	2016-01-11	2016-01-18
18690	715	14.44	2016-01-31	2016-02-07
18701	1851	86.37	2016-06-12	2016-06-19
18712	1019	23.02	2015-10-09	2015-10-16
18723	978	6.67	2015-12-26	2016-01-02
18734	1475	24.22	2015-08-05	2015-08-12
18745	1527	9.76	2016-01-09	2016-01-16
18756	1179	66.42	2015-08-28	2015-09-04
18767	1786	9.70	2015-11-18	2015-11-25
18778	1242	54.83	2016-09-04	2016-09-11
18789	391	51.72	2016-07-13	2016-07-20
18800	693	30.92	2015-01-07	2015-01-14
18811	1013	10.81	2015-02-19	2015-02-26
18822	1955	28.76	2015-12-11	2015-12-18
18833	450	26.52	2015-05-23	2015-05-30
18844	1814	43.02	2016-05-20	2016-05-27
18855	698	30.99	2016-07-29	2016-08-05
18866	1353	30.84	2015-07-12	2015-07-19
18877	1091	25.23	2015-02-06	2015-02-13
18888	1449	50.94	2016-09-08	2016-09-15
18899	113	25.88	2015-09-24	2015-10-01
18910	890	35.94	2015-11-11	2015-11-18
18921	893	35.10	2016-01-07	2016-01-14
18932	640	38.13	2016-04-02	2016-04-09
18943	559	44.65	2015-07-17	2015-07-24
18954	117	44.14	2015-12-22	2015-12-29
18965	743	26.88	2016-04-27	2016-05-04
18976	1416	31.43	2016-06-13	2016-06-20
18987	166	60.86	2015-10-01	2015-10-08
18998	791	27.03	2015-11-08	2015-11-15
19009	1320	26.42	2016-07-16	2016-07-23
19020	1683	16.20	2016-09-02	2016-09-09
19031	147	8.33	2015-07-25	2015-08-01
19042	1397	10.30	2015-12-09	2015-12-16
19053	24	9.61	2015-12-05	2015-12-12
19064	1949	7.65	2015-06-02	2015-06-09
19075	557	4.97	2015-01-12	2015-01-19
19086	438	5.27	2015-10-02	2015-10-09
19097	1068	35.28	2015-05-23	2015-05-30
19108	1064	33.44	2016-03-07	2016-03-14
19119	862	12.23	2016-06-28	2016-07-05
19130	1243	33.53	2015-08-29	2015-09-05
19141	1929	45.30	2015-12-12	2015-12-19
19152	1050	50.68	2015-12-28	2016-01-04
19163	587	6.88	2015-05-30	2015-06-06
19174	681	10.23	2015-04-05	2015-04-12
1	1984	31.37	2015-03-12	2015-03-19
12	636	25.27	2016-01-28	2016-02-04
45	100	22.98	2015-02-04	2015-02-11
67	960	23.00	2016-06-06	2016-06-13
78	1821	86.70	2015-08-28	2015-09-04
111	943	24.29	2016-03-06	2016-03-13
122	894	55.06	2016-05-24	2016-05-31
133	29	23.82	2015-04-12	2015-04-19
144	1999	16.42	2015-10-11	2015-10-18
210	1963	2.76	2016-03-03	2016-03-10
232	1423	26.59	2015-03-06	2015-03-13
243	1947	53.68	2016-04-13	2016-04-20
276	1666	27.52	2015-04-26	2015-05-03
287	925	24.30	2016-04-21	2016-04-28
298	184	30.96	2015-09-30	2015-10-07
320	515	30.88	2015-07-12	2015-07-19
342	899	12.67	2015-10-01	2015-10-08
353	1815	21.66	2016-08-30	2016-09-06
364	1880	51.58	2015-02-20	2015-02-27
386	1534	11.63	2016-09-29	2016-10-06
419	886	26.81	2016-07-29	2016-08-05
452	1105	11.23	2016-04-05	2016-04-12
463	1888	15.29	2016-08-19	2016-08-26
485	704	26.48	2015-04-16	2015-04-23
507	1370	30.40	2016-04-16	2016-04-23
529	684	25.98	2015-03-03	2015-03-10
562	25	33.55	2015-03-01	2015-03-08
584	880	50.21	2016-04-07	2016-04-14
595	1346	31.75	2015-07-16	2015-07-23
639	1487	29.83	2015-03-20	2015-03-27
650	1007	9.22	2015-11-20	2015-11-27
672	590	18.77	2015-04-08	2015-04-15
705	1347	43.28	2015-06-08	2015-06-15
716	332	39.97	2016-06-28	2016-07-05
738	422	3.67	2015-05-10	2015-05-17
749	346	23.14	2015-08-20	2015-08-27
793	120	7.93	2015-12-04	2015-12-11
804	796	44.08	2016-09-16	2016-09-23
826	1182	12.25	2016-07-24	2016-07-31
881	193	39.10	2015-11-10	2015-11-17
892	1076	50.58	2015-02-02	2015-02-09
903	1258	52.28	2015-01-27	2015-02-03
936	257	13.03	2015-11-24	2015-12-01
1024	330	23.41	2016-03-30	2016-04-06
1035	208	54.97	2016-01-14	2016-01-21
1068	844	8.56	2015-06-12	2015-06-19
1079	487	36.54	2016-05-27	2016-06-03
1112	1884	17.82	2015-05-20	2015-05-27
1145	929	52.21	2016-05-15	2016-05-22
1200	1581	31.28	2016-07-26	2016-08-02
1310	1073	24.54	2015-12-23	2015-12-30
1321	150	43.26	2016-04-30	2016-05-07
1354	588	34.79	2015-08-15	2015-08-22
1365	1187	15.54	2016-07-15	2016-07-22
1398	1444	39.95	2016-01-16	2016-01-23
1409	1624	12.23	2015-09-07	2015-09-14
1442	1988	10.07	2016-08-05	2016-08-12
1453	183	24.89	2015-11-04	2015-11-11
1475	617	25.22	2015-01-01	2015-01-08
1508	1072	14.29	2016-08-06	2016-08-13
1530	1291	33.47	2015-01-10	2015-01-17
1574	1692	31.09	2015-07-02	2015-07-09
1585	1365	18.18	2015-12-06	2015-12-13
1629	171	60.66	2015-05-10	2015-05-17
1662	618	45.50	2016-03-13	2016-03-20
1717	1275	37.82	2015-08-31	2015-09-07
\.


--
-- Name: invoices_invid_seq; Type: SEQUENCE SET; Schema: public; Owner: -
--

SELECT pg_catalog.setval('invoices_invid_seq', 19174, true);


--
-- Data for Name: payments; Type: TABLE DATA; Schema: public; Owner: -
--

COPY payments (payid, tstamp, amount, invid) FROM stdin;
\.


--
-- PostgreSQL database dump complete
--

