-- drop tables
DROP TABLE IF EXISTS payments;
DROP TABLE IF EXISTS invoices;
DROP TABLE IF EXISTS details;
DROP TABLE IF EXISTS orders;
DROP TABLE IF EXISTS products;
DROP TABLE IF EXISTS customers;

CREATE TABLE Customers (
    custid   INTEGER PRIMARY KEY,
    cname    VARCHAR(14),
    country  CHAR(3)
);

CREATE TABLE Products (
    pcode    INTEGER PRIMARY KEY,
    pname    VARCHAR(10),
    pdesc    VARCHAR(20),
    ptype    VARCHAR(20),
    price    NUMERIC(6,2)
    CHECK ( price > 0 )
);

CREATE TABLE Orders (
    ordid    INTEGER PRIMARY KEY,
    odate    DATE,
    ocust    INTEGER NOT NULL REFERENCES Customers
);

CREATE TABLE Details (
    ordid    INTEGER REFERENCES Orders,
    pcode    INTEGER REFERENCES Products,
    qty      SMALLINT,
    PRIMARY KEY (ordid, pcode)
);

CREATE TABLE Invoices (
    invid    SERIAL PRIMARY KEY,
    ordid    INTEGER NOT NULL UNIQUE REFERENCES Orders,
    amount   NUMERIC(8,2) CHECK ( amount > 0 ),
    issued   DATE,
    due      DATE,
    CHECK ( due >= issued )
);

CREATE TABLE Payments (
    payid    INTEGER PRIMARY KEY,
    tstamp   TIMESTAMP,
    amount   NUMERIC(8,2) CHECK ( amount > 0 ),
    invid    INTEGER NOT NULL REFERENCES Invoices
);
--
-- PostgreSQL database dump
--

--
-- Data for Name: customers; Type: TABLE DATA; Schema: public; Owner: -
--

COPY customers (custid, cname, country) FROM stdin;
1	Edward	POL
2	Carri	CYP
3	Martha	CYP
4	Elsie	USA
5	Lea	USA
6	Babara	GBR
7	Jamie	GBR
8	Douglas	USA
9	Ben	USA
10	Arron	POL
11	Cassy	CAN
12	William	CAN
13	Lana	USA
14	Timothy	GBR
15	Nona	POL
16	Emma	USA
17	Deana	CYP
18	Charles	CAN
19	Meghan	CAN
20	Dona	CYP
21	Shannan	CAN
22	Rita	CYP
23	Raul	USA
24	Laraine	USA
25	Toney	GBR
26	Rogelio	GBR
27	Love	USA
28	John	CAN
29	Margarette	CYP
30	Nancie	GBR
31	Billy	POL
32	Renetta	USA
33	Amos	GBR
34	Lucille	USA
35	Dessie	GBR
36	Francis	USA
37	Robert	GBR
38	Carmen	USA
39	Tajuana	CAN
40	Kermit	USA
41	Dolores	CAN
42	Louella	CYP
43	Dorthy	GBR
44	James	USA
45	Leslie	CAN
46	Sal	USA
47	Charles	CAN
48	Elodia	USA
49	Madelyn	POL
50	Joe	GBR
51	Billy	GBR
52	Sharie	CYP
53	Rudolf	POL
54	Alphonse	GBR
55	Echo	CAN
56	Idell	GBR
57	Claire	USA
58	Illa	USA
59	Socorro	CAN
60	Alishia	POL
61	Sophia	USA
62	Carin	USA
63	Jama	USA
64	Risa	CYP
65	Reina	POL
66	Louis	POL
67	Herlinda	USA
68	Mirta	GBR
69	Brendan	CAN
70	Mildred	POL
71	Myron	CYP
72	Herschel	GBR
73	Alonzo	CAN
74	Sherice	POL
75	Rubye	CAN
76	Scott	USA
77	Cruz	POL
78	Shiloh	CAN
79	Sheldon	GBR
80	Jeremy	CYP
81	Brook	USA
82	Artie	CAN
83	Tashia	CYP
84	Muriel	CYP
85	Norman	CYP
86	Vita	CYP
87	Tesha	GBR
88	Charity	CAN
89	Roger	CYP
90	Adela	CYP
91	Rose	CAN
92	Denis	USA
93	Sylvia	CYP
94	Jaime	CYP
95	Norma	CAN
96	Cierra	USA
97	Deetta	CYP
98	William	CAN
99	Chanda	CAN
100	Rosamond	USA
111	Paolo	ITA
\.


--
-- Data for Name: orders; Type: TABLE DATA; Schema: public; Owner: -
--

COPY orders (ordid, odate, ocust) FROM stdin;
1	2016-06-14	1
2	2015-06-04	56
3	2015-05-12	1
4	2015-10-14	43
5	2015-12-06	11
6	2015-03-07	85
7	2016-05-05	73
8	2015-02-01	41
9	2015-07-20	21
10	2015-09-28	53
11	2015-06-13	84
12	2015-01-04	43
13	2015-10-28	20
14	2015-07-03	81
15	2015-11-21	39
16	2016-07-29	91
17	2016-03-04	67
18	2015-01-04	81
19	2015-03-28	67
20	2016-04-21	1
21	2016-08-14	50
22	2015-05-26	55
23	2015-07-04	9
24	2015-04-22	100
25	2016-07-29	26
26	2015-07-17	43
27	2016-05-10	25
28	2015-06-25	11
29	2016-01-20	13
30	2015-12-02	83
31	2016-03-30	51
32	2016-03-01	28
33	2015-06-12	58
34	2015-06-12	83
35	2016-08-01	11
36	2015-10-22	42
37	2015-10-09	84
38	2016-08-31	5
39	2016-05-26	29
40	2015-11-02	8
41	2016-01-15	96
42	2016-09-30	51
43	2015-09-03	69
44	2015-11-23	38
45	2015-05-14	82
46	2016-02-24	81
47	2015-03-15	26
48	2015-08-13	58
49	2016-07-31	40
50	2015-11-18	83
51	2015-04-19	30
52	2016-04-25	1
53	2015-09-23	94
54	2016-08-29	20
55	2015-01-12	87
56	2016-04-26	45
57	2015-12-09	30
58	2015-01-20	100
59	2015-01-02	94
60	2016-08-08	29
61	2015-06-06	78
62	2016-08-26	46
63	2015-06-23	91
64	2016-05-02	38
65	2015-12-30	64
66	2015-10-26	30
67	2016-04-19	62
68	2015-04-11	32
69	2015-03-05	28
70	2015-01-25	75
71	2015-09-17	84
72	2016-01-03	67
73	2016-02-26	10
74	2015-03-12	35
75	2015-12-07	72
76	2016-02-12	53
77	2016-05-26	94
78	2015-05-02	14
79	2015-04-30	47
80	2016-06-18	97
81	2015-09-10	34
82	2016-06-12	69
83	2016-05-24	80
84	2015-02-19	44
85	2016-09-17	28
86	2015-12-11	68
87	2016-02-14	44
88	2016-05-11	34
89	2015-12-22	92
90	2015-12-03	99
91	2015-10-19	21
92	2015-03-23	38
93	2016-03-02	19
94	2016-01-03	98
95	2016-03-04	94
96	2015-11-10	29
97	2015-07-12	22
98	2015-07-05	96
99	2015-08-21	38
100	2016-04-19	32
101	2015-01-25	4
102	2016-01-02	13
103	2015-08-13	77
104	2016-03-24	93
105	2015-10-12	94
106	2015-08-26	46
107	2015-12-29	42
108	2016-07-31	86
109	2016-02-15	36
110	2016-04-25	45
111	2015-12-11	81
112	2016-02-13	68
113	2015-10-30	28
114	2016-01-09	23
115	2016-06-15	24
116	2016-07-12	44
117	2015-04-13	72
118	2015-11-21	75
119	2016-02-01	85
120	2016-04-12	39
121	2015-07-31	49
122	2016-01-22	65
123	2015-12-06	11
124	2015-09-20	12
125	2016-05-29	70
126	2016-04-05	99
127	2016-06-15	21
128	2015-08-04	60
129	2015-07-02	58
130	2016-06-02	40
131	2015-11-13	100
132	2016-06-29	74
133	2015-02-20	93
134	2015-06-06	29
135	2016-06-16	77
136	2015-01-04	6
137	2016-09-23	92
138	2016-05-29	18
139	2015-11-21	81
140	2016-06-03	58
141	2016-09-20	91
142	2015-02-27	99
143	2016-07-31	48
144	2015-03-11	17
145	2015-11-05	9
146	2016-04-16	59
147	2015-06-23	83
148	2016-01-25	31
149	2016-06-29	75
150	2015-03-05	2
151	2015-06-11	52
152	2016-02-21	63
153	2016-03-16	53
154	2015-08-10	82
155	2015-09-18	58
156	2016-01-27	76
157	2016-07-15	69
158	2016-01-14	43
159	2015-11-02	15
160	2015-07-29	8
161	2015-05-16	80
162	2015-11-13	36
163	2015-12-04	20
164	2016-09-24	34
165	2015-05-27	32
166	2016-08-27	17
167	2015-10-09	36
168	2015-02-06	52
169	2015-01-16	4
170	2016-07-22	75
171	2016-02-22	87
172	2016-03-27	24
173	2015-03-28	57
174	2016-09-17	90
175	2015-11-24	69
176	2015-10-07	29
177	2016-03-16	20
178	2015-06-14	62
179	2016-04-20	7
180	2015-05-18	45
181	2016-06-13	63
182	2016-06-02	57
183	2015-01-25	24
184	2016-02-08	11
185	2016-05-13	54
186	2015-06-19	48
187	2016-02-21	71
188	2015-05-25	32
189	2016-06-26	96
190	2015-06-03	80
191	2015-02-14	58
192	2015-06-16	75
193	2016-04-29	28
194	2015-08-06	96
195	2015-07-08	8
196	2016-04-30	36
197	2015-09-05	82
198	2015-09-24	79
199	2015-07-02	95
200	2015-05-31	94
201	2016-06-21	80
202	2015-04-12	20
203	2015-06-23	45
204	2016-02-16	71
205	2016-02-16	26
206	2016-02-16	86
207	2015-06-27	68
208	2016-07-24	52
209	2015-03-08	56
210	2015-02-14	60
211	2016-05-09	37
212	2015-06-16	28
213	2015-04-22	22
214	2016-04-10	19
215	2016-08-03	68
216	2016-08-09	43
217	2015-05-12	29
218	2016-06-28	47
219	2016-09-27	33
220	2015-07-14	77
221	2016-04-22	23
222	2016-02-02	31
223	2015-06-20	14
224	2016-06-15	34
225	2016-07-28	4
226	2016-08-06	13
227	2016-02-15	34
228	2015-10-14	69
229	2016-08-04	49
230	2015-05-17	71
231	2016-06-16	47
232	2016-08-30	24
233	2016-05-07	48
234	2015-08-28	3
235	2016-02-16	1
236	2016-02-19	7
237	2015-09-15	38
238	2016-08-19	18
239	2015-06-14	2
240	2016-06-07	1
241	2015-02-19	96
242	2016-01-24	47
243	2016-04-19	100
244	2015-08-08	68
245	2016-01-21	99
246	2015-06-07	22
247	2016-09-02	7
248	2015-05-03	81
249	2016-02-06	84
250	2016-05-22	25
251	2015-05-11	81
252	2016-07-15	5
253	2016-04-12	33
254	2016-01-06	9
255	2016-06-27	97
256	2015-08-13	74
257	2015-05-20	96
258	2015-07-08	3
259	2016-01-06	88
260	2015-03-10	9
261	2015-07-30	19
262	2016-03-12	95
263	2015-12-20	6
264	2015-04-22	97
265	2016-06-19	17
266	2015-08-12	52
267	2016-01-25	43
268	2016-09-30	66
269	2016-07-01	94
270	2015-08-05	25
271	2015-02-17	70
272	2016-02-03	53
273	2015-05-25	87
274	2015-09-03	47
275	2015-12-31	67
276	2016-01-26	23
277	2015-12-03	77
278	2016-07-14	84
279	2016-09-21	19
280	2015-10-22	58
281	2015-03-25	29
282	2016-02-17	23
283	2016-05-31	63
284	2016-03-01	38
285	2015-07-25	55
286	2015-12-27	69
287	2015-01-15	50
288	2016-04-09	36
289	2015-12-11	77
290	2015-07-07	24
291	2015-12-12	63
292	2015-05-20	92
293	2015-09-12	44
294	2015-03-19	21
295	2016-06-23	81
296	2015-07-20	97
297	2016-07-01	60
298	2016-03-30	16
299	2015-11-30	5
300	2015-12-09	12
301	2015-07-27	1
302	2016-08-21	25
303	2015-02-15	32
304	2015-05-06	12
305	2015-10-12	36
306	2016-03-17	38
307	2015-07-01	14
308	2016-01-22	33
309	2015-03-26	6
310	2015-09-09	58
311	2016-08-21	84
312	2016-04-04	15
313	2016-04-11	23
314	2016-07-17	47
315	2015-04-23	61
316	2015-10-23	82
317	2016-04-09	39
318	2015-09-04	37
319	2016-06-15	81
320	2015-06-25	46
321	2015-05-17	36
322	2015-11-27	90
323	2016-08-06	83
324	2015-09-16	93
325	2015-12-03	25
326	2016-04-22	30
327	2015-11-13	87
328	2015-09-22	11
329	2015-11-30	51
330	2016-06-12	100
331	2015-01-30	49
332	2015-10-20	53
333	2016-01-10	17
334	2016-08-21	22
335	2015-06-21	3
336	2016-06-09	97
337	2015-09-17	90
338	2015-09-11	37
339	2015-08-10	94
340	2016-05-27	6
341	2015-11-30	29
342	2015-11-26	54
343	2016-07-30	1
344	2016-06-03	32
345	2016-05-30	43
346	2015-08-09	11
347	2016-07-28	89
348	2015-11-19	12
349	2015-03-15	80
350	2015-05-06	98
351	2016-08-05	11
352	2015-11-20	57
353	2015-11-10	15
354	2015-03-07	49
355	2016-07-29	10
356	2015-12-31	27
357	2015-02-07	93
358	2015-09-12	65
359	2015-02-11	38
360	2016-03-16	54
361	2016-01-15	47
362	2015-11-25	65
363	2016-09-06	49
364	2016-07-02	89
365	2016-06-22	8
366	2015-07-21	60
367	2015-07-01	37
368	2016-08-10	43
369	2016-09-01	14
370	2016-03-28	76
371	2015-08-27	62
372	2015-12-27	54
373	2015-07-19	1
374	2016-07-04	8
375	2015-02-06	78
376	2015-03-31	70
377	2016-07-02	43
378	2015-02-28	69
379	2016-02-09	91
380	2015-10-01	80
381	2016-03-31	11
382	2015-05-31	10
383	2015-06-12	60
384	2015-10-06	97
385	2015-04-19	11
386	2015-03-28	57
387	2015-01-27	55
388	2016-08-26	78
389	2015-07-24	34
390	2015-07-19	36
391	2015-05-16	55
392	2015-11-28	66
393	2016-04-28	7
394	2015-10-06	87
395	2016-03-25	48
396	2016-07-18	97
397	2016-09-20	73
398	2015-01-12	48
399	2016-04-05	69
400	2016-08-23	42
401	2015-09-02	51
402	2015-03-07	64
403	2015-08-25	37
404	2015-06-22	22
405	2016-08-04	52
406	2015-08-28	1
407	2016-03-26	67
408	2016-09-08	63
409	2015-02-10	15
410	2015-01-19	2
411	2016-09-10	42
412	2015-10-14	69
413	2016-04-10	30
414	2015-08-28	80
415	2015-12-09	53
416	2015-10-13	17
417	2015-03-23	91
418	2015-11-21	84
419	2016-04-12	51
420	2016-02-18	93
421	2016-04-18	79
422	2015-01-16	84
423	2015-09-24	12
424	2016-01-21	51
425	2016-08-07	47
426	2015-11-04	74
427	2016-07-24	10
428	2016-05-06	78
429	2015-04-19	42
430	2015-02-27	91
431	2015-10-02	10
432	2015-08-21	64
433	2015-04-14	11
434	2015-04-14	8
435	2015-02-28	81
436	2016-06-18	2
437	2015-05-29	23
438	2015-11-17	83
439	2016-05-26	90
440	2015-09-29	42
441	2016-09-29	23
442	2015-10-27	93
443	2016-02-12	20
444	2015-08-21	31
445	2015-12-01	31
446	2015-01-03	44
447	2015-05-09	47
448	2015-05-26	34
449	2015-08-28	57
450	2015-09-20	54
451	2015-10-03	15
452	2016-06-20	54
453	2015-05-26	26
454	2016-03-26	79
455	2015-03-11	32
456	2016-04-01	94
457	2016-04-14	11
458	2016-05-25	52
459	2015-10-08	84
460	2015-02-02	11
461	2015-10-23	90
462	2015-02-07	30
463	2016-06-17	14
464	2016-01-10	94
465	2015-02-17	96
466	2015-01-09	45
467	2016-01-28	56
468	2015-12-13	39
469	2015-11-14	48
470	2016-01-13	92
471	2015-09-01	36
472	2015-03-23	29
473	2015-06-25	75
474	2015-09-09	7
475	2015-06-23	39
476	2015-04-27	99
477	2015-09-26	73
478	2015-08-13	16
479	2015-10-22	60
480	2015-01-08	72
481	2015-12-07	84
482	2015-12-11	54
483	2016-09-10	5
484	2015-05-17	51
485	2016-06-19	78
486	2015-08-12	56
487	2015-06-20	7
488	2016-07-13	95
489	2016-02-26	63
490	2016-05-24	16
491	2015-02-19	72
492	2016-07-04	30
493	2015-03-22	91
494	2015-01-27	48
495	2016-09-07	77
496	2016-04-06	96
497	2015-10-17	4
498	2016-01-27	85
499	2015-02-20	23
500	2015-07-29	82
501	2016-04-29	82
502	2015-08-30	50
503	2015-04-05	53
504	2016-07-20	48
505	2015-01-05	64
506	2015-08-08	97
507	2016-06-01	36
508	2015-04-09	38
509	2015-06-25	47
510	2015-07-08	33
511	2016-06-16	70
512	2015-06-22	45
513	2015-07-20	71
514	2015-09-12	33
515	2015-11-01	90
516	2015-02-23	48
517	2016-09-03	78
518	2016-09-30	16
519	2016-02-26	35
520	2015-01-29	7
521	2015-11-06	19
522	2015-03-02	72
523	2015-04-15	5
524	2015-01-10	70
525	2016-06-10	9
526	2015-12-18	40
527	2016-08-12	75
528	2015-04-19	34
529	2015-04-04	99
530	2016-02-18	52
531	2015-01-31	28
532	2015-03-07	36
533	2015-05-21	52
534	2015-06-24	33
535	2015-10-16	95
536	2016-09-04	44
537	2016-02-06	89
538	2015-06-27	13
539	2015-08-26	100
540	2015-11-21	67
541	2015-08-09	89
542	2015-04-19	48
543	2015-07-17	38
544	2015-03-11	43
545	2016-07-27	7
546	2015-08-02	8
547	2016-03-16	57
548	2016-07-01	83
549	2016-05-01	22
550	2015-07-04	100
551	2016-08-22	11
552	2015-06-01	57
553	2015-04-07	67
554	2016-04-13	82
555	2015-06-26	35
556	2016-02-12	73
557	2015-11-13	10
558	2015-10-12	74
559	2016-01-03	44
560	2016-06-27	89
561	2016-02-16	3
562	2016-04-05	51
563	2016-02-04	39
564	2015-01-21	18
565	2016-03-27	53
566	2016-07-31	66
567	2015-09-20	66
568	2015-10-30	61
569	2016-08-18	85
570	2016-07-15	21
571	2015-07-15	63
572	2015-08-05	85
573	2015-12-23	24
574	2015-03-10	9
575	2015-08-04	55
576	2015-01-12	33
577	2016-01-25	13
578	2016-08-12	74
579	2015-07-14	7
580	2015-11-09	64
581	2015-04-23	39
582	2015-08-27	41
583	2016-02-18	61
584	2015-01-01	1
585	2015-07-12	89
586	2015-12-11	96
587	2015-08-28	52
588	2015-01-10	52
589	2016-05-13	60
590	2015-01-12	35
591	2015-06-14	58
592	2015-05-07	41
593	2015-11-24	80
594	2016-06-25	64
595	2016-06-18	42
596	2015-07-28	39
597	2015-12-16	56
598	2015-12-18	93
599	2015-05-09	86
600	2016-07-30	51
601	2016-05-22	57
602	2015-11-24	48
603	2015-05-01	48
604	2015-10-16	22
605	2015-07-18	69
606	2015-02-06	7
607	2015-01-28	92
608	2015-05-23	29
609	2016-01-28	53
610	2015-11-06	74
611	2016-03-24	43
612	2016-09-10	92
613	2015-12-29	10
614	2016-03-12	33
615	2015-10-17	76
616	2016-02-03	26
617	2016-04-12	46
618	2015-01-03	85
619	2015-08-01	92
620	2015-02-28	60
621	2015-10-31	29
622	2015-09-05	52
623	2015-03-31	9
624	2015-01-23	8
625	2015-01-02	93
626	2015-07-26	55
627	2016-05-01	52
628	2015-09-06	95
629	2016-03-15	57
630	2016-08-12	94
631	2015-12-15	58
632	2016-05-07	97
633	2016-05-28	36
634	2015-03-14	17
635	2016-01-09	73
636	2015-12-10	61
637	2016-04-29	89
638	2015-10-07	76
639	2016-04-30	21
640	2015-01-09	4
641	2015-06-23	47
642	2016-04-07	62
643	2016-04-04	71
644	2015-12-21	23
645	2015-07-13	61
646	2016-09-18	25
647	2015-06-01	87
648	2015-08-29	56
649	2016-01-21	73
650	2015-05-23	3
651	2016-07-01	7
652	2015-10-07	94
653	2015-01-22	99
654	2016-07-12	3
655	2016-04-14	58
656	2016-08-30	55
657	2016-06-25	77
658	2015-05-19	69
659	2015-05-06	21
660	2015-08-01	68
661	2016-09-07	26
662	2016-06-21	10
663	2015-03-10	14
664	2015-01-04	82
665	2015-03-26	7
666	2016-07-04	74
667	2015-08-28	42
668	2015-09-07	33
669	2015-01-22	88
670	2016-02-15	76
671	2016-01-04	59
672	2016-04-12	62
673	2015-06-20	15
674	2016-05-15	79
675	2016-07-30	70
676	2015-02-21	5
677	2015-06-17	4
678	2016-08-11	76
679	2015-07-18	23
680	2015-03-08	100
681	2015-03-01	85
682	2015-06-26	78
683	2016-03-28	64
684	2015-06-08	47
685	2015-10-23	95
686	2015-09-14	43
687	2016-05-15	35
688	2015-04-09	27
689	2016-08-16	46
690	2016-03-06	68
691	2015-11-09	68
692	2016-01-18	83
693	2016-05-14	41
694	2016-06-02	81
695	2015-10-01	1
696	2016-09-12	74
697	2015-12-04	50
698	2015-04-17	60
699	2015-04-09	33
700	2016-05-17	52
701	2016-05-28	65
702	2015-04-21	15
703	2015-09-27	48
704	2016-04-24	17
705	2016-01-17	64
706	2015-01-15	40
707	2015-04-11	54
708	2015-02-21	82
709	2016-04-03	35
710	2016-08-09	93
711	2015-02-11	98
712	2015-07-30	3
713	2016-04-26	90
714	2016-04-09	14
715	2015-11-20	14
716	2015-12-17	39
717	2016-08-19	21
718	2015-09-10	67
719	2016-02-27	71
720	2015-11-09	16
721	2015-10-07	95
722	2015-02-17	38
723	2016-04-13	85
724	2016-05-11	55
725	2015-12-07	94
726	2015-09-27	33
727	2015-11-26	53
728	2016-06-17	23
729	2016-05-13	95
730	2015-01-18	71
731	2015-07-12	59
732	2016-03-30	91
733	2016-04-12	12
734	2016-05-29	55
735	2016-01-06	46
736	2015-06-08	35
737	2015-03-17	15
738	2016-09-18	95
739	2015-12-11	59
740	2015-11-17	3
741	2015-04-16	76
742	2015-12-23	43
743	2015-06-20	54
744	2016-09-12	57
745	2015-10-08	10
746	2016-01-29	83
747	2015-03-16	31
748	2016-04-30	17
749	2015-02-12	56
750	2015-09-21	40
751	2015-10-06	8
752	2016-03-24	74
753	2015-03-06	50
754	2016-02-12	93
755	2016-07-13	19
756	2015-08-30	75
757	2016-02-23	62
758	2015-09-22	36
759	2015-03-10	5
760	2015-05-22	60
761	2015-07-19	57
762	2015-03-05	46
763	2016-06-22	93
764	2015-09-17	44
765	2016-01-07	81
766	2015-08-25	39
767	2015-06-25	46
768	2015-01-01	33
769	2015-06-24	32
770	2015-11-13	34
771	2016-03-18	71
772	2016-01-09	57
773	2015-06-07	91
774	2015-05-16	46
775	2015-10-26	59
776	2015-03-31	46
777	2015-04-06	59
778	2015-04-07	8
779	2016-02-08	27
780	2015-12-23	33
781	2015-06-26	16
782	2016-08-31	45
783	2015-02-25	52
784	2015-09-16	33
785	2016-06-22	70
786	2016-03-09	68
787	2015-03-31	20
788	2016-01-03	32
789	2016-03-10	61
790	2015-09-02	89
791	2016-06-23	72
792	2015-02-18	77
793	2016-07-15	52
794	2015-09-26	86
795	2016-04-09	17
796	2015-07-08	25
797	2015-07-31	53
798	2016-02-15	60
799	2016-04-28	12
800	2015-02-04	17
801	2016-04-14	68
802	2015-10-21	65
803	2015-11-21	21
804	2016-02-01	58
805	2015-03-05	89
806	2015-11-29	74
807	2015-04-15	90
808	2016-08-11	4
809	2015-06-29	24
810	2015-07-29	23
811	2015-08-11	45
812	2015-11-10	49
813	2016-06-19	19
814	2016-05-03	50
815	2015-05-09	79
816	2015-04-14	12
817	2016-03-30	54
818	2016-07-30	16
819	2015-06-29	87
820	2016-05-01	88
821	2015-03-14	94
822	2015-05-25	22
823	2015-10-08	82
824	2015-02-27	2
825	2016-08-22	30
826	2015-12-04	22
827	2016-03-05	31
828	2016-06-12	98
829	2015-10-15	22
830	2015-10-23	1
831	2016-03-25	60
832	2015-12-07	20
833	2015-02-07	8
834	2016-01-17	31
835	2015-04-04	26
836	2015-04-25	50
837	2015-11-10	13
838	2015-07-03	37
839	2015-04-11	12
840	2015-04-28	96
841	2015-06-11	49
842	2015-03-17	98
843	2016-07-23	58
844	2015-07-03	79
845	2016-04-10	30
846	2016-07-11	46
847	2015-10-04	16
848	2016-08-29	53
849	2015-04-11	16
850	2015-10-30	63
851	2015-11-01	37
852	2015-04-27	85
853	2015-08-19	72
854	2015-09-02	3
855	2016-01-11	15
856	2016-08-23	2
857	2016-04-05	41
858	2016-09-15	33
859	2016-05-10	38
860	2016-05-11	75
861	2016-02-03	47
862	2015-09-23	71
863	2015-10-28	85
864	2016-04-02	51
865	2016-08-23	61
866	2016-03-05	36
867	2016-02-23	68
868	2015-10-10	67
869	2015-07-12	44
870	2015-04-12	13
871	2015-11-23	68
872	2015-01-19	21
873	2015-04-07	36
874	2016-08-07	5
875	2015-05-17	3
876	2016-03-21	59
877	2015-01-24	56
878	2015-07-16	70
879	2016-05-28	21
880	2016-07-07	94
881	2015-08-20	65
882	2016-01-12	72
883	2015-07-03	23
884	2015-01-12	44
885	2016-08-03	12
886	2016-01-08	34
887	2015-08-14	4
888	2015-06-24	45
889	2015-01-18	86
890	2016-08-17	69
891	2016-04-25	53
892	2016-06-20	63
893	2015-01-27	45
894	2015-03-14	28
895	2015-05-05	43
896	2015-06-12	88
897	2015-03-31	56
898	2015-06-06	28
899	2015-08-05	14
900	2015-02-13	99
901	2016-05-02	2
902	2015-10-08	96
903	2015-11-26	36
904	2016-01-05	75
905	2015-05-10	24
906	2016-08-15	73
907	2016-09-12	95
908	2015-06-30	53
909	2015-04-09	32
910	2015-11-23	59
911	2016-04-20	18
912	2016-02-21	33
913	2015-06-15	84
914	2015-10-14	69
915	2015-04-21	27
916	2016-09-02	5
917	2015-03-25	57
918	2015-08-06	87
919	2015-12-18	25
920	2016-04-07	55
921	2016-09-12	5
922	2015-05-31	9
923	2016-05-22	28
924	2016-06-19	46
925	2015-05-23	25
926	2015-03-27	15
927	2015-06-05	68
928	2015-12-31	71
929	2016-07-07	93
930	2015-04-29	46
931	2016-03-30	26
932	2015-11-29	94
933	2015-05-22	27
934	2016-04-28	88
935	2015-09-05	65
936	2015-02-18	34
937	2015-06-08	51
938	2015-04-19	12
939	2016-02-10	22
940	2015-09-17	66
941	2015-05-31	19
942	2016-03-30	23
943	2015-03-30	74
944	2015-12-05	89
945	2015-11-11	97
946	2015-04-18	61
947	2016-02-23	86
948	2016-04-14	8
949	2015-10-25	91
950	2016-01-04	85
951	2015-11-21	22
952	2016-01-26	76
953	2015-12-08	30
954	2015-04-19	7
955	2015-04-23	54
956	2015-08-27	33
957	2015-03-14	52
958	2015-11-22	77
959	2016-05-28	24
960	2016-08-02	69
961	2015-11-05	15
962	2015-09-24	75
963	2015-02-23	85
964	2016-02-07	25
965	2016-01-19	87
966	2015-05-11	61
967	2016-08-27	9
968	2016-06-02	63
969	2016-04-24	34
970	2015-04-21	92
971	2015-11-20	44
972	2015-05-29	97
973	2015-10-27	4
974	2015-05-12	56
975	2016-01-12	39
976	2016-05-25	90
977	2016-05-12	41
978	2015-05-08	14
979	2015-01-05	29
980	2016-03-25	11
981	2015-07-05	79
982	2015-06-18	73
983	2015-09-29	48
984	2016-01-16	52
985	2015-11-03	20
986	2016-09-09	8
987	2016-05-08	46
988	2015-07-19	5
989	2015-07-22	32
990	2015-12-22	17
991	2016-04-22	97
992	2015-10-06	52
993	2015-05-26	9
994	2015-12-10	93
995	2016-08-06	87
996	2016-03-19	92
997	2016-08-29	90
998	2016-08-03	85
999	2016-06-06	23
1000	2015-06-01	2
1001	2015-08-23	47
1002	2015-04-19	91
1003	2015-06-30	3
1004	2015-07-11	24
1005	2015-02-19	86
1006	2016-01-30	54
1007	2016-08-02	3
1008	2015-06-07	9
1009	2016-04-02	92
1010	2015-10-02	67
1011	2015-05-30	49
1012	2015-06-20	94
1013	2015-04-27	42
1014	2015-10-05	43
1015	2015-11-23	45
1016	2015-11-19	59
1017	2015-09-05	37
1018	2016-07-10	81
1019	2016-09-27	32
1020	2016-08-31	21
1021	2016-06-11	52
1022	2015-09-30	17
1023	2016-04-29	53
1024	2015-05-19	33
1025	2015-03-29	73
1026	2015-08-31	99
1027	2016-04-01	23
1028	2016-01-02	30
1029	2015-12-31	81
1030	2015-09-05	6
1031	2015-06-20	66
1032	2016-05-13	7
1033	2016-04-08	75
1034	2015-07-05	80
1035	2016-03-24	10
1036	2015-12-11	51
1037	2015-08-17	28
1038	2015-10-08	9
1039	2015-04-06	59
1040	2015-09-22	69
1041	2015-03-18	11
1042	2015-08-16	90
1043	2016-07-14	21
1044	2015-06-06	74
1045	2016-02-21	38
1046	2016-02-10	72
1047	2016-08-07	61
1048	2015-06-21	47
1049	2016-04-22	96
1050	2016-01-07	61
1051	2016-09-12	25
1052	2015-02-26	92
1053	2016-05-07	73
1054	2015-12-05	54
1055	2015-02-16	38
1056	2015-07-09	89
1057	2015-01-21	29
1058	2016-04-24	76
1059	2015-11-02	99
1060	2016-05-30	56
1061	2015-03-31	48
1062	2015-01-16	67
1063	2015-05-29	17
1064	2016-02-14	54
1065	2016-02-14	39
1066	2015-10-28	63
1067	2016-05-12	32
1068	2015-10-24	24
1069	2016-01-02	69
1070	2015-09-23	96
1071	2016-04-15	76
1072	2015-10-01	88
1073	2016-08-10	45
1074	2015-06-10	60
1075	2016-01-10	27
1076	2015-01-23	85
1077	2015-03-23	54
1078	2015-12-16	14
1079	2015-04-09	1
1080	2016-07-23	26
1081	2015-05-20	36
1082	2015-06-09	90
1083	2016-09-18	86
1084	2015-11-03	74
1085	2015-05-13	69
1086	2015-01-07	21
1087	2016-08-08	83
1088	2016-02-27	94
1089	2016-09-08	42
1090	2016-03-10	82
1091	2016-01-16	26
1092	2016-09-24	61
1093	2015-12-20	7
1094	2015-11-16	75
1095	2016-01-29	50
1096	2016-04-07	33
1097	2015-06-03	23
1098	2016-05-19	7
1099	2015-10-01	30
1100	2015-09-01	18
1101	2016-06-10	37
1102	2015-09-10	81
1103	2016-01-07	55
1104	2016-06-01	99
1105	2015-07-10	5
1106	2015-01-14	72
1107	2016-02-18	74
1108	2015-09-30	43
1109	2015-09-22	71
1110	2015-08-07	65
1111	2015-02-22	80
1112	2016-02-07	7
1113	2016-05-01	32
1114	2016-03-31	54
1115	2016-03-17	61
1116	2015-01-26	38
1117	2015-08-06	7
1118	2015-12-12	21
1119	2015-08-01	54
1120	2015-06-15	74
1121	2015-10-26	39
1122	2015-12-11	32
1123	2016-05-28	76
1124	2015-07-22	78
1125	2015-01-09	5
1126	2015-04-15	90
1127	2015-10-03	4
1128	2015-12-28	25
1129	2016-08-06	91
1130	2015-02-14	3
1131	2016-09-21	94
1132	2015-05-25	19
1133	2016-03-31	51
1134	2015-08-01	46
1135	2016-01-21	66
1136	2015-03-16	8
1137	2016-03-07	84
1138	2015-02-10	89
1139	2016-04-13	24
1140	2016-01-25	49
1141	2015-07-23	48
1142	2015-05-27	92
1143	2016-07-21	17
1144	2015-06-09	50
1145	2015-05-12	95
1146	2015-09-07	69
1147	2016-02-27	10
1148	2015-03-17	11
1149	2015-05-28	35
1150	2015-12-09	88
1151	2016-08-04	57
1152	2016-02-17	83
1153	2015-07-10	61
1154	2015-01-15	22
1155	2016-07-28	38
1156	2016-08-02	52
1157	2016-07-16	39
1158	2015-04-11	45
1159	2016-09-15	61
1160	2016-08-07	29
1161	2015-06-30	24
1162	2015-09-27	46
1163	2015-03-03	30
1164	2015-11-17	22
1165	2016-01-22	55
1166	2016-03-31	36
1167	2016-05-18	40
1168	2015-06-05	69
1169	2015-05-26	10
1170	2016-08-05	71
1171	2015-06-10	79
1172	2016-01-26	11
1173	2015-03-10	25
1174	2015-02-20	39
1175	2016-07-25	50
1176	2016-07-08	61
1177	2016-07-17	38
1178	2015-10-29	18
1179	2016-06-03	73
1180	2015-01-02	54
1181	2016-07-11	76
1182	2015-05-27	52
1183	2016-06-15	46
1184	2016-08-19	75
1185	2016-02-01	7
1186	2015-07-01	84
1187	2015-12-01	15
1188	2015-01-31	69
1189	2015-03-06	38
1190	2016-01-01	33
1191	2016-05-28	100
1192	2016-01-06	73
1193	2016-06-25	70
1194	2016-07-10	73
1195	2016-05-03	99
1196	2016-02-12	96
1197	2016-07-31	3
1198	2015-12-01	52
1199	2015-03-12	38
1200	2016-01-09	86
1201	2016-08-26	78
1202	2016-01-15	33
1203	2015-10-17	41
1204	2016-02-07	37
1205	2015-11-02	52
1206	2016-01-21	27
1207	2016-09-16	11
1208	2015-06-03	42
1209	2015-11-11	94
1210	2015-06-30	59
1211	2015-11-03	72
1212	2015-02-17	3
1213	2016-05-14	60
1214	2015-02-20	19
1215	2016-05-18	43
1216	2016-06-20	86
1217	2016-07-04	95
1218	2016-06-04	47
1219	2016-04-21	60
1220	2015-07-24	59
1221	2016-03-05	31
1222	2015-01-02	26
1223	2015-12-27	48
1224	2016-08-29	63
1225	2016-03-07	55
1226	2015-07-30	17
1227	2016-01-26	2
1228	2015-11-21	36
1229	2015-07-08	59
1230	2016-04-06	31
1231	2016-07-05	8
1232	2015-12-27	10
1233	2015-07-11	85
1234	2015-10-25	83
1235	2015-08-11	90
1236	2015-07-29	89
1237	2015-05-25	96
1238	2015-05-27	53
1239	2016-08-18	65
1240	2015-07-05	35
1241	2015-05-27	98
1242	2016-02-04	38
1243	2016-07-07	23
1244	2016-03-13	87
1245	2016-04-25	1
1246	2016-04-23	21
1247	2015-10-25	33
1248	2015-04-28	9
1249	2015-01-30	84
1250	2015-03-06	20
1251	2016-04-23	15
1252	2015-11-06	22
1253	2015-12-11	58
1254	2016-09-10	57
1255	2015-06-01	21
1256	2015-10-11	77
1257	2015-05-24	89
1258	2015-09-29	16
1259	2015-07-12	84
1260	2016-08-12	72
1261	2016-06-20	67
1262	2015-10-28	8
1263	2015-11-06	59
1264	2016-03-20	97
1265	2015-10-17	8
1266	2016-03-12	71
1267	2016-02-08	24
1268	2015-06-04	2
1269	2015-04-01	8
1270	2015-04-14	59
1271	2015-07-10	65
1272	2015-06-05	100
1273	2015-08-18	67
1274	2015-08-20	97
1275	2015-10-13	14
1276	2015-04-09	11
1277	2015-09-28	18
1278	2015-07-03	97
1279	2015-05-29	78
1280	2015-04-26	4
1281	2015-01-21	85
1282	2016-01-23	13
1283	2016-07-29	2
1284	2016-02-07	25
1285	2016-04-27	49
1286	2015-10-13	34
1287	2015-06-05	17
1288	2015-11-23	17
1289	2016-06-05	78
1290	2015-11-28	58
1291	2015-02-28	12
1292	2016-07-27	56
1293	2015-02-20	31
1294	2016-02-08	33
1295	2015-05-29	44
1296	2015-02-16	98
1297	2015-01-05	81
1298	2016-09-13	94
1299	2015-11-29	14
1300	2015-07-09	59
1301	2016-09-22	94
1302	2015-05-07	90
1303	2015-07-10	43
1304	2016-05-28	92
1305	2015-12-27	79
1306	2015-07-31	34
1307	2015-01-19	50
1308	2015-05-13	69
1309	2015-10-16	87
1310	2016-01-19	2
1311	2016-07-24	99
1312	2015-08-03	11
1313	2015-05-16	16
1314	2015-11-11	68
1315	2016-08-03	76
1316	2015-07-06	41
1317	2015-03-21	51
1318	2015-09-28	45
1319	2015-02-13	13
1320	2016-01-07	33
1321	2015-03-11	83
1322	2016-03-30	16
1323	2016-02-14	71
1324	2015-12-26	33
1325	2016-09-30	78
1326	2015-12-25	59
1327	2016-04-12	89
1328	2016-08-25	81
1329	2015-07-31	80
1330	2016-01-14	93
1331	2015-11-20	8
1332	2016-08-31	33
1333	2015-12-25	78
1334	2015-07-30	81
1335	2015-04-19	24
1336	2016-03-03	59
1337	2015-11-14	52
1338	2015-10-23	58
1339	2016-09-27	16
1340	2015-07-04	1
1341	2015-08-04	42
1342	2016-09-25	83
1343	2015-08-22	1
1344	2016-02-18	26
1345	2015-04-22	32
1346	2016-03-14	48
1347	2016-02-11	76
1348	2016-09-21	49
1349	2015-04-27	84
1350	2015-12-21	83
1351	2015-07-24	27
1352	2016-06-15	74
1353	2015-09-11	55
1354	2016-04-20	31
1355	2016-03-26	69
1356	2015-08-23	44
1357	2015-08-02	38
1358	2015-11-06	76
1359	2016-01-01	31
1360	2015-10-09	84
1361	2015-05-18	86
1362	2016-07-25	90
1363	2016-02-22	82
1364	2015-04-24	6
1365	2016-07-08	73
1366	2016-02-29	61
1367	2016-01-20	30
1368	2016-08-20	61
1369	2016-08-23	99
1370	2015-10-07	93
1371	2016-09-06	87
1372	2016-04-02	18
1373	2016-09-26	75
1374	2016-09-09	8
1375	2016-07-21	5
1376	2015-02-01	59
1377	2016-07-27	82
1378	2016-09-29	69
1379	2016-06-07	76
1380	2016-03-06	51
1381	2016-03-06	70
1382	2015-05-09	73
1383	2015-08-14	85
1384	2015-12-10	21
1385	2016-05-12	94
1386	2015-03-03	55
1387	2015-08-03	6
1388	2016-09-01	53
1389	2016-05-14	26
1390	2015-10-08	74
1391	2016-09-23	9
1392	2015-12-22	26
1393	2015-02-15	27
1394	2015-02-10	33
1395	2015-07-06	87
1396	2015-10-11	78
1397	2015-12-20	88
1398	2015-02-17	85
1399	2015-07-19	30
1400	2016-04-16	21
1401	2015-12-18	26
1402	2015-11-26	24
1403	2016-04-16	84
1404	2015-10-04	81
1405	2015-08-19	86
1406	2016-02-16	50
1407	2016-06-29	55
1408	2015-11-27	92
1409	2015-05-22	59
1410	2016-05-27	50
1411	2015-06-05	70
1412	2015-07-08	52
1413	2015-09-10	95
1414	2016-04-22	24
1415	2016-02-04	87
1416	2015-12-19	40
1417	2015-11-21	12
1418	2015-03-24	2
1419	2016-09-07	33
1420	2016-06-30	83
1421	2016-08-19	39
1422	2016-03-03	42
1423	2015-12-01	60
1424	2016-03-25	26
1425	2016-06-13	63
1426	2015-08-16	80
1427	2015-11-05	60
1428	2015-05-07	85
1429	2015-02-11	83
1430	2016-09-05	85
1431	2015-02-24	30
1432	2015-04-24	79
1433	2016-08-29	86
1434	2016-05-13	54
1435	2015-03-04	11
1436	2016-05-05	79
1437	2015-12-25	91
1438	2016-08-30	60
1439	2015-08-13	29
1440	2016-06-22	16
1441	2015-08-20	81
1442	2015-09-11	9
1443	2016-03-31	37
1444	2015-01-10	67
1445	2016-06-25	15
1446	2015-02-03	63
1447	2016-03-24	64
1448	2015-05-13	74
1449	2015-02-08	2
1450	2015-10-05	90
1451	2015-08-28	85
1452	2015-04-23	15
1453	2016-06-10	55
1454	2015-06-01	78
1455	2015-07-17	39
1456	2016-03-25	27
1457	2015-12-25	41
1458	2015-08-08	12
1459	2015-04-03	52
1460	2016-04-18	78
1461	2016-03-07	30
1462	2015-03-17	55
1463	2016-06-20	69
1464	2015-08-14	67
1465	2015-12-03	92
1466	2015-05-01	39
1467	2015-11-07	79
1468	2015-08-23	7
1469	2015-08-27	21
1470	2016-07-30	53
1471	2016-03-07	63
1472	2016-08-22	64
1473	2016-02-04	47
1474	2016-08-10	61
1475	2015-07-15	68
1476	2016-08-19	6
1477	2015-10-25	54
1478	2015-02-11	81
1479	2015-06-30	38
1480	2015-07-28	76
1481	2016-05-10	4
1482	2016-01-31	24
1483	2016-05-22	48
1484	2016-08-05	75
1485	2015-05-09	43
1486	2016-09-16	89
1487	2016-03-23	67
1488	2015-03-01	15
1489	2015-08-17	82
1490	2016-03-23	18
1491	2016-09-25	18
1492	2015-12-17	4
1493	2016-02-09	42
1494	2015-10-19	32
1495	2016-01-19	64
1496	2015-09-05	13
1497	2015-03-18	35
1498	2015-10-16	53
1499	2015-01-02	92
1500	2015-03-10	10
1501	2015-04-14	58
1502	2015-09-17	20
1503	2015-01-09	6
1504	2016-07-31	17
1505	2016-06-14	56
1506	2015-11-01	8
1507	2015-03-14	92
1508	2016-05-12	64
1509	2016-09-14	30
1510	2015-03-14	94
1511	2015-01-28	44
1512	2015-09-30	65
1513	2015-12-13	2
1514	2015-07-21	16
1515	2015-11-09	68
1516	2016-07-16	28
1517	2016-02-03	13
1518	2015-06-30	19
1519	2015-03-26	6
1520	2015-09-22	78
1521	2016-09-26	33
1522	2015-09-13	48
1523	2015-10-26	83
1524	2016-06-25	45
1525	2015-12-20	22
1526	2015-02-20	36
1527	2015-09-12	68
1528	2015-02-12	29
1529	2016-01-19	41
1530	2015-05-15	68
1531	2015-12-12	78
1532	2015-06-06	55
1533	2015-12-14	43
1534	2015-10-30	2
1535	2016-09-18	38
1536	2016-05-15	93
1537	2015-05-31	65
1538	2015-08-02	19
1539	2015-02-11	85
1540	2016-01-15	75
1541	2015-08-26	68
1542	2016-02-21	3
1543	2016-05-23	5
1544	2015-12-01	56
1545	2016-01-28	77
1546	2016-01-16	56
1547	2015-03-28	30
1548	2016-04-13	63
1549	2015-09-08	55
1550	2015-06-05	25
1551	2015-12-06	64
1552	2016-08-26	33
1553	2015-10-01	58
1554	2016-06-15	26
1555	2015-09-24	92
1556	2016-08-24	23
1557	2016-03-14	9
1558	2015-08-17	81
1559	2015-10-01	62
1560	2016-03-27	12
1561	2016-07-29	9
1562	2015-04-04	56
1563	2016-04-19	32
1564	2015-04-12	33
1565	2015-11-28	7
1566	2016-08-05	20
1567	2015-04-10	46
1568	2015-08-21	85
1569	2015-04-05	82
1570	2015-08-19	29
1571	2016-08-17	25
1572	2016-07-31	16
1573	2016-01-26	41
1574	2016-07-05	22
1575	2016-05-07	27
1576	2015-09-24	51
1577	2016-04-13	38
1578	2016-02-17	57
1579	2015-04-04	92
1580	2015-07-07	24
1581	2015-05-19	100
1582	2015-12-03	40
1583	2015-10-20	85
1584	2015-01-17	65
1585	2015-05-14	47
1586	2015-04-05	87
1587	2015-08-12	39
1588	2015-09-14	16
1589	2016-06-19	1
1590	2015-02-01	43
1591	2016-04-19	13
1592	2016-01-13	86
1593	2015-05-03	8
1594	2015-08-03	92
1595	2015-09-07	56
1596	2015-07-29	33
1597	2015-01-15	6
1598	2015-10-19	75
1599	2016-03-28	42
1600	2015-08-25	57
1601	2015-01-10	42
1602	2016-09-29	23
1603	2016-01-02	29
1604	2016-01-02	11
1605	2015-10-17	6
1606	2016-05-27	54
1607	2015-08-28	41
1608	2016-09-26	4
1609	2016-01-05	71
1610	2015-11-15	48
1611	2015-11-26	62
1612	2016-09-20	79
1613	2015-12-22	87
1614	2015-10-26	54
1615	2016-02-10	7
1616	2015-01-28	89
1617	2015-09-13	88
1618	2016-06-16	42
1619	2015-04-12	94
1620	2016-06-10	3
1621	2016-09-11	25
1622	2015-01-31	67
1623	2015-03-19	81
1624	2016-03-19	91
1625	2015-10-13	11
1626	2016-09-26	25
1627	2016-02-04	59
1628	2015-02-04	24
1629	2016-05-21	19
1630	2016-04-17	81
1631	2015-08-12	98
1632	2016-03-24	66
1633	2015-06-23	97
1634	2016-01-09	54
1635	2016-05-27	33
1636	2016-02-20	84
1637	2016-04-05	71
1638	2016-08-18	83
1639	2015-04-06	11
1640	2015-11-29	84
1641	2016-02-08	86
1642	2015-11-01	67
1643	2015-11-09	47
1644	2016-05-08	29
1645	2015-04-19	20
1646	2016-04-16	43
1647	2015-09-14	54
1648	2016-02-16	84
1649	2015-01-06	85
1650	2015-07-15	95
1651	2016-09-03	60
1652	2016-09-13	55
1653	2016-09-08	91
1654	2015-03-11	8
1655	2015-10-27	15
1656	2015-02-17	54
1657	2016-02-08	1
1658	2016-05-14	26
1659	2015-12-21	90
1660	2016-06-22	70
1661	2015-09-18	28
1662	2015-06-08	44
1663	2015-11-17	40
1664	2015-04-29	86
1665	2015-04-20	8
1666	2016-04-25	21
1667	2016-06-10	75
1668	2015-02-27	70
1669	2015-04-10	21
1670	2015-04-13	50
1671	2016-06-23	72
1672	2016-06-21	6
1673	2016-07-17	75
1674	2016-04-20	100
1675	2015-10-03	96
1676	2016-06-29	68
1677	2016-08-17	25
1678	2016-01-24	47
1679	2016-06-20	95
1680	2016-09-03	28
1681	2016-04-09	98
1682	2015-07-13	81
1683	2016-02-10	63
1684	2015-08-20	12
1685	2016-03-08	72
1686	2015-03-22	60
1687	2015-03-14	16
1688	2015-09-17	75
1689	2016-08-04	81
1690	2015-05-29	18
1691	2015-05-19	48
1692	2015-10-01	65
1693	2015-12-19	60
1694	2015-10-02	56
1695	2015-08-16	43
1696	2015-11-12	76
1697	2015-04-11	6
1698	2015-07-21	46
1699	2016-09-30	2
1700	2015-06-21	76
1701	2015-12-04	78
1702	2015-01-28	16
1703	2015-06-24	1
1704	2016-03-28	47
1705	2015-02-23	87
1706	2015-12-02	53
1707	2016-03-16	19
1708	2016-01-15	29
1709	2015-03-01	83
1710	2016-09-23	52
1711	2016-08-24	92
1712	2015-04-27	74
1713	2015-12-27	63
1714	2015-10-16	56
1715	2015-04-15	19
1716	2015-08-27	44
1717	2015-04-21	65
1718	2016-07-26	47
1719	2015-10-09	24
1720	2015-11-20	86
1721	2016-01-16	41
1722	2016-06-26	94
1723	2015-01-17	1
1724	2016-08-10	88
1725	2015-09-27	92
1726	2016-08-04	45
1727	2016-08-03	31
1728	2016-05-19	64
1729	2016-03-17	88
1730	2015-04-02	26
1731	2015-04-11	41
1732	2015-05-14	27
1733	2016-02-10	82
1734	2015-09-23	99
1735	2015-10-31	99
1736	2016-05-02	54
1737	2016-05-12	58
1738	2016-09-18	39
1739	2016-06-14	55
1740	2016-08-22	76
1741	2015-05-21	33
1742	2015-06-04	94
1743	2015-03-07	87
1744	2015-02-09	20
1745	2015-04-26	83
1746	2015-04-14	40
1747	2016-06-30	28
1748	2015-08-04	30
1749	2015-07-25	81
1750	2016-05-13	18
1751	2016-03-02	12
1752	2015-01-12	68
1753	2016-01-19	21
1754	2016-08-01	8
1755	2016-01-18	98
1756	2015-07-30	48
1757	2015-07-22	38
1758	2016-01-20	74
1759	2015-09-06	42
1760	2015-01-06	44
1761	2016-02-10	87
1762	2016-04-25	16
1763	2015-01-06	42
1764	2015-01-11	7
1765	2016-04-13	17
1766	2015-02-06	82
1767	2016-03-16	61
1768	2015-01-23	73
1769	2015-07-20	72
1770	2015-01-20	51
1771	2015-12-11	90
1772	2015-09-24	81
1773	2015-11-09	41
1774	2016-03-08	36
1775	2016-06-19	57
1776	2015-12-29	12
1777	2015-07-21	58
1778	2015-03-20	32
1779	2015-12-17	48
1780	2015-05-02	91
1781	2015-08-08	54
1782	2015-05-25	12
1783	2016-07-08	88
1784	2015-11-01	96
1785	2015-09-29	17
1786	2015-11-06	59
1787	2016-04-01	53
1788	2015-06-23	40
1789	2015-04-17	9
1790	2016-04-21	27
1791	2015-04-24	42
1792	2015-03-22	86
1793	2016-09-26	58
1794	2016-06-03	41
1795	2015-11-02	17
1796	2015-06-27	66
1797	2015-08-07	35
1798	2015-07-26	77
1799	2015-07-05	10
1800	2015-01-12	56
1801	2016-06-17	85
1802	2016-02-28	23
1803	2016-02-03	62
1804	2016-03-21	21
1805	2016-06-25	1
1806	2015-06-11	64
1807	2015-12-02	42
1808	2016-03-28	71
1809	2015-08-11	33
1810	2016-08-21	87
1811	2015-11-19	89
1812	2016-06-10	98
1813	2015-06-22	49
1814	2016-06-02	18
1815	2016-06-10	41
1816	2016-04-25	63
1817	2016-07-06	42
1818	2015-08-08	18
1819	2015-11-20	86
1820	2015-09-23	96
1821	2015-01-16	37
1822	2015-07-16	28
1823	2016-03-16	68
1824	2016-08-02	88
1825	2015-02-03	36
1826	2016-07-22	86
1827	2015-01-24	7
1828	2015-04-30	26
1829	2015-10-21	48
1830	2015-11-18	87
1831	2015-02-03	37
1832	2015-11-04	83
1833	2016-04-06	28
1834	2016-09-14	10
1835	2016-02-25	80
1836	2016-01-31	36
1837	2016-03-01	43
1838	2015-03-13	74
1839	2015-07-09	78
1840	2016-09-02	65
1841	2016-02-12	40
1842	2016-08-30	64
1843	2016-02-12	2
1844	2016-04-13	70
1845	2015-01-11	3
1846	2015-03-04	27
1847	2016-08-29	57
1848	2015-07-29	58
1849	2016-02-14	24
1850	2015-10-03	69
1851	2016-07-05	99
1852	2015-07-07	4
1853	2015-03-05	98
1854	2016-04-18	34
1855	2016-08-02	53
1856	2016-02-21	32
1857	2015-01-19	55
1858	2016-01-12	75
1859	2016-02-17	14
1860	2015-01-24	9
1861	2016-08-02	41
1862	2015-12-05	56
1863	2016-08-05	61
1864	2016-08-14	89
1865	2015-11-11	86
1866	2016-06-05	40
1867	2015-10-26	65
1868	2015-05-05	66
1869	2015-01-29	68
1870	2015-07-22	78
1871	2015-07-22	14
1872	2015-08-27	89
1873	2016-04-10	36
1874	2016-02-29	29
1875	2016-01-08	55
1876	2016-01-01	80
1877	2016-07-04	86
1878	2016-09-25	48
1879	2015-08-07	28
1880	2015-08-25	62
1881	2015-11-05	81
1882	2015-02-07	44
1883	2016-04-11	31
1884	2016-03-17	98
1885	2015-01-26	86
1886	2015-01-31	31
1887	2015-09-16	31
1888	2015-03-08	2
1889	2015-06-01	1
1890	2015-05-30	10
1891	2016-06-17	95
1892	2015-06-02	15
1893	2015-08-09	65
1894	2016-02-07	69
1895	2016-08-19	8
1896	2016-06-21	20
1897	2015-02-05	84
1898	2016-04-09	1
1899	2016-01-19	35
1900	2016-03-16	56
1901	2015-11-11	1
1902	2015-04-03	23
1903	2016-04-17	32
1904	2015-04-27	6
1905	2015-08-30	27
1906	2015-12-11	54
1907	2016-04-12	64
1908	2016-03-27	75
1909	2016-06-01	75
1910	2015-09-07	8
1911	2016-07-15	57
1912	2015-06-01	11
1913	2015-08-20	18
1914	2015-01-28	25
1915	2015-08-15	24
1916	2016-02-22	72
1917	2016-06-18	87
1918	2015-11-30	71
1919	2016-07-24	63
1920	2016-09-22	5
1921	2016-06-12	34
1922	2016-05-17	18
1923	2016-09-05	6
1924	2016-09-11	6
1925	2016-02-08	54
1926	2015-05-13	25
1927	2015-09-09	53
1928	2015-01-15	27
1929	2015-01-03	15
1930	2016-03-14	60
1931	2015-04-09	78
1932	2016-01-09	70
1933	2016-03-06	59
1934	2015-07-15	19
1935	2015-01-03	2
1936	2015-11-16	4
1937	2015-10-17	11
1938	2015-12-02	84
1939	2015-06-08	48
1940	2016-05-10	79
1941	2016-05-18	43
1942	2016-04-12	62
1943	2015-12-21	87
1944	2016-03-27	60
1945	2016-09-02	55
1946	2015-04-23	48
1947	2015-06-12	81
1948	2016-03-31	60
1949	2015-04-29	62
1950	2015-02-16	49
1951	2015-01-20	51
1952	2016-05-30	44
1953	2015-11-12	1
1954	2016-07-01	51
1955	2015-05-19	100
1956	2016-06-28	18
1957	2015-02-03	53
1958	2016-04-11	78
1959	2015-01-17	63
1960	2015-09-17	42
1961	2015-09-03	82
1962	2015-06-06	94
1963	2015-03-28	36
1964	2015-05-20	96
1965	2016-02-03	35
1966	2016-02-15	54
1967	2016-07-20	38
1968	2015-12-14	7
1969	2016-04-20	52
1970	2016-04-24	94
1971	2015-02-14	43
1972	2016-01-04	52
1973	2016-02-11	67
1974	2015-12-10	26
1975	2015-04-29	40
1976	2016-02-27	2
1977	2015-12-04	37
1978	2015-12-14	6
1979	2016-01-13	33
1980	2015-01-26	3
1981	2016-07-12	89
1982	2015-08-24	4
1983	2015-07-16	30
1984	2015-12-08	94
1985	2015-05-18	54
1986	2015-08-07	26
1987	2015-08-06	13
1988	2015-08-12	51
1989	2015-03-18	54
1990	2016-06-25	51
1991	2016-05-06	45
1992	2015-01-23	14
1993	2016-05-20	79
1994	2016-06-22	38
1995	2016-03-17	74
1996	2016-08-18	54
1997	2015-04-02	69
1998	2015-11-24	18
1999	2015-04-02	29
2000	2015-07-26	33
2005	2016-05-21	111
\.


--
-- Data for Name: products; Type: TABLE DATA; Schema: public; Owner: -
--

COPY products (pcode, pname, pdesc, ptype, price) FROM stdin;
1	pname_29	pdesc_310_310_3	MOVIE	16.65
2	pname_43	pdesc_654_654_654	HOME	9.03
3	pname_3	pdesc_26_26_26_26	HOME	11.68
4	pname_78	pdesc_940_940_9	BOOK	7.15
5	pname_948_	pdesc_351_351_351_35	MUSIC	4.92
6	pname_7	pdesc_139_139_139_13	HOME	6.24
7	pname_134_	pdesc_51_51_51_51_	MOVIE	16.13
8	pname_89	pdesc_700_700_700	MUSIC	9.74
9	pname_749	pdesc_283_283_28	HOME	18.45
10	pname_644	pdesc_173_173_17	MOVIE	11.66
11	pname_6	pdesc_998_998_998_9	MUSIC	9.85
12	pname_5	pdesc_629_629_629_62	MUSIC	8.96
13	pname_47	pdesc_751_751_751_	MUSIC	12.94
14	pname_719	pdesc_878_878_878	HOME	7.82
15	pname_35	pdesc_848_848_848	BOOK	5.18
16	pname_91	pdesc_127_127_127_	BOOK	10.75
17	pname_339	pdesc_419_419_41	HOME	15.11
18	pname_184_	pdesc_407_407_407_40	MUSIC	12.98
19	pname_639_	pdesc_408_408_408	MOVIE	14.34
20	pname_9	pdesc_628_628_628	MUSIC	9.14
21	pname_2	pdesc_731_731_731_73	MUSIC	10.59
22	pname_473_	pdesc_394_394_394_3	MUSIC	12.58
23	pname_5	pdesc_397_397_39	HOME	11.82
24	pname_928_	pdesc_312_312_3	MOVIE	6.17
25	pname_366_	pdesc_269_269_269_	HOME	10.89
26	pname_154_	pdesc_615_615_615_	BOOK	10.74
27	pname_9	pdesc_517_517_517_51	HOME	13.88
28	pname_167	pdesc_650_650_650	MUSIC	12.34
29	pname_1	pdesc_269_269_269_	MUSIC	15.38
30	pname_9	pdesc_231_231_231_	BOOK	3.43
31	pname_31	pdesc_380_380_380	BOOK	8.74
32	pname_8	pdesc_602_602_602_6	MUSIC	12.29
33	pname_1	pdesc_264_264_2	MUSIC	12.47
34	pname_954_	pdesc_558_558_558_5	MOVIE	8.49
35	pname_214	pdesc_590_590_5	MUSIC	6.35
36	pname_40	pdesc_732_732_732	BOOK	15.69
37	pname_88	pdesc_535_535_535_	BOOK	6.48
38	pname_918_	pdesc_836_836_8	BOOK	12.80
39	pname_341	pdesc_675_675_675_	MOVIE	10.82
40	pname_648	pdesc_259_259_25	HOME	12.44
41	pname_927	pdesc_969_969_96	MOVIE	12.23
42	pname_7	pdesc_64_64_64_64	MOVIE	12.49
43	pname_143	pdesc_729_729_729_	MOVIE	2.73
44	pname_34	pdesc_484_484_4	MUSIC	9.67
45	pname_651_	pdesc_73_73_73_73_	MUSIC	9.93
46	pname_72	pdesc_541_541_541_54	MOVIE	11.61
47	pname_72	pdesc_491_491_491_49	MUSIC	7.89
48	pname_8	pdesc_675_675_675_	HOME	9.30
49	pname_4	pdesc_311_311_311_	MUSIC	8.26
50	pname_194_	pdesc_672_672_6	BOOK	13.35
51	pname_9	pdesc_137_137_137_13	HOME	7.51
52	pname_913	pdesc_589_589_58	HOME	8.94
53	pname_79	pdesc_192_192_192	HOME	9.25
54	pname_44	pdesc_592_592_5	MOVIE	12.79
55	pname_9	pdesc_85_85_85_85_8	BOOK	10.01
56	pname_51_	pdesc_845_845_845_84	HOME	6.91
57	pname_3	pdesc_74_74_74_7	MUSIC	12.19
58	pname_31	pdesc_807_807_807_	HOME	11.77
59	pname_245_	pdesc_985_985_985_98	BOOK	10.61
60	pname_493_	pdesc_480_480_4	MOVIE	11.11
61	pname_4	pdesc_383_383_383_38	MUSIC	6.90
62	pname_7	pdesc_320_320_320	MUSIC	9.47
63	pname_681_	pdesc_636_636_636_6	BOOK	9.58
64	pname_4	pdesc_3_3_3_3_3_3_3_	MOVIE	10.02
65	pname_6	pdesc_750_750_7	MOVIE	7.03
66	pname_18	pdesc_50_50_50_50_50	MOVIE	12.70
67	pname_4	pdesc_253_253_25	BOOK	5.32
68	pname_2	pdesc_532_532_5	HOME	14.31
69	pname_11	pdesc_411_411_41	MUSIC	8.10
70	pname_564_	pdesc_239_239_239_	HOME	12.70
71	pname_944_	pdesc_923_923_923_92	MOVIE	6.35
72	pname_8	pdesc_28_28_28_28_2	MUSIC	8.60
73	pname_3	pdesc_162_162_162	BOOK	8.64
74	pname_23_2	pdesc_938_938_938_9	HOME	6.76
75	pname_341	pdesc_349_349_349_	HOME	15.74
76	pname_1	pdesc_226_226_226_2	MOVIE	6.10
77	pname_765	pdesc_541_541_541_54	MUSIC	6.62
78	pname_904_	pdesc_763_763_763_76	MOVIE	4.59
79	pname_928_	pdesc_677_677_677_	MOVIE	13.37
80	pname_822	pdesc_113_113_11	BOOK	4.44
81	pname_62	pdesc_135_135_135_13	HOME	5.35
82	pname_12_	pdesc_962_962_962_9	HOME	3.52
83	pname_392_	pdesc_218_218_218	MOVIE	13.40
84	pname_27	pdesc_738_738_738	HOME	8.83
85	pname_160_	pdesc_531_531_531_	MOVIE	9.94
86	pname_249_	pdesc_252_252_252_2	HOME	16.30
87	pname_640	pdesc_735_735_735_73	MUSIC	11.53
88	pname_79	pdesc_975_975_975_	HOME	11.58
89	pname_630	pdesc_28_28_28_28_2	MUSIC	11.66
90	pname_9	pdesc_305_305_30	BOOK	11.56
91	pname_214	pdesc_557_557_55	BOOK	10.00
92	pname_258	pdesc_93_93_93_9	HOME	12.45
93	pname_170_	pdesc_47_47_47_47_4	HOME	9.37
94	pname_5	pdesc_906_906_906_9	MUSIC	13.88
95	pname_56	pdesc_656_656_656	MUSIC	11.57
96	pname_1	pdesc_470_470_470_4	BOOK	11.92
97	pname_938_	pdesc_15_15_15_15_15	MOVIE	12.11
98	pname_80	pdesc_9_9_9_9_9_9_9_	HOME	7.44
99	pname_8	pdesc_933_933_93	BOOK	10.16
100	pname_180_	pdesc_561_561_561_	HOME	11.87
101	pname_779	pdesc_299_299_299_	BOOK	10.08
102	pname_417_	pdesc_654_654_654	HOME	10.09
103	pname_279_	pdesc_5_5_5_5_5_	MUSIC	13.59
104	pname_31	pdesc_968_968_968_9	MOVIE	8.85
105	pname_600	pdesc_905_905_90	HOME	8.20
106	pname_568_	pdesc_208_208_2	MOVIE	7.91
107	pname_290	pdesc_856_856_856_8	MOVIE	14.44
108	pname_302_	pdesc_174_174_174_1	MUSIC	9.42
109	pname_2	pdesc_433_433_433_43	HOME	6.59
110	pname_472	pdesc_788_788_7	BOOK	10.30
111	pname_359	pdesc_983_983_983_98	MUSIC	10.76
112	pname_1	pdesc_883_883_88	BOOK	9.46
113	pname_18	pdesc_321_321_321_32	HOME	5.98
114	pname_7	pdesc_242_242_242	MUSIC	11.78
115	pname_739	pdesc_638_638_638_6	MOVIE	10.53
116	pname_600	pdesc_769_769_769_76	HOME	11.11
117	pname_36	pdesc_807_807_807_	BOOK	7.09
118	pname_983	pdesc_420_420_4	HOME	2.79
119	pname_88	pdesc_339_339_33	BOOK	7.81
120	pname_5	pdesc_413_413_41	BOOK	7.22
121	pname_510_	pdesc_880_880_880_8	BOOK	16.04
122	pname_937	pdesc_668_668_668_6	BOOK	8.10
123	pname_79	pdesc_304_304_304_3	HOME	13.63
124	pname_997	pdesc_333_333_33	HOME	13.45
125	pname_86	pdesc_164_164_164	MUSIC	10.38
126	pname_355	pdesc_118_118_118_1	HOME	8.99
127	pname_108_	pdesc_156_156_1	BOOK	9.60
128	pname_57	pdesc_421_421_421_	MOVIE	9.64
129	pname_967	pdesc_777_777_77	HOME	8.99
130	pname_32	pdesc_42_42_42_42	HOME	13.21
131	pname_920_	pdesc_771_771_77	BOOK	10.81
132	pname_301	pdesc_466_466_466	MOVIE	10.26
133	pname_97	pdesc_74_74_74_7	HOME	7.42
134	pname_679_	pdesc_863_863_863_	HOME	9.95
135	pname_48	pdesc_839_839_839_	HOME	15.68
136	pname_543	pdesc_990_990_990_9	BOOK	9.16
137	pname_487_	pdesc_766_766_766	BOOK	9.78
138	pname_504_	pdesc_924_924_924	HOME	11.03
139	pname_49	pdesc_833_833_833_	MOVIE	12.79
140	pname_5	pdesc_941_941_941_	BOOK	9.98
141	pname_681_	pdesc_992_992_992_9	MUSIC	5.19
142	pname_38	pdesc_861_861_861_	MUSIC	17.67
143	pname_228	pdesc_450_450_4	HOME	11.41
144	pname_117	pdesc_850_850_850_8	BOOK	3.80
145	pname_467_	pdesc_803_803_803_	MOVIE	9.48
146	pname_7	pdesc_973_973_973_	MOVIE	9.55
147	pname_40	pdesc_843_843_843_84	MUSIC	5.80
148	pname_5	pdesc_711_711_71	MUSIC	12.45
149	pname_104_	pdesc_399_399_39	MOVIE	12.66
150	pname_41	pdesc_402_402_402	HOME	3.55
151	pname_36	pdesc_744_744_744_7	MUSIC	7.91
152	pname_6	pdesc_744_744_744_7	BOOK	14.45
153	pname_44	pdesc_823_823_82	MUSIC	10.47
154	pname_759	pdesc_182_182_1	MUSIC	9.23
155	pname_260	pdesc_996_996_996_9	HOME	11.37
156	pname_6	pdesc_203_203_203_	MUSIC	8.64
157	pname_280	pdesc_427_427_427_	MOVIE	8.40
158	pname_345	pdesc_283_283_28	BOOK	2.76
159	pname_44	pdesc_946_946_9	HOME	5.75
160	pname_36	pdesc_536_536_5	HOME	10.81
161	pname_856	pdesc_374_374_3	HOME	16.04
162	pname_221_	pdesc_518_518_518	HOME	14.02
163	pname_369	pdesc_645_645_645_	BOOK	9.49
164	pname_423_	pdesc_300_300_300_3	HOME	4.16
165	pname_170_	pdesc_548_548_548	BOOK	10.96
166	pname_8	pdesc_553_553_55	BOOK	10.70
167	pname_538_	pdesc_79_79_79_79_	MOVIE	12.84
168	pname_3	pdesc_839_839_839_	BOOK	6.38
169	pname_1	pdesc_246_246_246	BOOK	4.69
170	pname_36	pdesc_803_803_803_	MOVIE	8.37
171	pname_8	pdesc_584_584_584_5	BOOK	8.42
172	pname_497_	pdesc_957_957_957_95	MUSIC	4.96
173	pname_30	pdesc_316_316_3	MUSIC	9.97
174	pname_23_2	pdesc_534_534_5	MOVIE	7.91
175	pname_15	pdesc_975_975_975_	MUSIC	12.08
176	pname_241_	pdesc_891_891_891_	MUSIC	10.92
177	pname_21	pdesc_469_469_469_46	HOME	13.09
178	pname_690	pdesc_451_451_451_	MOVIE	10.91
179	pname_46	pdesc_925_925_925_92	HOME	10.57
180	pname_74	pdesc_969_969_96	MOVIE	6.47
181	pname_92	pdesc_539_539_539_	BOOK	7.18
182	pname_6	pdesc_984_984_984	BOOK	14.34
183	pname_597	pdesc_872_872_872	BOOK	14.51
184	pname_641_	pdesc_675_675_675_	BOOK	15.20
185	pname_974_	pdesc_759_759_759_	BOOK	12.92
186	pname_305	pdesc_467_467_467_46	MUSIC	11.75
187	pname_60	pdesc_338_338_338_3	HOME	10.04
188	pname_2	pdesc_911_911_911_	HOME	15.75
189	pname_103	pdesc_939_939_93	BOOK	8.37
190	pname_3	pdesc_612_612_6	BOOK	17.22
191	pname_85	pdesc_945_945_945_	HOME	17.04
192	pname_54	pdesc_685_685_685_68	BOOK	11.30
193	pname_896	pdesc_986_986_986	HOME	8.81
194	pname_423_	pdesc_706_706_706	MOVIE	8.64
195	pname_32	pdesc_179_179_17	MUSIC	13.30
196	pname_725	pdesc_89_89_89_89	MUSIC	6.09
197	pname_41	pdesc_861_861_861_	MUSIC	11.36
198	pname_92_	pdesc_732_732_732	MOVIE	11.54
199	pname_201_	pdesc_550_550_550_5	MOVIE	12.01
200	pname_49	pdesc_310_310_3	HOME	13.79
201	pname_7	pdesc_898_898_8	MOVIE	8.09
202	pname_6	pdesc_839_839_839_	HOME	6.54
203	pname_766_	pdesc_414_414_414_4	MOVIE	10.75
204	pname_294	pdesc_455_455_455_	MOVIE	8.84
205	pname_600	pdesc_756_756_7	MOVIE	9.98
206	pname_560_	pdesc_86_86_86_86	BOOK	10.99
207	pname_645_	pdesc_434_434_434	HOME	11.92
208	pname_50	pdesc_589_589_58	MUSIC	6.19
209	pname_62	pdesc_330_330_330_3	MUSIC	10.61
210	pname_658	pdesc_541_541_541_54	HOME	11.23
211	pname_9	pdesc_89_89_89_89	MOVIE	10.46
212	pname_118_	pdesc_474_474_474_4	MUSIC	10.89
213	pname_82	pdesc_453_453_453_	MOVIE	11.14
214	pname_903	pdesc_568_568_5	BOOK	11.21
215	pname_806	pdesc_495_495_495_49	MOVIE	8.23
216	pname_3	pdesc_23_23_23_23	MUSIC	11.33
217	pname_375	pdesc_466_466_466	MUSIC	10.48
218	pname_649_	pdesc_127_127_127_	MUSIC	8.54
219	pname_20_2	pdesc_223_223_22	MOVIE	3.34
220	pname_8	pdesc_111_111_11	HOME	8.67
221	pname_1	pdesc_279_279_279_27	BOOK	9.50
222	pname_371	pdesc_360_360_360_3	MOVIE	5.98
223	pname_544_	pdesc_496_496_496	MUSIC	8.46
224	pname_58_	pdesc_60_60_60_60_6	MUSIC	6.18
225	pname_322_	pdesc_580_580_580_5	HOME	10.29
226	pname_473_	pdesc_429_429_429_	HOME	11.18
227	pname_20	pdesc_54_54_54_54_	MOVIE	6.47
228	pname_75	pdesc_978_978_9	MOVIE	6.52
229	pname_11_	pdesc_538_538_5	BOOK	11.77
230	pname_250	pdesc_120_120_1	MOVIE	11.74
231	pname_157	pdesc_435_435_435_43	MUSIC	9.63
232	pname_3	pdesc_481_481_481_	MOVIE	14.34
233	pname_567	pdesc_251_251_25	HOME	16.02
234	pname_7	pdesc_745_745_74	MUSIC	6.77
235	pname_2	pdesc_757_757_757_	MUSIC	15.46
236	pname_153	pdesc_379_379_379_	MOVIE	10.52
237	pname_258	pdesc_396_396_396_3	MOVIE	6.73
238	pname_335	pdesc_454_454_4	MUSIC	10.49
239	pname_5	pdesc_645_645_645_	MUSIC	10.59
240	pname_5	pdesc_922_922_922	HOME	13.01
241	pname_957	pdesc_780_780_7	MOVIE	10.60
242	pname_204	pdesc_979_979_979_	MUSIC	10.54
243	pname_5	pdesc_812_812_812	BOOK	14.03
244	pname_83	pdesc_670_670_6	MOVIE	5.41
245	pname_1	pdesc_470_470_470_4	MUSIC	10.04
246	pname_735	pdesc_59_59_59_59_59	MOVIE	11.01
247	pname_73	pdesc_678_678_6	MOVIE	9.47
248	pname_11	pdesc_487_487_487_	BOOK	7.92
249	pname_231_	pdesc_825_825_82	MOVIE	4.08
250	pname_15	pdesc_859_859_85	HOME	11.63
251	pname_7	pdesc_375_375_375_	MUSIC	6.99
252	pname_483_	pdesc_238_238_2	HOME	9.80
253	pname_57	pdesc_587_587_58	BOOK	6.56
254	pname_97	pdesc_71_71_71_7	HOME	8.58
255	pname_457_	pdesc_104_104_104	HOME	6.47
256	pname_4	pdesc_934_934_934_9	HOME	8.50
257	pname_4	pdesc_679_679_679_	MOVIE	11.88
258	pname_19	pdesc_696_696_696_6	MUSIC	12.25
259	pname_25	pdesc_814_814_814	HOME	15.66
260	pname_8	pdesc_958_958_958	HOME	12.00
261	pname_56	pdesc_650_650_650	MOVIE	4.15
262	pname_3	pdesc_582_582_582_5	MUSIC	10.45
263	pname_564_	pdesc_926_926_926	MOVIE	15.98
264	pname_57	pdesc_666_666_666_6	MOVIE	9.03
265	pname_74	pdesc_332_332_332_3	HOME	10.41
266	pname_601_	pdesc_372_372_3	MUSIC	10.47
267	pname_118_	pdesc_354_354_354	BOOK	7.40
268	pname_5	pdesc_752_752_7	MOVIE	11.00
269	pname_10	pdesc_488_488_4	MOVIE	10.92
270	pname_75	pdesc_74_74_74_7	MUSIC	9.07
271	pname_71	pdesc_17_17_17_1	HOME	6.27
272	pname_24_2	pdesc_705_705_705_70	MUSIC	6.28
273	pname_376_	pdesc_894_894_8	MUSIC	10.18
274	pname_285_	pdesc_318_318_3	BOOK	10.42
275	pname_164_	pdesc_399_399_39	MOVIE	9.32
276	pname_822	pdesc_915_915_915_	MUSIC	5.50
277	pname_742_	pdesc_80_80_80_80	HOME	8.53
278	pname_31	pdesc_914_914_9	BOOK	14.55
279	pname_316_	pdesc_184_184_1	MOVIE	10.15
280	pname_234	pdesc_945_945_945_	BOOK	9.96
281	pname_843_	pdesc_990_990_990_9	MOVIE	4.14
282	pname_9	pdesc_258_258_258_2	MUSIC	11.92
283	pname_944_	pdesc_14_14_14_1	MUSIC	9.94
284	pname_250	pdesc_66_66_66_66_6	BOOK	8.50
285	pname_120_	pdesc_821_821_82	HOME	9.65
286	pname_795	pdesc_414_414_414_4	MUSIC	9.99
287	pname_30	pdesc_900_900_900_9	MOVIE	9.21
288	pname_77	pdesc_544_544_544	MUSIC	12.06
289	pname_15	pdesc_465_465_465_46	HOME	10.13
290	pname_872	pdesc_587_587_58	MOVIE	8.29
291	pname_524_	pdesc_958_958_958	BOOK	5.62
292	pname_89	pdesc_812_812_812	BOOK	9.57
293	pname_781	pdesc_273_273_273_27	BOOK	9.56
294	pname_590_	pdesc_125_125_125_	MOVIE	11.22
295	pname_123	pdesc_680_680_680	BOOK	10.38
296	pname_887_	pdesc_588_588_588_5	MUSIC	3.39
297	pname_30	pdesc_960_960_960_9	BOOK	9.70
298	pname_48	pdesc_971_971_971_	HOME	10.90
299	pname_187	pdesc_83_83_83_83	MOVIE	10.86
300	pname_138_	pdesc_32_32_32_32_	HOME	9.96
301	pname_9	pdesc_597_597_597_	HOME	10.70
302	pname_28	pdesc_430_430_430	MOVIE	8.78
303	pname_14	pdesc_436_436_436	MUSIC	10.21
304	pname_299_	pdesc_601_601_60	HOME	9.95
305	pname_948_	pdesc_585_585_58	MOVIE	7.44
306	pname_376_	pdesc_411_411_41	HOME	7.85
307	pname_6	pdesc_173_173_17	MUSIC	7.49
308	pname_345	pdesc_527_527_52	HOME	11.18
309	pname_883_	pdesc_852_852_852_8	BOOK	8.15
310	pname_91	pdesc_181_181_181_	BOOK	12.01
311	pname_993	pdesc_291_291_291_	MOVIE	6.65
312	pname_271_	pdesc_413_413_41	MUSIC	8.80
313	pname_1	pdesc_276_276_276	MUSIC	6.83
314	pname_56_	pdesc_781_781_781_	MOVIE	10.72
315	pname_40	pdesc_105_105_105_10	MUSIC	10.61
316	pname_95_	pdesc_197_197_197_19	BOOK	5.83
317	pname_3	pdesc_690_690_690_6	MOVIE	6.50
318	pname_29	pdesc_314_314_3	HOME	8.88
319	pname_50	pdesc_534_534_5	MOVIE	5.95
320	pname_70	pdesc_753_753_753_	MOVIE	7.17
321	pname_877_	pdesc_165_165_165_16	BOOK	8.39
322	pname_2	pdesc_660_660_660_6	BOOK	10.95
323	pname_65	pdesc_681_681_681_68	BOOK	8.70
324	pname_62	pdesc_864_864_8	MOVIE	9.70
325	pname_83	pdesc_562_562_5	MOVIE	11.97
326	pname_7	pdesc_311_311_311_	BOOK	11.49
327	pname_974_	pdesc_128_128_1	HOME	12.30
328	pname_49	pdesc_833_833_833_	MOVIE	12.53
329	pname_72	pdesc_786_786_7	MOVIE	13.40
330	pname_5	pdesc_479_479_47	HOME	10.42
331	pname_9	pdesc_481_481_481_	HOME	9.12
332	pname_269_	pdesc_636_636_636_6	BOOK	11.45
333	pname_84	pdesc_584_584_584_5	MOVIE	5.02
334	pname_170_	pdesc_213_213_213_21	MUSIC	4.01
335	pname_5	pdesc_732_732_732	MUSIC	9.69
336	pname_160_	pdesc_636_636_636_6	MOVIE	8.94
337	pname_7	pdesc_38_38_38_38_	HOME	7.93
338	pname_9	pdesc_623_623_623_62	MOVIE	15.78
339	pname_467_	pdesc_436_436_436	MUSIC	10.68
340	pname_866	pdesc_88_88_88_88_8	MUSIC	12.04
341	pname_81	pdesc_115_115_11	BOOK	7.70
342	pname_53	pdesc_126_126_1	BOOK	14.36
343	pname_365	pdesc_235_235_235_	MOVIE	18.63
344	pname_443_	pdesc_654_654_654	MOVIE	9.66
345	pname_60	pdesc_589_589_58	MUSIC	14.18
346	pname_513	pdesc_688_688_688	HOME	7.16
347	pname_291_	pdesc_774_774_774_7	MUSIC	11.54
348	pname_928_	pdesc_68_68_68_	BOOK	6.76
349	pname_765	pdesc_116_116_116_1	BOOK	10.62
350	pname_2	pdesc_986_986_986	HOME	7.65
351	pname_95	pdesc_819_819_819_81	MOVIE	7.43
352	pname_322_	pdesc_763_763_763_76	MOVIE	13.35
353	pname_20_2	pdesc_955_955_955_95	MOVIE	12.49
354	pname_16	pdesc_692_692_692_6	MOVIE	10.00
355	pname_385	pdesc_597_597_597_	MOVIE	5.53
356	pname_732_	pdesc_12_12_12_12_12	BOOK	13.48
357	pname_640	pdesc_295_295_295_	BOOK	7.51
358	pname_7	pdesc_997_997_99	MUSIC	14.59
359	pname_3	pdesc_874_874_874	MOVIE	3.35
360	pname_775	pdesc_719_719_71	MUSIC	9.97
361	pname_2	pdesc_51_51_51_51_	MOVIE	6.30
362	pname_52_	pdesc_282_282_282_2	MUSIC	10.92
363	pname_8	pdesc_341_341_341_	BOOK	13.11
364	pname_6	pdesc_112_112_112_1	MOVIE	15.55
365	pname_298	pdesc_321_321_321_32	MOVIE	9.09
366	pname_336_	pdesc_522_522_522_5	MUSIC	9.38
367	pname_10	pdesc_11_11_11_1	MUSIC	9.45
368	pname_55	pdesc_53_53_53_53_53	MUSIC	13.25
369	pname_43	pdesc_492_492_492	MUSIC	10.46
370	pname_5	pdesc_559_559_55	HOME	9.83
371	pname_5	pdesc_516_516_516	MOVIE	13.38
372	pname_457_	pdesc_143_143_14	BOOK	9.39
373	pname_63_6	pdesc_136_136_136	MOVIE	17.67
374	pname_856	pdesc_738_738_738	HOME	11.14
375	pname_128_	pdesc_54_54_54_54_	HOME	12.59
376	pname_22	pdesc_144_144_144_1	MOVIE	8.62
377	pname_3	pdesc_863_863_863_	BOOK	11.36
378	pname_28_2	pdesc_640_640_6	MOVIE	3.95
379	pname_188_	pdesc_369_369_36	BOOK	13.31
380	pname_32	pdesc_706_706_706	MUSIC	8.05
381	pname_8	pdesc_82_82_82_82_8	HOME	10.02
382	pname_7	pdesc_471_471_47	HOME	5.04
383	pname_57	pdesc_288_288_288_2	MOVIE	10.00
384	pname_872	pdesc_733_733_733_73	MUSIC	9.78
385	pname_63	pdesc_480_480_4	MOVIE	15.46
386	pname_73	pdesc_967_967_96	MOVIE	8.01
387	pname_583	pdesc_929_929_929_92	MOVIE	9.63
388	pname_564_	pdesc_335_335_33	MUSIC	7.03
389	pname_208	pdesc_525_525_52	HOME	7.91
390	pname_2	pdesc_23_23_23_23	HOME	5.34
391	pname_4	pdesc_140_140_140_1	MUSIC	9.03
392	pname_650	pdesc_253_253_25	BOOK	13.88
393	pname_4	pdesc_70_70_70_70_	HOME	12.02
394	pname_201_	pdesc_356_356_356	HOME	4.62
395	pname_699_	pdesc_45_45_45_45	HOME	15.07
396	pname_3	pdesc_55_55_55_5	MOVIE	9.89
397	pname_670	pdesc_841_841_841_84	BOOK	8.32
398	pname_7	pdesc_251_251_25	HOME	15.30
399	pname_1	pdesc_846_846_846	BOOK	10.35
400	pname_88	pdesc_126_126_1	MOVIE	14.86
401	pname_639_	pdesc_686_686_686	MOVIE	6.74
402	pname_60	pdesc_677_677_677_	MOVIE	12.52
403	pname_7	pdesc_128_128_1	HOME	13.61
404	pname_10	pdesc_501_501_501_	MOVIE	9.58
405	pname_927	pdesc_181_181_181_	MOVIE	10.09
406	pname_944_	pdesc_549_549_549_54	MUSIC	9.24
407	pname_74	pdesc_477_477_47	BOOK	9.53
408	pname_88	pdesc_686_686_686	MUSIC	9.34
409	pname_21_2	pdesc_231_231_231_	MUSIC	2.56
410	pname_544_	pdesc_525_525_52	BOOK	12.44
411	pname_42	pdesc_755_755_755_	MUSIC	9.81
412	pname_77	pdesc_809_809_809_	MOVIE	11.10
413	pname_234	pdesc_259_259_25	BOOK	12.88
414	pname_194_	pdesc_762_762_762	MOVIE	9.51
415	pname_644	pdesc_402_402_402	HOME	10.76
416	pname_55	pdesc_347_347_347_	MUSIC	8.64
417	pname_920_	pdesc_857_857_85	MUSIC	7.93
418	pname_609_	pdesc_975_975_975_	MUSIC	9.97
419	pname_611_	pdesc_156_156_1	HOME	13.84
420	pname_897_	pdesc_185_185_185_	HOME	10.43
421	pname_791	pdesc_261_261_261_	MUSIC	13.87
422	pname_964_	pdesc_228_228_228_2	BOOK	15.44
423	pname_299_	pdesc_503_503_503_	MUSIC	6.84
424	pname_7	pdesc_374_374_3	MOVIE	14.13
425	pname_4	pdesc_477_477_47	MUSIC	13.74
426	pname_94	pdesc_940_940_9	MUSIC	11.00
427	pname_53_	pdesc_608_608_608_6	HOME	7.75
428	pname_25	pdesc_630_630_630_6	MUSIC	10.92
429	pname_40	pdesc_855_855_85	MUSIC	5.61
430	pname_493_	pdesc_59_59_59_59_59	BOOK	1.17
431	pname_1	pdesc_389_389_389_38	MOVIE	12.52
432	pname_940_	pdesc_434_434_434	MUSIC	15.95
433	pname_3	pdesc_888_888_888_8	HOME	9.26
434	pname_79	pdesc_436_436_436	HOME	8.93
435	pname_72	pdesc_926_926_926	MOVIE	8.04
436	pname_597	pdesc_395_395_39	BOOK	9.58
437	pname_486	pdesc_11_11_11_1	MOVIE	6.23
438	pname_601_	pdesc_872_872_872	MUSIC	3.99
439	pname_629_	pdesc_677_677_677_	MUSIC	8.20
440	pname_924_	pdesc_108_108_108	HOME	14.93
441	pname_89	pdesc_383_383_383_38	MOVIE	6.17
442	pname_64	pdesc_114_114_114_1	HOME	15.13
443	pname_558_	pdesc_711_711_71	MOVIE	7.46
444	pname_40	pdesc_245_245_245_24	HOME	12.76
445	pname_264	pdesc_918_918_9	HOME	11.22
446	pname_5	pdesc_723_723_723_	MUSIC	3.37
447	pname_593	pdesc_757_757_757_	BOOK	5.20
448	pname_5	pdesc_766_766_766	BOOK	10.95
449	pname_261_	pdesc_171_171_17	HOME	9.60
450	pname_735	pdesc_85_85_85_85_8	MUSIC	13.89
451	pname_92	pdesc_305_305_30	MOVIE	4.08
452	pname_3	pdesc_666_666_666_6	MOVIE	12.63
453	pname_716_	pdesc_886_886_886_8	BOOK	10.66
454	pname_924_	pdesc_160_160_160	HOME	6.40
455	pname_8	pdesc_139_139_139_13	MUSIC	11.00
456	pname_5	pdesc_575_575_575_57	MOVIE	13.21
457	pname_62	pdesc_523_523_52	MUSIC	12.98
458	pname_486	pdesc_584_584_584_5	HOME	7.77
459	pname_107	pdesc_804_804_8	BOOK	10.71
460	pname_8	pdesc_562_562_5	MUSIC	9.58
461	pname_153	pdesc_840_840_840	HOME	6.99
462	pname_53	pdesc_417_417_41	HOME	2.45
463	pname_567	pdesc_818_818_818	HOME	11.68
464	pname_5	pdesc_831_831_831_	HOME	12.66
465	pname_18	pdesc_342_342_3	HOME	14.17
466	pname_624	pdesc_682_682_682	MUSIC	5.10
467	pname_954_	pdesc_229_229_22	BOOK	14.01
468	pname_97_	pdesc_171_171_17	BOOK	7.17
469	pname_4	pdesc_443_443_44	HOME	12.10
470	pname_193	pdesc_215_215_215_21	MUSIC	9.64
471	pname_305	pdesc_849_849_849_84	MUSIC	2.14
472	pname_807_	pdesc_900_900_900_9	BOOK	8.77
473	pname_51	pdesc_213_213_213_21	HOME	8.62
474	pname_467_	pdesc_245_245_245_24	MOVIE	13.70
475	pname_2	pdesc_625_625_625_62	BOOK	15.69
476	pname_349	pdesc_157_157_157_	MUSIC	12.91
477	pname_6	pdesc_620_620_620	MUSIC	11.63
478	pname_71	pdesc_835_835_835_	HOME	3.40
479	pname_709	pdesc_78_78_78_78_78	BOOK	10.93
480	pname_391	pdesc_905_905_90	HOME	16.24
481	pname_52	pdesc_656_656_656	MUSIC	9.65
482	pname_80	pdesc_754_754_7	MOVIE	7.86
483	pname_42	pdesc_441_441_44	BOOK	5.37
484	pname_2	pdesc_127_127_127_	HOME	5.83
485	pname_3	pdesc_247_247_247_24	BOOK	9.38
486	pname_21	pdesc_86_86_86_86	HOME	12.99
487	pname_93	pdesc_472_472_472_4	MOVIE	4.92
488	pname_803_	pdesc_931_931_93	MUSIC	13.42
489	pname_407_	pdesc_556_556_556_5	MUSIC	11.66
490	pname_30	pdesc_148_148_148_1	BOOK	7.23
491	pname_446	pdesc_788_788_7	BOOK	12.17
492	pname_487_	pdesc_411_411_41	HOME	7.51
493	pname_689_	pdesc_863_863_863_	MUSIC	6.91
494	pname_38	pdesc_795_795_795_79	MUSIC	13.41
495	pname_722_	pdesc_809_809_809_	BOOK	13.57
496	pname_6	pdesc_743_743_74	MUSIC	11.27
497	pname_948_	pdesc_813_813_813_81	BOOK	11.05
498	pname_48	pdesc_410_410_410_4	HOME	8.53
499	pname_716_	pdesc_391_391_39	MUSIC	10.77
500	pname_1	pdesc_42_42_42_42	HOME	11.15
501	pname_395	pdesc_701_701_701_70	MUSIC	7.85
502	pname_705	pdesc_709_709_709_70	HOME	7.45
503	pname_260	pdesc_118_118_118_1	HOME	9.23
504	pname_9	pdesc_887_887_88	MOVIE	7.74
505	pname_463_	pdesc_498_498_498	HOME	11.51
506	pname_81	pdesc_915_915_915_	MOVIE	16.32
507	pname_716_	pdesc_146_146_146_1	BOOK	6.05
508	pname_904_	pdesc_870_870_870	MOVIE	9.51
509	pname_3	pdesc_593_593_593_	MOVIE	4.99
510	pname_103	pdesc_633_633_63	MUSIC	6.24
511	pname_31	pdesc_67_67_67_67	MOVIE	11.20
512	pname_578_	pdesc_654_654_654	MUSIC	10.67
513	pname_1	pdesc_814_814_814	MOVIE	2.39
514	pname_403_	pdesc_170_170_170_1	HOME	10.76
515	pname_5	pdesc_227_227_22	MUSIC	13.34
516	pname_594_	pdesc_290_290_2	MOVIE	10.84
517	pname_8	pdesc_210_210_210	HOME	9.32
518	pname_4	pdesc_383_383_383_38	HOME	7.31
519	pname_52	pdesc_219_219_219_21	MUSIC	12.00
520	pname_5	pdesc_220_220_220_2	HOME	10.66
521	pname_7	pdesc_411_411_41	BOOK	8.41
522	pname_55	pdesc_561_561_561_	HOME	14.95
523	pname_567	pdesc_876_876_876	HOME	6.40
524	pname_114_	pdesc_604_604_604_6	MOVIE	5.54
525	pname_18_	pdesc_192_192_192	BOOK	9.82
526	pname_6	pdesc_316_316_3	MOVIE	12.15
527	pname_355	pdesc_625_625_625_62	BOOK	8.37
528	pname_372_	pdesc_91_91_91_91_91	MOVIE	1.95
529	pname_9	pdesc_961_961_96	MOVIE	8.11
530	pname_65_6	pdesc_127_127_127_	HOME	11.69
531	pname_514_	pdesc_293_293_293_	HOME	8.32
532	pname_973	pdesc_231_231_231_	MUSIC	10.83
533	pname_457_	pdesc_238_238_2	MOVIE	8.46
534	pname_8	pdesc_252_252_252_2	MUSIC	10.99
535	pname_60	pdesc_25_25_25_25_2	MUSIC	11.78
536	pname_7	pdesc_545_545_545_54	MUSIC	6.27
537	pname_218	pdesc_258_258_258_2	BOOK	6.45
538	pname_138_	pdesc_267_267_267_	BOOK	11.52
539	pname_5	pdesc_850_850_850_8	BOOK	16.41
540	pname_60_6	pdesc_599_599_599_	MUSIC	9.22
541	pname_342_	pdesc_828_828_828_8	HOME	8.33
542	pname_537	pdesc_191_191_191_19	MOVIE	5.57
543	pname_59	pdesc_776_776_776_7	MUSIC	3.98
544	pname_883_	pdesc_852_852_852_8	MOVIE	4.05
545	pname_6	pdesc_790_790_790	BOOK	10.20
546	pname_823_	pdesc_933_933_93	MOVIE	9.54
547	pname_923	pdesc_605_605_60	MUSIC	11.62
548	pname_97_	pdesc_947_947_947_	HOME	11.72
549	pname_5	pdesc_781_781_781_	HOME	10.34
550	pname_500_	pdesc_613_613_613_	BOOK	6.49
551	pname_6	pdesc_532_532_5	HOME	14.89
552	pname_2	pdesc_635_635_63	HOME	12.16
553	pname_795	pdesc_44_44_44_44_4	MOVIE	13.01
554	pname_92	pdesc_274_274_274	MOVIE	6.17
555	pname_726_	pdesc_746_746_746_7	BOOK	12.88
556	pname_843_	pdesc_430_430_430	BOOK	12.68
557	pname_669_	pdesc_216_216_216	MUSIC	2.75
558	pname_28	pdesc_490_490_490	MOVIE	10.20
559	pname_29_2	pdesc_114_114_114_1	MUSIC	4.42
560	pname_621_	pdesc_928_928_928	MUSIC	13.38
561	pname_1	pdesc_364_364_364_3	MOVIE	4.76
562	pname_41	pdesc_661_661_66	HOME	2.90
563	pname_781	pdesc_271_271_271_27	HOME	13.35
564	pname_601_	pdesc_771_771_77	MOVIE	8.28
565	pname_316_	pdesc_996_996_996_9	MOVIE	10.80
566	pname_40	pdesc_603_603_60	MOVIE	10.48
567	pname_584_	pdesc_508_508_5	MOVIE	6.95
568	pname_2	pdesc_428_428_4	HOME	11.26
569	pname_60_6	pdesc_152_152_1	BOOK	5.93
570	pname_108_	pdesc_501_501_501_	MUSIC	14.66
571	pname_79	pdesc_839_839_839_	HOME	13.30
572	pname_3	pdesc_324_324_324	MOVIE	4.74
573	pname_61_6	pdesc_58_58_58_5	MUSIC	6.36
574	pname_527	pdesc_451_451_451_	MUSIC	12.03
575	pname_335	pdesc_234_234_2	BOOK	9.83
576	pname_143	pdesc_529_529_52	BOOK	9.53
577	pname_73	pdesc_444_444_444_4	MUSIC	4.71
578	pname_51	pdesc_763_763_763_76	HOME	8.78
579	pname_71	pdesc_418_418_418_4	MUSIC	18.42
580	pname_483_	pdesc_140_140_140_1	MUSIC	9.37
581	pname_997	pdesc_897_897_897_	MUSIC	11.46
582	pname_7	pdesc_535_535_535_	MOVIE	13.63
583	pname_39	pdesc_421_421_421_	HOME	11.84
584	pname_980_	pdesc_37_37_37_37_37	BOOK	6.99
585	pname_376_	pdesc_160_160_160	BOOK	10.35
586	pname_345	pdesc_609_609_60	HOME	8.34
587	pname_9	pdesc_630_630_630_6	MOVIE	13.54
588	pname_4	pdesc_369_369_36	HOME	12.27
589	pname_33	pdesc_876_876_876	HOME	13.14
590	pname_594_	pdesc_836_836_8	MOVIE	9.38
591	pname_84	pdesc_825_825_82	MUSIC	8.99
592	pname_6	pdesc_23_23_23_23	MOVIE	9.80
593	pname_563	pdesc_782_782_7	BOOK	7.56
594	pname_274	pdesc_874_874_874	BOOK	7.73
595	pname_5	pdesc_629_629_629_62	BOOK	13.61
596	pname_2	pdesc_962_962_962_9	BOOK	11.92
597	pname_53	pdesc_746_746_746_7	MOVIE	7.45
598	pname_837_	pdesc_342_342_3	BOOK	6.66
599	pname_5	pdesc_537_537_537_	MUSIC	9.03
600	pname_228	pdesc_161_161_161_16	HOME	7.20
601	pname_92	pdesc_317_317_317_	BOOK	11.83
602	pname_51_	pdesc_796_796_796	HOME	9.43
603	pname_90	pdesc_38_38_38_38_	MOVIE	12.31
604	pname_9	pdesc_491_491_491_49	MOVIE	7.76
605	pname_83	pdesc_355_355_355_35	MOVIE	9.47
606	pname_5	pdesc_924_924_924	MOVIE	12.24
607	pname_862	pdesc_534_534_5	HOME	16.40
608	pname_7	pdesc_292_292_2	HOME	11.67
609	pname_369	pdesc_121_121_121_	MOVIE	9.12
610	pname_721	pdesc_494_494_494	MOVIE	16.74
611	pname_79	pdesc_791_791_791_79	BOOK	7.76
612	pname_7	pdesc_707_707_707_70	MOVIE	10.56
613	pname_27	pdesc_872_872_872	HOME	8.74
614	pname_466	pdesc_475_475_47	MUSIC	15.36
615	pname_7	pdesc_437_437_437_43	MOVIE	5.43
616	pname_7	pdesc_10_10_10_10_	BOOK	13.19
617	pname_422	pdesc_146_146_146_1	BOOK	9.32
618	pname_96	pdesc_609_609_60	BOOK	9.84
619	pname_12	pdesc_622_622_622	BOOK	10.84
620	pname_668	pdesc_539_539_539_	BOOK	10.57
621	pname_43	pdesc_600_600_600_6	MUSIC	5.74
622	pname_1	pdesc_242_242_242	MOVIE	13.09
623	pname_1	pdesc_245_245_245_24	HOME	4.82
624	pname_71	pdesc_785_785_785_	MUSIC	14.91
625	pname_49	pdesc_509_509_509_	MOVIE	10.65
626	pname_8	pdesc_790_790_790	HOME	8.21
627	pname_40	pdesc_566_566_5	MOVIE	11.87
628	pname_65	pdesc_70_70_70_70_	MUSIC	13.00
629	pname_208	pdesc_754_754_7	MOVIE	12.53
630	pname_6	pdesc_235_235_235_	BOOK	10.60
631	pname_85	pdesc_341_341_341_	MOVIE	14.03
632	pname_271_	pdesc_874_874_874	BOOK	8.92
633	pname_883_	pdesc_237_237_237_	HOME	13.32
634	pname_605_	pdesc_816_816_816	HOME	8.28
635	pname_769	pdesc_305_305_30	HOME	9.74
636	pname_678	pdesc_892_892_8	HOME	7.08
637	pname_345	pdesc_86_86_86_86	MOVIE	5.59
638	pname_722_	pdesc_96_96_96_9	MUSIC	12.41
639	pname_988_	pdesc_858_858_858_8	HOME	11.22
640	pname_154_	pdesc_774_774_774_7	BOOK	10.42
641	pname_745	pdesc_978_978_9	BOOK	10.06
642	pname_98	pdesc_233_233_233_	HOME	6.30
643	pname_241_	pdesc_179_179_17	MUSIC	7.61
644	pname_250	pdesc_553_553_55	MUSIC	13.53
645	pname_94_	pdesc_30_30_30_3	HOME	11.10
646	pname_987	pdesc_185_185_185_	HOME	8.49
647	pname_530_	pdesc_929_929_929_92	MOVIE	12.94
648	pname_127	pdesc_797_797_797_79	HOME	10.55
649	pname_7	pdesc_774_774_774_7	HOME	14.21
650	pname_8	pdesc_407_407_407_40	MOVIE	13.79
651	pname_73	pdesc_773_773_77	HOME	8.53
652	pname_629_	pdesc_667_667_66	BOOK	6.54
653	pname_78	pdesc_150_150_1	MUSIC	7.99
654	pname_49	pdesc_682_682_682	HOME	14.92
655	pname_862	pdesc_429_429_429_	MOVIE	6.52
656	pname_158_	pdesc_933_933_93	MOVIE	9.36
657	pname_659_	pdesc_474_474_474_4	MUSIC	1.67
658	pname_7	pdesc_739_739_739_73	HOME	9.35
659	pname_134_	pdesc_73_73_73_73_	MUSIC	9.69
660	pname_366_	pdesc_507_507_507_	MUSIC	8.77
661	pname_188_	pdesc_672_672_6	MOVIE	8.25
662	pname_90	pdesc_976_976_9	BOOK	10.70
663	pname_732_	pdesc_917_917_917_	HOME	16.77
664	pname_160_	pdesc_1_1_1_1_1_1_	MOVIE	13.65
665	pname_694	pdesc_73_73_73_73_	MOVIE	7.02
666	pname_260	pdesc_377_377_377_	BOOK	11.80
667	pname_482	pdesc_818_818_818	HOME	5.67
668	pname_58	pdesc_773_773_77	MOVIE	8.13
669	pname_477_	pdesc_779_779_77	MUSIC	6.44
670	pname_224	pdesc_604_604_604_6	MUSIC	8.14
671	pname_6	pdesc_709_709_709_70	MUSIC	11.80
672	pname_47	pdesc_194_194_194	MOVIE	10.87
673	pname_5	pdesc_451_451_451_	HOME	10.64
674	pname_9	pdesc_551_551_55	BOOK	9.09
675	pname_6	pdesc_958_958_958	MOVIE	10.98
676	pname_8	pdesc_220_220_220_2	BOOK	17.05
677	pname_75	pdesc_713_713_71	MOVIE	2.60
678	pname_725	pdesc_395_395_39	BOOK	8.83
679	pname_2	pdesc_989_989_989_98	MOVIE	17.38
680	pname_402	pdesc_48_48_48_48	MUSIC	10.89
681	pname_472	pdesc_406_406_406	BOOK	9.43
682	pname_315	pdesc_321_321_321_32	MOVIE	8.15
683	pname_466	pdesc_287_287_28	MUSIC	7.15
684	pname_10	pdesc_113_113_11	MOVIE	8.93
685	pname_361	pdesc_785_785_785_	MOVIE	5.13
686	pname_659_	pdesc_128_128_1	MUSIC	12.12
687	pname_2	pdesc_269_269_269_	MOVIE	16.56
688	pname_249_	pdesc_443_443_44	MUSIC	10.27
689	pname_14	pdesc_52_52_52_5	MUSIC	16.40
690	pname_342_	pdesc_336_336_336_3	MUSIC	12.49
691	pname_913	pdesc_311_311_311_	HOME	11.48
692	pname_6	pdesc_273_273_273_27	BOOK	8.63
693	pname_934_	pdesc_517_517_517_51	MOVIE	11.91
694	pname_235_	pdesc_453_453_453_	MUSIC	8.34
695	pname_456	pdesc_793_793_793_79	HOME	18.10
696	pname_39	pdesc_530_530_5	MOVIE	5.35
697	pname_46	pdesc_514_514_514	MUSIC	14.94
698	pname_417_	pdesc_126_126_1	MUSIC	10.94
699	pname_7	pdesc_592_592_5	MOVIE	10.42
700	pname_75	pdesc_39_39_39_3	MOVIE	6.72
701	pname_96	pdesc_228_228_228_2	MUSIC	9.16
702	pname_6	pdesc_386_386_386	HOME	6.47
703	pname_8	pdesc_448_448_448_4	HOME	18.27
704	pname_241_	pdesc_96_96_96_9	BOOK	11.61
705	pname_98_	pdesc_80_80_80_80	HOME	8.53
706	pname_7	pdesc_240_240_240	MUSIC	8.27
707	pname_37	pdesc_236_236_2	HOME	13.75
708	pname_99	pdesc_300_300_300_3	MUSIC	10.80
709	pname_3	pdesc_562_562_5	BOOK	7.89
710	pname_140_	pdesc_498_498_498	HOME	10.73
711	pname_537	pdesc_348_348_3	BOOK	10.75
712	pname_701	pdesc_683_683_683_68	MOVIE	6.62
713	pname_114_	pdesc_430_430_430	HOME	9.24
714	pname_3	pdesc_755_755_755_	MUSIC	13.38
715	pname_564_	pdesc_624_624_624	HOME	10.19
716	pname_26	pdesc_516_516_516	MUSIC	10.42
717	pname_661_	pdesc_331_331_33	MOVIE	16.25
718	pname_5	pdesc_757_757_757_	MUSIC	9.56
719	pname_147	pdesc_719_719_71	BOOK	11.21
720	pname_99_	pdesc_206_206_2	MUSIC	10.93
721	pname_742_	pdesc_263_263_263_	BOOK	13.07
722	pname_866	pdesc_592_592_5	HOME	5.19
723	pname_3	pdesc_299_299_299_	BOOK	3.44
724	pname_990_	pdesc_675_675_675_	MOVIE	10.60
725	pname_4	pdesc_358_358_358	MUSIC	6.27
726	pname_26	pdesc_312_312_3	MOVIE	11.28
727	pname_827_	pdesc_624_624_624	BOOK	10.81
728	pname_73	pdesc_726_726_7	MOVIE	10.82
729	pname_80	pdesc_502_502_5	MOVIE	13.96
730	pname_6	pdesc_62_62_62_	BOOK	8.61
731	pname_970_	pdesc_954_954_954	BOOK	16.39
732	pname_137	pdesc_386_386_386	MOVIE	9.55
733	pname_671_	pdesc_817_817_817_81	MUSIC	14.35
734	pname_40	pdesc_502_502_5	MOVIE	9.97
735	pname_2	pdesc_223_223_22	MUSIC	14.84
736	pname_1	pdesc_271_271_271_27	MUSIC	11.46
737	pname_7	pdesc_92_92_92_92_	BOOK	11.56
738	pname_306_	pdesc_145_145_14	BOOK	2.65
739	pname_221_	pdesc_28_28_28_28_2	HOME	4.93
740	pname_641_	pdesc_468_468_468	HOME	14.63
741	pname_306_	pdesc_340_340_3	MOVIE	6.97
742	pname_910_	pdesc_542_542_542	MUSIC	7.38
743	pname_47	pdesc_181_181_181_	BOOK	8.00
744	pname_927	pdesc_882_882_882_8	HOME	13.32
745	pname_80	pdesc_202_202_2	MOVIE	3.19
746	pname_147	pdesc_374_374_3	HOME	6.70
747	pname_564_	pdesc_184_184_1	BOOK	9.05
748	pname_699_	pdesc_613_613_613_	BOOK	7.20
749	pname_4	pdesc_710_710_710_7	BOOK	7.47
750	pname_10	pdesc_597_597_597_	BOOK	5.97
751	pname_5	pdesc_710_710_710_7	BOOK	11.43
752	pname_331	pdesc_437_437_437_43	MOVIE	9.46
753	pname_75	pdesc_851_851_85	HOME	14.46
754	pname_20	pdesc_252_252_252_2	MUSIC	3.86
755	pname_517	pdesc_11_11_11_1	MOVIE	6.85
756	pname_42	pdesc_855_855_85	HOME	9.24
757	pname_670	pdesc_45_45_45_45	MUSIC	10.21
758	pname_5	pdesc_969_969_96	BOOK	5.93
759	pname_17_	pdesc_339_339_33	MUSIC	11.32
760	pname_645_	pdesc_119_119_11	BOOK	9.36
761	pname_674	pdesc_289_289_28	MUSIC	7.49
762	pname_23_2	pdesc_381_381_381_38	MOVIE	16.21
763	pname_823_	pdesc_685_685_685_68	MOVIE	4.06
764	pname_842	pdesc_760_760_760	MOVIE	11.54
765	pname_446	pdesc_265_265_265_	BOOK	11.38
766	pname_964_	pdesc_64_64_64_64	BOOK	13.59
767	pname_609_	pdesc_287_287_28	HOME	12.57
768	pname_4	pdesc_190_190_190	MUSIC	13.77
769	pname_133	pdesc_498_498_498	MUSIC	11.79
770	pname_40	pdesc_589_589_58	HOME	11.49
771	pname_64	pdesc_232_232_2	HOME	9.84
772	pname_496	pdesc_592_592_5	MUSIC	14.08
773	pname_786_	pdesc_359_359_359_35	BOOK	11.07
774	pname_32	pdesc_715_715_71	MUSIC	10.15
775	pname_628	pdesc_27_27_27_	BOOK	12.46
776	pname_76	pdesc_377_377_377_	HOME	14.56
777	pname_81	pdesc_159_159_159_	BOOK	7.74
778	pname_6	pdesc_494_494_494	BOOK	13.01
779	pname_953	pdesc_643_643_643_	MOVIE	5.78
780	pname_631_	pdesc_612_612_6	BOOK	11.31
781	pname_91	pdesc_386_386_386	BOOK	6.46
782	pname_567	pdesc_224_224_224_2	BOOK	10.17
783	pname_2	pdesc_667_667_66	MUSIC	13.67
784	pname_403_	pdesc_168_168_168	MOVIE	10.87
785	pname_789	pdesc_727_727_727_	MUSIC	12.59
786	pname_278	pdesc_899_899_899_	MUSIC	15.67
787	pname_84	pdesc_704_704_704	MUSIC	3.29
788	pname_42	pdesc_943_943_943_	MOVIE	6.91
789	pname_452	pdesc_613_613_613_	MUSIC	10.19
790	pname_755	pdesc_200_200_2	MOVIE	9.93
791	pname_291_	pdesc_176_176_176_1	BOOK	12.37
792	pname_964_	pdesc_150_150_1	HOME	8.90
793	pname_98_	pdesc_504_504_5	MOVIE	9.12
794	pname_34	pdesc_847_847_847_84	HOME	5.44
795	pname_47	pdesc_705_705_705_70	BOOK	7.35
796	pname_937	pdesc_924_924_924	MUSIC	8.78
797	pname_53_	pdesc_209_209_209_	MOVIE	7.70
798	pname_371	pdesc_871_871_871_87	BOOK	11.04
799	pname_20	pdesc_578_578_578	HOME	8.68
800	pname_375	pdesc_52_52_52_5	MOVIE	8.23
801	pname_3	pdesc_831_831_831_	MUSIC	7.19
802	pname_228	pdesc_470_470_470_4	MUSIC	4.57
803	pname_218	pdesc_882_882_882_8	MOVIE	9.29
804	pname_10	pdesc_5_5_5_5_5_	MOVIE	9.68
805	pname_2	pdesc_581_581_58	MUSIC	10.15
806	pname_99_	pdesc_361_361_36	BOOK	14.08
807	pname_4	pdesc_248_248_248	MUSIC	8.31
808	pname_802	pdesc_477_477_47	MUSIC	14.61
809	pname_49	pdesc_840_840_840	BOOK	11.75
810	pname_258	pdesc_752_752_7	HOME	8.17
811	pname_1	pdesc_89_89_89_89	MUSIC	11.67
812	pname_87	pdesc_610_610_6	BOOK	12.61
813	pname_2	pdesc_828_828_828_8	MOVIE	4.88
814	pname_65_6	pdesc_818_818_818	BOOK	11.16
815	pname_51	pdesc_7_7_7_7_7_7_	MOVIE	8.26
816	pname_61	pdesc_408_408_408	MUSIC	7.65
817	pname_49	pdesc_430_430_430	BOOK	7.10
818	pname_827_	pdesc_862_862_8	BOOK	11.01
819	pname_908_	pdesc_628_628_628	MOVIE	7.74
820	pname_265_	pdesc_531_531_531_	BOOK	9.94
821	pname_7	pdesc_530_530_5	MUSIC	8.70
822	pname_958_	pdesc_8_8_8_8_8_8_8	MOVIE	9.53
823	pname_5	pdesc_260_260_2	MOVIE	9.02
824	pname_5	pdesc_781_781_781_	MOVIE	3.75
825	pname_1	pdesc_964_964_964_9	MUSIC	15.22
826	pname_72	pdesc_355_355_355_35	HOME	6.52
827	pname_8	pdesc_207_207_207_	BOOK	10.69
828	pname_487_	pdesc_544_544_544	MUSIC	11.44
829	pname_346_	pdesc_678_678_6	HOME	14.50
830	pname_702_	pdesc_825_825_82	MUSIC	11.18
831	pname_1	pdesc_780_780_7	MOVIE	10.31
832	pname_51	pdesc_229_229_22	MOVIE	7.65
833	pname_4	pdesc_261_261_261_	MUSIC	13.10
834	pname_8	pdesc_950_950_950	BOOK	10.39
835	pname_220	pdesc_664_664_664_6	MOVIE	13.32
836	pname_295_	pdesc_563_563_563_	MUSIC	12.09
837	pname_3	pdesc_720_720_7	MUSIC	12.96
838	pname_9	pdesc_791_791_791_79	MOVIE	9.12
839	pname_84	pdesc_518_518_518	HOME	10.57
840	pname_60	pdesc_21_21_21_	HOME	14.77
841	pname_14_	pdesc_683_683_683_68	MOVIE	6.27
842	pname_2	pdesc_587_587_58	HOME	10.88
843	pname_417_	pdesc_418_418_418_4	BOOK	8.90
844	pname_58	pdesc_219_219_219_21	BOOK	13.08
845	pname_594_	pdesc_370_370_3	MUSIC	12.62
846	pname_5	pdesc_217_217_217_21	MUSIC	7.54
847	pname_954_	pdesc_413_413_41	MUSIC	5.06
848	pname_87	pdesc_588_588_588_5	MUSIC	15.13
849	pname_4	pdesc_652_652_652	MOVIE	13.26
850	pname_62_6	pdesc_539_539_539_	HOME	13.57
851	pname_184_	pdesc_712_712_712_7	MUSIC	3.69
852	pname_351	pdesc_184_184_1	HOME	11.80
853	pname_90_	pdesc_397_397_39	MOVIE	12.68
854	pname_65_6	pdesc_611_611_611_	BOOK	7.36
855	pname_82	pdesc_166_166_166	MOVIE	9.59
856	pname_27_2	pdesc_291_291_291_	HOME	12.23
857	pname_35	pdesc_256_256_256_2	HOME	16.74
858	pname_5	pdesc_147_147_14	MUSIC	12.88
859	pname_9	pdesc_904_904_904_9	BOOK	14.72
860	pname_872	pdesc_453_453_453_	MOVIE	14.46
861	pname_28_2	pdesc_584_584_584_5	MOVIE	14.67
862	pname_9	pdesc_391_391_39	MUSIC	12.11
863	pname_41	pdesc_298_298_2	BOOK	12.44
864	pname_466	pdesc_74_74_74_7	BOOK	7.15
865	pname_436	pdesc_293_293_293_	MUSIC	13.55
866	pname_823_	pdesc_241_241_241_24	BOOK	9.91
867	pname_379	pdesc_463_463_463_46	HOME	5.19
868	pname_32	pdesc_24_24_24_	HOME	12.51
869	pname_7	pdesc_684_684_684	MUSIC	12.13
870	pname_8	pdesc_934_934_934_9	MOVIE	8.85
871	pname_218	pdesc_746_746_746_7	MUSIC	13.26
872	pname_6	pdesc_123_123_123_	HOME	6.37
873	pname_970_	pdesc_192_192_192	MUSIC	14.06
874	pname_5	pdesc_464_464_464	BOOK	6.92
875	pname_10_	pdesc_941_941_941_	BOOK	5.79
876	pname_574_	pdesc_139_139_139_13	BOOK	10.18
877	pname_194_	pdesc_278_278_278	BOOK	12.69
878	pname_5	pdesc_464_464_464	BOOK	18.63
879	pname_80	pdesc_101_101_101_10	HOME	15.09
880	pname_204	pdesc_460_460_460	MUSIC	13.19
881	pname_95_	pdesc_501_501_501_	MUSIC	7.41
882	pname_8	pdesc_376_376_3	HOME	9.53
883	pname_7	pdesc_177_177_17	MUSIC	15.09
884	pname_570_	pdesc_54_54_54_54_	MOVIE	5.20
885	pname_5	pdesc_492_492_492	MOVIE	12.98
886	pname_7	pdesc_785_785_785_	HOME	10.72
887	pname_655_	pdesc_185_185_185_	BOOK	10.55
888	pname_520_	pdesc_752_752_7	MOVIE	8.48
889	pname_52	pdesc_228_228_228_2	MUSIC	10.47
890	pname_43	pdesc_33_33_33_3	MUSIC	1.56
891	pname_8	pdesc_464_464_464	MOVIE	14.12
892	pname_249_	pdesc_684_684_684	HOME	15.52
893	pname_73	pdesc_649_649_649_	BOOK	5.77
894	pname_245_	pdesc_235_235_235_	HOME	9.15
895	pname_543	pdesc_17_17_17_1	HOME	2.02
896	pname_37	pdesc_511_511_511_51	MOVIE	15.71
897	pname_5	pdesc_245_245_245_24	MUSIC	11.49
898	pname_655_	pdesc_129_129_129_	MOVIE	7.95
899	pname_462	pdesc_454_454_4	HOME	10.93
900	pname_238	pdesc_477_477_47	MOVIE	10.31
901	pname_5	pdesc_572_572_572	BOOK	13.21
902	pname_7	pdesc_886_886_886_8	MOVIE	8.82
903	pname_3	pdesc_171_171_17	HOME	9.60
904	pname_993	pdesc_55_55_55_5	MOVIE	12.37
905	pname_813_	pdesc_871_871_871_87	MOVIE	8.61
906	pname_588_	pdesc_866_866_8	MUSIC	8.17
907	pname_629_	pdesc_969_969_96	MOVIE	11.81
908	pname_25_2	pdesc_501_501_501_	BOOK	9.67
909	pname_1	pdesc_275_275_275_27	HOME	19.16
910	pname_123	pdesc_257_257_25	BOOK	9.74
911	pname_1	pdesc_531_531_531_	BOOK	11.05
912	pname_54_	pdesc_674_674_6	HOME	15.78
913	pname_229_	pdesc_318_318_3	MOVIE	11.69
914	pname_807_	pdesc_173_173_17	BOOK	11.35
915	pname_376_	pdesc_684_684_684	BOOK	10.60
916	pname_385	pdesc_368_368_368_3	MUSIC	6.34
917	pname_88	pdesc_859_859_85	HOME	13.92
918	pname_5	pdesc_612_612_6	MOVIE	11.71
919	pname_46	pdesc_799_799_799_79	BOOK	10.35
920	pname_66	pdesc_106_106_106	MUSIC	10.58
921	pname_140_	pdesc_835_835_835_	HOME	13.03
922	pname_7	pdesc_589_589_58	MOVIE	11.18
923	pname_183	pdesc_900_900_900_9	MOVIE	10.60
924	pname_231_	pdesc_689_689_689_68	MUSIC	3.77
925	pname_550_	pdesc_909_909_90	MOVIE	9.21
926	pname_1	pdesc_9_9_9_9_9_9_9_	MUSIC	11.96
927	pname_997	pdesc_427_427_427_	MOVIE	13.38
928	pname_628	pdesc_228_228_228_2	BOOK	8.85
929	pname_5	pdesc_36_36_36_3	MOVIE	9.74
930	pname_28	pdesc_744_744_744_7	MUSIC	15.67
931	pname_194_	pdesc_643_643_643_	MUSIC	8.20
932	pname_1	pdesc_105_105_105_10	MUSIC	7.40
933	pname_847_	pdesc_620_620_620	BOOK	13.94
934	pname_83	pdesc_646_646_6	MOVIE	3.79
935	pname_4	pdesc_811_811_811_81	BOOK	11.61
936	pname_75	pdesc_899_899_899_	HOME	3.93
937	pname_8	pdesc_83_83_83_83	BOOK	17.10
938	pname_45	pdesc_477_477_47	HOME	13.04
939	pname_624	pdesc_975_975_975_	BOOK	10.12
940	pname_326_	pdesc_312_312_3	MUSIC	8.67
941	pname_10_	pdesc_286_286_286_2	HOME	10.29
942	pname_77	pdesc_916_916_9	MUSIC	10.46
943	pname_7	pdesc_581_581_58	MUSIC	9.45
944	pname_49	pdesc_384_384_384	MUSIC	9.08
945	pname_887_	pdesc_695_695_69	MOVIE	10.58
946	pname_20	pdesc_870_870_870	MUSIC	11.24
947	pname_4	pdesc_890_890_8	BOOK	3.95
948	pname_967	pdesc_25_25_25_25_2	MUSIC	7.44
949	pname_187	pdesc_623_623_623_62	MUSIC	11.71
950	pname_82	pdesc_858_858_858_8	MUSIC	14.12
951	pname_239_	pdesc_260_260_2	HOME	6.67
952	pname_2	pdesc_814_814_814	MUSIC	8.68
953	pname_72	pdesc_457_457_457_	MOVIE	8.99
954	pname_26_2	pdesc_223_223_22	MOVIE	13.39
955	pname_201_	pdesc_164_164_164	MUSIC	10.07
956	pname_66	pdesc_436_436_436	HOME	5.95
957	pname_71	pdesc_99_99_99_9	MUSIC	15.17
958	pname_386_	pdesc_29_29_29_29	MUSIC	10.06
959	pname_2	pdesc_660_660_660_6	HOME	10.43
960	pname_705	pdesc_258_258_258_2	BOOK	14.15
961	pname_978_	pdesc_98_98_98_98_	MOVIE	9.14
962	pname_2	pdesc_78_78_78_78_78	HOME	10.05
963	pname_973	pdesc_95_95_95_95_	HOME	7.89
964	pname_608	pdesc_450_450_4	BOOK	7.63
965	pname_624	pdesc_909_909_90	BOOK	7.55
966	pname_143	pdesc_191_191_191_19	HOME	8.66
967	pname_3	pdesc_653_653_653_65	BOOK	6.82
968	pname_9	pdesc_585_585_58	MOVIE	7.49
969	pname_86	pdesc_461_461_461_46	HOME	12.80
970	pname_64	pdesc_659_659_659_65	MUSIC	9.71
971	pname_10	pdesc_757_757_757_	MUSIC	10.33
972	pname_46	pdesc_468_468_468	HOME	8.73
973	pname_4	pdesc_575_575_575_57	BOOK	9.24
974	pname_590_	pdesc_497_497_497_49	HOME	8.50
975	pname_9	pdesc_686_686_686	MOVIE	7.12
976	pname_19_	pdesc_109_109_109_10	MUSIC	10.59
977	pname_8	pdesc_184_184_1	MUSIC	12.95
978	pname_32	pdesc_823_823_82	MOVIE	11.17
979	pname_103	pdesc_418_418_418_4	HOME	8.86
980	pname_23	pdesc_347_347_347_	HOME	6.03
981	pname_7	pdesc_407_407_407_40	MUSIC	9.21
982	pname_593	pdesc_619_619_619_	MOVIE	11.45
983	pname_69_6	pdesc_5_5_5_5_5_	MUSIC	11.42
984	pname_1	pdesc_921_921_921_92	BOOK	12.92
985	pname_958_	pdesc_796_796_796	MUSIC	11.45
986	pname_80	pdesc_810_810_810	MUSIC	13.13
987	pname_658	pdesc_269_269_269_	BOOK	6.28
988	pname_598_	pdesc_227_227_22	HOME	4.07
989	pname_651_	pdesc_35_35_35_35_	MOVIE	14.12
990	pname_379	pdesc_627_627_627_62	MOVIE	4.25
991	pname_249_	pdesc_875_875_875_87	MOVIE	9.75
992	pname_685_	pdesc_916_916_9	HOME	10.96
993	pname_4	pdesc_326_326_326	HOME	10.97
994	pname_443_	pdesc_49_49_49_	MOVIE	12.08
995	pname_118_	pdesc_651_651_651_65	HOME	13.04
996	pname_802	pdesc_997_997_99	BOOK	9.30
997	pname_68_6	pdesc_131_131_131_13	MUSIC	9.04
998	pname_8	pdesc_315_315_315_	HOME	9.24
999	pname_245_	pdesc_50_50_50_50_50	BOOK	9.04
1000	pname_467_	pdesc_337_337_33	HOME	7.70
\.


--
-- Data for Name: details; Type: TABLE DATA; Schema: public; Owner: -
--

COPY details (ordid, pcode, qty) FROM stdin;
1854	158	1
443	90	1
1156	179	1
284	51	2
1873	922	1
93	32	1
1380	598	1
389	697	1
1406	339	1
1181	385	1
574	77	1
996	307	1
877	377	2
392	80	2
1088	910	1
1088	231	1
24	850	1
1052	914	1
299	801	1
1697	65	2
1686	221	1
47	299	1
1738	471	1
594	772	1
208	755	3
1887	871	1
1529	92	1
1818	513	1
996	181	1
943	30	1
1583	721	1
446	629	1
797	409	1
1252	602	2
1245	635	1
256	733	1
1487	616	1
1129	542	1
963	124	1
656	432	1
1854	179	3
1049	27	1
649	780	1
1900	661	1
651	595	1
274	305	1
1200	920	1
1639	495	1
1106	131	3
754	420	1
1313	767	1
796	438	3
1104	322	1
1528	896	1
472	908	1
595	393	1
570	969	1
269	155	3
479	330	1
1407	397	1
457	890	1
253	911	1
526	622	2
273	935	1
289	940	1
7	269	1
152	741	1
1753	897	1
817	921	1
98	704	1
1429	518	2
1985	182	1
1913	390	1
1790	630	1
979	215	1
65	131	1
1329	698	1
1252	551	1
1384	851	1
766	270	1
1228	978	1
1463	300	1
856	146	1
500	693	3
1795	264	1
914	599	1
373	66	1
1465	16	1
1602	930	2
1018	175	1
1092	351	2
328	321	1
1361	166	1
1098	668	2
186	367	1
1973	65	1
1074	598	1
1407	971	1
1744	653	1
243	799	1
1371	43	1
650	427	2
1460	975	2
803	187	1
1084	586	1
976	671	1
50	297	1
63	989	1
33	975	1
208	172	1
1788	646	1
1862	377	3
1508	992	1
1079	818	1
952	861	1
464	74	2
1353	393	1
1907	510	1
306	514	1
1621	437	1
970	337	1
1333	694	1
1330	872	1
1170	129	1
321	425	1
1748	171	1
1625	40	1
1312	745	1
1109	496	1
1427	529	1
396	341	1
31	152	1
933	716	1
51	611	1
948	241	1
860	711	1
921	863	1
1993	783	2
128	694	1
292	619	1
1053	226	1
472	416	1
56	444	2
285	989	3
42	940	1
1763	145	1
864	120	1
986	814	1
1977	56	1
538	57	1
1388	285	1
958	965	1
421	112	3
1836	981	1
512	898	1
404	321	1
1530	482	1
1379	965	1
1193	853	1
1478	496	1
1004	786	1
1801	844	1
204	83	1
1650	416	1
1438	976	1
780	649	1
1122	611	1
1801	893	1
1475	657	1
579	341	1
625	337	1
470	723	1
831	320	2
190	570	1
747	853	1
1357	706	1
1700	677	1
145	604	1
1392	314	1
391	411	1
1910	855	1
1136	74	1
3	266	1
1308	393	2
1434	47	1
1193	656	1
1493	757	1
1442	717	1
1819	230	1
535	725	1
763	279	1
620	597	1
1659	623	1
752	877	1
1166	332	1
1871	204	1
1965	906	1
780	147	1
549	961	1
1858	245	1
1928	260	1
1087	423	1
1676	780	1
1791	489	1
1450	818	1
147	196	1
957	977	1
1919	14	1
1950	575	1
1480	630	2
1857	238	1
1609	318	1
1932	773	1
574	730	1
160	486	1
1444	244	1
1646	894	1
1675	409	1
817	285	1
651	959	3
724	556	1
1616	809	1
1339	401	1
802	103	1
1825	976	1
599	936	3
1082	736	1
1591	802	1
1160	179	1
1720	764	2
942	225	2
208	231	1
199	119	3
1263	625	1
920	348	1
1680	933	1
425	788	1
1429	858	1
1474	589	1
278	505	1
22	938	1
1083	307	1
1076	648	1
392	106	1
1506	854	1
1610	204	1
1891	119	3
1580	49	1
41	324	1
1137	668	1
1651	877	1
1124	814	1
485	68	1
1553	89	1
1947	844	1
863	646	2
669	493	2
1673	566	1
1000	999	1
1695	647	3
892	988	1
1250	438	1
521	830	1
931	827	1
977	756	1
528	43	1
822	724	3
1602	977	2
483	605	1
334	469	1
1921	223	1
781	81	1
898	952	1
1910	321	1
1498	173	1
1	328	1
1688	802	3
477	890	2
1396	797	1
614	368	1
199	740	1
30	79	1
771	852	3
1682	291	1
471	103	1
1667	55	1
1418	495	1
1630	774	1
1704	652	1
1981	585	1
628	817	1
1557	864	1
974	184	1
794	856	1
1448	318	1
1156	352	1
181	146	1
1860	566	1
1491	604	1
1918	660	1
509	642	1
1471	127	1
1036	995	1
496	504	2
650	233	1
596	246	1
1256	955	1
857	20	1
1044	499	1
314	803	1
1460	544	1
1394	551	1
513	859	1
583	951	1
967	108	1
176	423	1
1847	174	1
194	384	1
217	733	1
1450	968	1
1260	333	1
1653	687	1
1048	79	1
107	987	1
175	454	1
1898	867	1
1406	313	1
1941	57	1
654	823	1
76	82	1
347	578	1
1030	448	1
1855	412	1
1382	255	1
1476	700	1
791	837	1
1313	769	1
152	150	1
1851	176	1
941	397	1
789	781	2
476	772	1
539	619	1
4	557	1
832	18	1
1902	186	1
811	638	1
417	730	2
1731	253	1
840	313	1
508	392	1
1739	950	1
1910	520	1
454	746	1
854	70	1
1576	192	1
1062	62	1
1364	910	1
1629	865	2
820	516	1
1352	870	1
1505	829	1
871	927	1
444	691	1
416	216	1
1365	34	1
19	58	1
979	618	1
202	376	1
170	395	1
1212	856	1
1396	526	1
1668	875	1
1050	452	1
1779	985	3
26	451	3
159	608	1
1747	554	1
1704	849	2
1831	465	1
391	2	1
1963	575	1
1896	682	1
403	503	3
644	944	2
1605	841	1
1689	514	1
1879	235	1
1388	781	1
1030	665	1
1919	638	1
1741	846	2
388	466	1
1916	844	1
1562	648	1
94	79	1
1682	122	1
21	392	1
214	446	1
956	123	1
919	956	1
1879	895	1
1213	2	1
1260	901	1
768	734	1
431	873	1
469	339	1
673	661	1
1009	291	1
1716	875	1
219	2	1
657	397	1
147	476	1
372	405	3
1521	41	1
424	123	1
308	147	1
1469	903	1
1168	951	1
1744	627	1
1447	387	1
505	832	1
98	453	1
1722	681	1
81	58	1
1335	410	1
188	834	1
929	942	1
1010	31	1
1343	125	1
387	543	1
303	277	1
1277	173	1
784	110	1
1090	398	1
542	812	1
407	735	1
712	89	1
1648	207	1
1318	517	1
426	728	2
1575	765	2
1918	823	1
1105	131	1
60	328	1
8	977	1
1884	998	1
1238	65	2
1447	179	1
1643	490	1
1506	277	1
1906	935	1
1698	150	1
902	881	1
58	851	2
1964	260	1
1006	867	1
1599	551	1
57	780	1
1687	59	1
1210	451	1
215	695	1
1026	423	1
1817	990	1
1682	552	1
1457	771	1
684	784	1
1580	658	1
844	488	1
198	472	1
708	995	1
1340	968	1
1801	457	1
612	493	1
1897	502	1
599	515	2
1418	358	1
785	308	1
35	847	1
897	444	1
1666	635	1
594	358	1
1290	59	1
523	260	1
1941	944	2
1939	740	3
395	792	1
1148	480	1
1567	489	1
995	929	1
1533	902	1
512	774	1
679	685	2
1779	38	1
1000	710	3
704	42	1
596	636	1
1137	472	1
1599	645	1
1423	586	3
455	813	3
240	559	1
1501	50	1
1053	856	2
1008	838	1
1214	492	1
348	277	1
427	799	1
172	813	1
1451	811	2
841	481	2
220	57	1
1992	16	1
1034	638	1
798	54	1
842	266	1
1098	237	1
276	551	1
1813	174	1
1309	585	1
1364	789	1
777	687	1
1076	42	1
1270	865	1
328	291	1
1440	559	1
1365	1	1
1550	250	3
42	368	3
798	47	1
953	617	1
369	399	1
1369	381	1
976	32	1
834	389	1
1268	868	1
594	327	1
1307	994	1
1069	258	1
559	871	1
1217	710	1
1110	711	1
121	439	1
1812	32	2
239	489	1
700	572	1
400	311	1
554	680	1
660	439	2
905	171	1
1266	724	1
72	820	2
1580	957	1
1589	903	1
105	712	1
1888	92	1
1088	224	1
354	404	1
344	908	2
1552	412	1
102	559	3
1097	564	1
961	968	1
1882	960	1
1240	553	1
1178	409	1
1379	406	1
939	909	1
1022	780	1
771	192	1
568	423	1
1960	492	1
1142	614	1
1338	266	3
982	22	1
1023	784	1
170	833	1
760	366	1
383	588	2
213	201	2
1633	336	1
1722	737	1
698	795	1
206	59	1
113	708	1
1935	138	1
951	711	1
302	745	1
1634	206	1
44	691	1
319	482	1
1697	517	1
1417	701	3
1789	666	1
1928	188	1
138	78	1
1662	352	1
400	578	1
1660	825	1
71	190	1
621	476	1
857	47	1
1930	371	1
1059	65	1
303	466	1
52	209	1
1432	248	1
39	23	1
1558	282	1
819	316	1
952	663	1
396	468	1
1062	362	1
1690	247	1
1318	435	1
982	187	1
774	608	1
316	656	1
605	447	1
1315	914	1
1099	625	1
463	593	1
1647	847	1
1606	736	2
1403	513	1
1205	950	1
1258	70	1
1027	70	1
130	573	1
560	502	1
373	638	1
1694	480	1
762	981	2
1029	706	1
809	932	3
954	319	1
994	821	2
838	313	1
374	173	1
1236	597	1
590	218	1
1789	749	1
739	732	1
1512	677	1
1756	455	1
138	829	1
338	949	1
267	522	1
1089	371	1
562	729	1
1108	550	1
829	128	1
569	754	3
1376	502	3
652	980	1
57	132	1
1976	696	1
631	567	1
226	329	1
598	402	1
1250	690	1
1627	70	1
341	990	1
86	25	1
280	273	1
1246	738	1
1605	182	1
25	378	2
1318	140	1
963	913	1
1336	939	1
1220	978	1
307	823	1
1379	740	1
432	381	1
750	911	2
1624	786	1
1149	850	1
1808	661	1
966	841	1
1732	381	1
759	284	1
1468	438	1
116	670	1
1811	897	1
1863	120	1
647	816	1
1451	293	1
1503	906	1
803	844	1
1378	51	2
1110	820	1
1849	876	3
472	505	1
1505	628	1
268	720	1
1392	981	1
1033	268	1
1377	613	1
1673	493	2
672	40	2
675	872	1
949	632	1
1622	1000	1
1820	479	1
416	336	1
1501	410	1
1619	397	1
1094	817	1
674	369	2
1429	456	1
1416	494	1
1774	845	3
13	590	3
457	657	1
12	440	1
219	754	1
1451	407	1
383	487	1
1845	165	1
50	73	1
1248	22	1
1837	840	1
1951	731	2
1937	295	1
1805	302	1
315	867	1
1246	16	1
313	212	1
1968	101	2
390	860	1
210	360	2
1331	295	1
342	636	1
928	680	1
1791	402	1
401	56	1
1974	961	1
1243	793	1
1120	280	1
798	455	1
541	457	1
1810	604	1
1407	762	1
223	568	1
1732	413	1
458	909	1
172	311	1
1246	661	1
1235	563	1
1848	328	1
377	215	1
656	459	2
1116	583	1
1057	40	1
1540	587	1
992	916	1
1914	918	2
1829	411	1
658	802	1
1345	65	1
963	684	1
423	74	1
1423	662	1
1020	143	1
55	600	1
1089	669	1
1591	898	1
518	524	1
1283	38	1
1035	45	1
993	854	1
1836	459	1
1586	29	1
337	666	1
1340	227	1
1657	40	1
1483	634	1
1756	759	1
709	3	2
1702	203	1
1278	231	1
1991	105	1
873	344	1
1398	993	1
1994	881	1
1076	399	2
383	224	1
1735	816	3
1593	375	1
526	951	1
1766	758	1
1994	906	3
1161	576	2
569	879	1
969	248	1
514	894	1
1579	584	1
804	582	1
497	453	1
1600	829	1
1002	386	1
1833	510	1
338	840	1
1012	797	1
95	192	3
1321	135	1
762	918	1
1690	171	1
1181	227	1
625	266	1
478	728	1
1325	828	1
194	173	1
1424	21	1
742	347	1
549	447	1
1613	675	1
459	366	1
460	411	1
1711	402	2
749	226	1
1051	65	1
1291	571	1
1275	433	2
457	686	1
562	399	1
1590	690	1
81	12	1
1239	147	1
1538	533	1
93	951	1
1159	138	1
1585	297	1
196	345	1
951	969	1
641	637	1
1301	629	1
1367	979	2
1415	85	1
170	885	1
228	121	1
452	699	1
790	712	1
577	542	1
1534	40	2
1848	190	1
1160	165	1
1883	228	3
1365	254	1
698	406	1
1278	8	3
959	742	1
1356	100	1
40	181	1
1471	439	1
1323	94	1
7	65	1
1396	560	1
1579	156	3
1244	580	1
626	871	1
1949	714	1
700	304	1
1395	862	1
205	268	1
1762	511	1
1143	579	1
1765	720	1
406	210	1
821	51	1
739	4	1
485	570	1
115	656	1
239	730	1
62	987	1
1340	847	1
461	144	1
1404	674	1
774	388	3
856	766	2
289	944	1
869	362	1
1939	365	1
1868	109	1
1550	132	1
719	73	1
1719	492	2
517	822	3
1487	368	1
1660	841	1
1994	949	1
927	526	1
1673	112	1
313	510	1
1130	848	1
175	253	1
1151	117	3
32	806	1
1496	148	1
1316	459	1
1936	163	1
1438	720	1
1445	517	2
981	956	1
643	25	1
1850	380	1
104	909	1
1746	940	1
1875	746	1
222	918	1
1769	111	1
192	556	1
214	174	1
243	957	2
37	566	2
450	366	1
1831	522	1
770	105	1
1652	696	1
1969	825	1
1718	457	1
543	897	1
1464	140	1
1959	354	2
657	580	2
350	193	2
1768	611	1
737	502	1
1571	108	1
791	151	1
332	134	2
1404	181	1
97	366	1
1743	902	1
474	546	1
1916	184	1
354	760	1
1550	133	1
1839	981	1
1516	539	1
1969	34	1
549	182	1
924	975	1
83	190	1
1382	185	1
1203	47	1
847	744	1
261	600	2
169	596	1
286	841	1
888	77	1
376	898	1
1991	581	1
616	942	1
1233	816	1
1739	699	3
216	550	1
676	470	1
57	743	3
531	423	2
300	649	1
87	624	1
477	873	1
37	306	2
728	438	1
1968	278	1
64	149	1
227	747	1
576	255	1
109	524	1
584	239	1
1284	936	1
1603	681	1
1443	285	1
1021	736	1
868	803	1
1255	152	3
1749	172	1
1128	443	1
747	386	2
1920	34	1
180	202	1
1412	634	1
1324	96	1
262	458	1
877	3	1
150	141	1
1728	875	1
149	808	1
434	516	1
1469	698	3
527	102	1
257	673	1
420	723	1
1756	420	1
1518	537	1
1189	289	1
79	493	1
684	215	1
1981	957	1
1355	524	1
1956	370	1
1820	323	1
1289	14	1
229	703	1
1699	66	1
1285	439	1
1401	900	1
887	758	2
1286	925	1
368	457	1
552	371	1
1210	155	2
1629	836	1
633	948	1
20	7	1
1989	893	1
271	679	1
907	276	1
713	226	1
1865	139	1
810	851	1
1762	118	1
939	843	1
1814	72	1
1100	925	1
1453	735	1
1308	978	1
1995	409	1
1709	337	1
1169	107	1
1131	716	1
31	551	1
1961	775	1
1812	264	1
1936	767	1
241	728	1
1252	721	1
77	959	1
730	69	1
327	827	1
600	196	1
318	109	1
963	601	1
938	450	1
1850	520	1
49	13	1
550	581	1
230	925	1
740	959	1
1656	389	1
943	776	2
1295	75	1
1245	196	1
1297	426	1
1361	880	1
1289	472	3
580	365	1
1469	994	1
1459	183	1
75	222	1
380	921	1
907	270	1
1910	393	1
960	448	1
494	252	1
1644	344	1
457	602	1
746	628	1
1212	749	1
591	797	3
1514	405	1
863	23	1
641	317	1
1845	783	1
173	705	1
1430	276	1
373	401	2
1729	689	2
68	964	1
1456	70	1
405	113	1
11	205	1
1167	218	3
347	103	1
1701	655	1
1772	838	1
114	300	1
810	214	1
1982	854	3
1220	893	1
1542	872	1
448	689	1
488	9	1
222	422	1
1607	571	1
1282	655	1
883	60	1
1478	206	3
725	361	1
57	750	1
1811	680	1
1007	685	1
1612	565	2
704	850	1
933	327	1
1130	464	1
535	184	1
1843	956	1
1614	511	1
276	697	1
1117	475	1
1450	650	1
23	296	1
1880	234	1
105	295	1
939	753	1
1394	98	1
200	661	1
385	101	1
1440	260	1
1287	242	3
1812	202	1
1792	562	1
1259	601	1
1826	230	1
994	852	1
118	744	1
288	690	1
1103	16	1
448	316	1
1578	96	1
28	497	1
896	650	1
585	788	2
1211	971	2
1443	599	1
1525	963	1
1416	242	1
1187	191	1
1642	573	1
1905	276	1
1438	226	1
1079	513	2
1196	618	1
486	801	1
162	189	1
1122	202	1
720	937	1
1765	819	1
1615	147	1
1654	931	1
1598	875	1
559	641	1
47	659	1
1391	357	1
120	752	1
682	606	1
1535	95	1
1180	435	1
826	967	1
937	414	1
300	247	1
991	221	1
43	918	1
124	112	1
1882	570	1
154	15	1
1530	2	1
309	79	1
1233	827	1
451	555	1
257	180	1
158	940	1
562	791	3
770	598	1
1165	944	1
122	677	2
811	63	1
954	993	1
1143	340	1
119	747	1
386	291	1
551	982	1
1804	130	1
1483	297	1
1528	126	1
1594	418	1
1243	538	1
1563	395	1
1557	267	1
895	428	1
1258	36	1
1131	988	1
1651	299	3
665	15	1
1321	360	2
1627	560	1
1217	756	1
1787	766	1
1712	712	2
1302	307	1
252	924	3
1837	60	1
800	433	1
753	319	1
1111	583	1
698	172	1
346	601	1
113	614	1
46	179	1
250	825	1
882	710	2
1155	482	1
638	453	2
1844	306	1
161	611	1
757	451	1
1719	705	1
1303	298	1
1428	92	1
416	501	1
1738	170	1
297	781	1
1503	322	1
661	395	1
1912	298	1
749	917	1
625	641	1
434	370	1
868	440	1
1541	886	1
779	43	2
1735	934	1
367	580	3
748	703	2
1630	32	1
805	327	1
643	698	1
153	329	1
1574	377	1
1019	175	1
1103	302	1
676	121	1
1643	905	1
34	671	1
1742	55	1
101	296	1
600	978	1
1090	722	1
83	161	1
1360	466	1
1031	247	1
475	135	1
1407	910	1
1394	388	2
1358	253	1
1611	691	1
1997	152	1
1263	810	1
454	570	2
1857	848	2
340	378	1
755	366	1
217	179	1
1584	279	1
629	122	1
979	402	1
1893	913	1
1263	762	1
557	727	1
933	577	1
1940	2	1
33	106	1
1828	65	1
333	44	1
139	242	1
1658	839	1
4	596	1
1378	218	1
1644	863	1
90	719	1
1168	932	1
1342	980	1
935	795	1
1778	34	2
1905	332	1
611	85	1
1354	629	1
1922	697	1
1675	721	3
1222	119	1
747	700	1
830	568	1
1714	38	1
262	338	1
1645	860	1
183	610	1
1623	420	1
1779	396	1
561	793	1
1778	159	1
1358	927	1
1056	72	1
73	206	1
1838	930	1
1822	156	1
1432	971	1
1010	243	1
1359	832	1
1226	473	2
395	364	1
1448	61	1
205	878	1
1149	249	1
1614	914	1
742	328	1
1713	912	1
408	387	1
1902	877	2
72	854	1
1668	740	1
373	979	1
947	346	1
1494	793	1
1214	453	1
1907	667	1
772	339	1
402	14	1
730	35	1
1467	74	1
1278	741	3
1216	953	1
284	49	1
182	464	1
686	500	1
1058	28	1
1539	206	1
984	547	1
1567	893	1
1535	104	1
539	138	1
341	730	1
1626	519	1
1327	227	1
16	683	1
1116	365	3
1831	123	1
684	601	1
1433	478	1
639	664	1
1586	352	1
1416	703	1
1546	491	1
1624	607	1
1303	831	1
517	343	1
506	832	1
833	987	1
371	604	1
1806	176	1
85	175	1
680	180	1
308	244	1
507	758	1
1294	41	1
956	556	2
1424	86	1
1853	723	1
86	420	1
1769	100	1
512	447	1
1212	731	2
261	747	1
162	585	1
1302	588	1
195	277	1
271	47	1
781	723	1
1337	8	1
1850	158	1
1268	949	1
942	912	1
196	693	1
898	570	1
622	803	1
81	829	1
1650	604	1
1865	728	1
356	626	1
511	323	1
762	679	3
502	277	1
135	382	1
75	574	1
672	281	1
1181	730	1
1127	410	1
1112	932	1
844	799	1
366	864	2
1490	446	1
283	670	1
1380	779	1
807	840	1
1705	514	1
49	78	1
1086	974	1
1001	17	1
1811	870	1
1710	473	1
1446	137	1
688	381	1
1108	923	1
1349	983	1
587	239	1
1432	242	1
3	825	3
1870	699	3
1208	896	1
295	710	1
680	755	1
1317	253	1
263	612	1
1060	935	1
1225	293	1
1724	865	1
281	748	1
1510	860	1
1750	39	1
1292	109	1
718	692	1
1181	786	1
818	681	1
670	83	1
96	923	1
525	745	1
838	505	1
645	145	1
1593	414	1
1358	550	2
784	173	1
89	489	1
1857	797	1
986	923	1
460	268	3
680	250	1
146	255	1
413	944	1
1012	742	2
1774	910	1
1683	782	1
1840	324	1
563	882	1
1987	87	2
1677	501	1
1768	431	1
1462	941	1
917	750	1
1084	530	2
1939	555	1
386	461	1
1731	7	1
1233	896	1
1776	542	1
1471	858	1
1201	965	1
807	720	1
1015	744	3
1931	42	2
1815	442	1
1654	216	1
1252	530	1
1716	732	1
1556	71	1
116	224	1
1719	159	1
1356	990	1
1326	713	3
272	993	1
1270	338	2
1473	792	1
853	176	1
975	856	1
1967	175	1
1711	516	1
1324	809	1
75	376	1
1793	154	1
1220	416	1
759	984	1
94	508	1
1898	185	1
579	861	1
1918	524	1
1737	196	1
429	965	1
951	160	1
1062	129	1
1939	287	1
814	315	2
1115	586	3
1077	497	2
1252	94	1
744	275	2
409	65	1
531	823	1
1904	578	1
1377	157	1
1979	169	1
301	549	1
553	363	1
172	640	1
1646	986	1
1427	361	1
1204	365	1
824	342	1
1172	628	1
1714	648	1
158	946	1
346	911	1
1572	662	1
1779	898	2
1550	135	1
535	168	1
265	984	1
970	327	1
336	290	1
93	5	3
957	663	1
1184	277	1
500	799	1
792	569	1
629	207	1
1958	356	1
1255	308	1
29	217	1
1769	79	1
257	263	1
1340	87	1
88	994	1
1768	454	1
1936	620	2
1687	791	1
1495	808	1
1571	337	1
1704	792	1
507	809	1
1496	848	1
1616	575	1
44	231	2
824	843	3
6	176	1
1572	7	3
586	972	1
1630	775	1
638	18	1
3	93	1
601	667	1
202	114	1
1405	131	1
419	330	1
437	150	1
430	408	1
1695	514	1
961	714	1
1712	237	1
330	145	1
332	676	1
1988	24	1
1867	425	2
667	20	1
1135	852	1
918	451	1
1815	729	1
1268	217	2
865	663	1
1082	143	1
54	802	1
1971	636	1
580	784	1
391	662	1
1433	111	1
1216	77	1
567	177	3
1580	617	2
358	837	1
1514	654	1
383	434	1
5	565	2
1307	329	1
1253	690	1
1607	806	1
1652	576	3
110	614	1
260	20	1
1394	606	1
832	856	1
1642	92	1
1721	121	1
1797	665	1
1956	34	1
407	805	1
1035	460	1
163	867	1
1655	747	1
243	892	1
337	261	1
1233	215	2
429	239	3
1120	317	1
595	251	1
999	920	1
662	768	1
200	685	1
526	531	1
1022	924	1
1437	503	1
475	283	1
235	443	1
1743	542	2
1641	658	1
573	832	1
1957	287	1
485	49	1
1992	51	1
905	288	1
1080	931	2
1822	387	1
1107	510	1
321	269	1
1630	247	1
998	902	1
1088	504	1
366	537	1
501	314	1
814	697	1
1530	494	1
951	766	1
1727	198	1
579	199	1
773	989	1
1043	247	1
900	202	1
1486	20	1
1021	108	1
1193	98	1
223	199	1
1217	394	1
907	510	2
715	738	1
1824	12	1
1426	483	1
1323	943	1
1730	775	1
1320	488	1
912	6	1
403	671	1
368	696	1
1846	647	1
1189	700	1
1976	16	1
959	876	1
767	10	1
1614	142	1
635	562	1
1579	65	1
186	736	1
1816	369	1
330	771	1
1385	679	1
1084	956	1
208	417	1
606	234	2
1920	481	1
6	62	1
354	667	1
1021	747	3
453	628	1
1141	91	1
1514	431	1
911	825	1
691	550	1
948	260	1
878	283	3
902	510	2
1977	646	1
1726	951	1
1017	625	1
1826	104	1
1288	438	1
940	609	1
1453	139	1
669	724	1
1130	890	1
1370	213	1
649	409	1
1495	955	1
442	488	2
114	49	1
50	890	1
464	812	1
857	397	1
61	608	1
150	506	2
1181	694	2
631	66	1
1529	735	1
405	259	1
1308	150	1
1827	838	1
1338	442	2
373	608	1
640	713	2
709	710	1
1685	65	2
1227	667	1
1114	945	1
70	137	1
1882	498	2
1098	916	1
609	3	1
1622	508	1
902	388	1
1730	861	1
1432	511	1
578	450	1
1165	73	1
1698	810	1
498	11	1
417	499	1
1068	692	1
1819	327	1
1086	891	1
136	440	3
1667	368	1
994	600	1
1209	366	1
1329	12	3
665	350	1
1544	101	1
1168	189	1
1428	116	1
392	123	1
932	78	1
308	446	1
1553	171	1
368	321	1
1387	31	1
1873	583	1
721	403	1
590	695	1
636	230	2
32	88	1
714	831	1
1712	168	1
1702	338	1
1998	191	1
609	661	1
1016	792	1
100	946	1
661	770	1
1493	854	2
719	86	1
587	678	1
631	547	1
1385	477	1
171	682	1
1573	875	1
647	885	1
137	175	1
1492	238	1
655	146	2
1854	888	1
1462	359	1
1318	141	1
42	804	1
371	117	1
1590	698	3
592	487	1
1638	968	1
993	141	1
670	680	1
1726	711	1
922	724	1
162	533	1
760	996	1
1907	43	1
1777	602	1
1513	792	1
108	326	1
609	516	1
1626	397	1
1730	937	1
1252	363	1
1948	556	1
104	985	1
1268	192	1
1311	27	3
326	664	1
120	915	1
1669	966	1
329	106	2
749	742	1
64	375	1
1351	397	1
1036	806	1
1435	764	1
1776	98	1
193	799	2
1726	179	1
661	74	1
1460	1000	1
1090	658	1
142	374	1
860	205	1
952	843	1
604	676	1
291	938	1
1616	879	2
1443	738	1
641	774	1
1153	868	1
562	977	1
1534	300	1
145	652	1
1947	544	1
755	31	1
496	558	1
811	350	1
1466	695	1
91	209	1
327	162	1
745	970	2
1971	288	1
431	411	1
1553	408	1
593	383	1
1507	219	1
187	680	1
1438	999	1
916	795	1
1181	658	1
1771	357	1
1048	462	1
289	466	1
653	95	1
1804	944	1
58	629	1
665	296	3
855	285	1
1866	421	1
1093	822	1
628	69	1
1084	378	1
1797	636	1
981	229	1
708	182	1
1262	775	1
1705	523	1
745	400	1
1255	327	1
900	609	1
1575	289	1
874	435	3
1932	38	1
1595	153	1
681	144	1
801	448	1
1687	186	1
1668	502	1
1151	406	3
1931	285	1
1264	326	1
77	348	3
436	285	1
928	738	1
902	988	2
977	379	2
1602	472	1
19	273	1
1240	102	1
1828	414	1
436	294	1
1357	488	1
1335	886	1
1679	818	2
1287	748	1
851	557	1
1925	878	1
521	439	1
186	663	1
1671	749	2
342	610	1
1157	147	1
537	525	1
1425	687	1
238	750	1
747	590	1
69	803	1
1652	470	1
422	841	1
1992	336	1
1454	589	1
1574	431	1
1318	411	1
832	687	1
1304	612	1
30	571	1
186	604	1
1054	234	1
1363	397	2
726	21	3
842	508	1
1487	50	1
1980	56	1
308	556	1
995	919	1
41	747	1
1288	619	1
409	55	2
512	599	1
1026	505	2
1735	497	1
457	714	1
605	924	1
25	368	1
1377	696	1
116	93	1
768	908	1
546	824	2
744	766	1
1801	567	1
799	381	1
140	125	1
658	21	1
1247	643	1
544	238	1
545	356	1
225	863	1
1776	200	1
170	111	1
1507	531	1
1898	684	1
724	519	1
2	207	1
447	182	1
853	787	1
1353	39	1
655	886	1
1120	451	2
1449	673	1
1521	512	1
203	542	1
1169	828	1
116	872	1
1017	69	1
1135	957	1
772	394	1
1379	813	1
313	263	1
503	220	1
79	66	2
75	749	1
583	445	1
992	12	1
372	456	1
124	400	1
1307	372	1
1670	270	1
423	946	1
1164	538	1
1042	148	1
858	281	1
1537	591	1
188	131	1
1146	425	2
2	109	1
240	360	1
406	429	1
1263	3	1
298	453	1
681	138	1
644	95	1
887	427	3
1980	851	1
1663	400	1
246	874	1
121	361	1
668	519	1
1856	305	1
122	226	1
597	889	1
1422	763	1
1866	96	1
440	652	2
17	490	1
1946	445	1
1556	942	1
493	52	1
1314	817	1
384	918	1
1635	919	1
1701	423	1
1040	678	1
251	239	1
669	828	1
1595	70	1
283	126	1
773	837	1
1019	633	1
1489	586	1
1250	973	1
551	489	1
311	180	1
1760	533	1
1283	745	1
53	890	2
1888	852	1
907	589	1
1410	683	2
381	660	1
1449	595	1
1443	711	3
1434	867	1
550	900	1
1533	163	1
1218	723	1
690	65	2
1868	37	1
374	390	1
1384	967	1
1172	353	1
910	397	1
1684	220	2
777	637	1
1405	788	1
971	636	1
17	80	1
1969	946	1
1336	817	1
1500	467	3
1802	482	1
1938	472	1
158	65	1
539	226	1
1917	261	1
463	763	1
1254	929	1
1191	909	1
771	831	1
1244	45	1
1576	823	1
188	554	1
1001	440	1
970	777	1
556	567	2
305	325	1
1562	492	1
1093	423	1
1696	851	2
1414	806	1
1985	497	1
719	561	1
381	745	1
1974	67	1
1036	24	1
1079	908	1
510	857	1
937	37	1
296	535	1
1704	912	1
336	389	1
75	847	1
325	725	1
745	152	1
1063	230	1
429	430	1
1644	606	1
1396	738	1
92	991	1
1549	87	1
771	800	1
1403	903	1
997	603	1
572	75	1
969	376	1
329	614	2
1924	103	1
1982	189	1
671	723	1
819	99	1
1858	73	1
1276	202	1
733	636	3
1388	918	1
421	766	3
263	347	1
213	417	1
1356	63	1
257	781	1
1892	291	1
1666	291	1
538	544	1
1483	94	1
394	987	1
1432	808	1
1878	603	1
32	277	1
1339	414	1
98	241	1
742	169	1
1121	647	1
1663	419	2
1814	793	1
1382	383	1
243	861	1
963	363	1
1547	828	1
285	739	1
1554	580	1
1569	634	1
818	912	1
172	702	3
1452	744	1
1434	231	1
458	570	1
599	534	1
1166	212	1
362	367	1
1460	606	2
568	474	1
1665	914	1
943	431	1
311	377	2
1804	124	1
431	120	1
264	1	1
32	127	2
1918	899	1
466	91	2
1463	879	1
1642	54	1
1467	395	1
1402	147	2
1166	222	1
1715	38	1
1742	558	1
1322	628	1
1812	306	1
954	224	1
240	359	1
1665	339	1
91	556	1
644	977	1
1110	700	1
140	154	1
1683	808	2
1939	921	3
1049	556	1
1912	34	1
109	786	1
677	475	1
8	199	1
1040	738	1
1105	67	1
921	116	1
1043	980	1
1019	192	1
1168	840	1
914	334	1
247	13	1
1589	254	1
478	419	1
203	973	1
1183	983	1
1999	447	1
1666	104	1
1716	370	1
304	605	1
1113	405	1
1694	511	1
151	590	3
1327	577	1
249	591	1
633	728	1
239	50	1
973	694	1
92	741	1
909	118	1
1710	204	1
569	675	1
718	405	1
775	975	1
315	959	1
728	375	1
109	572	1
515	40	1
1265	381	1
1648	181	1
621	897	1
1200	485	1
446	838	1
488	290	1
1001	897	1
207	819	1
1247	770	1
769	261	2
1832	669	1
1037	846	1
1640	66	1
872	367	1
726	223	1
1889	544	1
947	848	1
765	271	1
626	176	1
1497	594	1
888	969	1
1539	564	1
312	984	1
659	418	1
319	992	3
1044	656	3
1105	956	1
1303	620	1
1783	429	1
1376	14	1
1426	15	2
1599	396	1
863	724	1
1420	880	1
48	864	1
642	80	1
570	361	1
213	254	1
1869	788	1
11	527	1
1351	855	1
418	746	1
540	77	1
1677	745	1
1707	737	1
1680	468	1
1493	829	1
399	379	1
1138	812	1
1341	76	1
1412	522	1
1214	424	1
173	13	1
1184	248	1
591	940	1
288	735	1
1925	24	1
1826	160	1
831	485	1
1711	542	1
1140	746	1
490	455	1
1535	464	1
1122	303	1
1866	20	1
1026	716	2
779	469	1
466	68	1
88	769	1
418	325	1
60	962	1
1735	288	1
1565	906	1
1861	572	2
80	934	1
9	65	1
877	827	1
1642	1000	1
1709	356	1
728	184	1
1362	432	1
825	308	1
678	290	1
786	579	1
364	644	1
447	47	1
289	302	1
1290	215	1
184	929	1
395	559	1
1576	324	1
1077	567	1
1002	337	1
1017	839	1
1632	579	1
47	57	2
1942	16	1
437	794	1
1854	801	1
296	256	1
661	945	1
436	87	1
1979	432	1
757	574	1
527	26	1
608	172	1
84	395	1
1691	911	1
455	731	1
979	500	2
144	679	1
1559	871	1
1041	654	1
1184	384	1
1156	999	2
1535	404	1
366	596	2
363	788	2
778	600	1
1822	86	1
1639	870	1
614	243	1
247	319	1
1711	208	1
746	122	1
1321	672	1
995	978	1
1291	211	1
1795	452	1
1421	523	1
1776	475	1
848	766	1
1602	14	1
1588	380	1
1166	118	1
1164	712	1
250	219	1
92	689	1
736	430	1
61	237	1
1731	154	1
128	540	1
127	892	2
1248	609	1
1225	623	1
1551	276	1
417	956	1
903	511	1
1553	303	1
1685	645	1
746	641	1
1402	452	1
122	664	1
75	737	1
1838	869	1
1741	794	1
124	64	1
1968	991	3
116	712	1
19	962	1
510	347	1
847	962	2
1188	686	1
955	888	1
1939	194	1
1911	568	1
1017	874	1
177	105	1
1005	563	1
1713	996	1
1878	640	1
1680	754	1
660	587	1
1272	470	1
1493	88	1
750	173	1
194	240	1
793	59	1
979	833	1
510	502	1
1670	628	1
1612	900	1
1402	415	1
1370	718	1
486	354	1
1911	690	1
798	728	1
1725	388	2
904	86	1
13	573	1
1327	925	1
463	77	2
441	10	1
1334	347	3
705	589	3
1930	411	3
1862	88	3
1647	566	1
1654	735	2
928	929	1
1205	976	1
586	711	1
851	864	2
854	630	1
1043	445	1
765	349	1
1641	147	1
755	247	1
1869	86	3
1201	864	1
1425	236	1
286	998	1
915	844	1
615	743	2
72	586	1
783	296	1
115	783	1
1662	729	1
1542	50	1
1287	573	1
10	250	1
1269	597	1
129	565	1
447	671	1
1337	906	1
1419	695	1
1150	717	1
892	729	1
1263	672	1
1896	480	1
866	136	1
1803	107	1
174	570	1
681	727	1
766	548	1
1538	877	1
1788	345	1
1966	803	1
1613	734	1
1724	976	1
420	701	1
543	598	1
1216	574	1
418	560	1
1116	478	1
723	983	1
474	397	1
818	999	1
80	630	1
742	45	3
347	235	1
1350	73	1
885	402	1
394	545	1
1037	368	1
52	792	2
607	627	1
1365	41	1
865	165	1
1639	699	1
1906	824	1
1081	442	1
52	17	1
953	837	1
890	93	1
729	522	1
1822	896	1
662	602	1
105	605	1
1280	341	1
422	12	1
1750	239	1
551	80	2
116	948	1
1039	757	1
841	638	1
1736	222	1
1620	954	1
479	685	2
1127	907	1
728	318	1
1635	812	1
379	274	1
1822	751	1
74	810	1
249	270	1
168	151	1
312	671	1
1364	721	1
262	228	1
960	32	1
1050	967	1
1886	888	1
1591	753	1
1464	535	1
479	78	1
1734	72	1
1710	268	1
607	29	1
1728	336	1
1413	789	1
37	314	1
1113	190	1
1648	489	1
1755	526	1
327	778	1
1802	393	1
1849	719	1
1690	779	2
285	383	1
1348	93	1
746	147	1
1183	204	1
215	463	3
95	30	1
836	721	1
1895	790	1
1423	215	1
1300	902	2
1829	588	1
628	749	1
1396	91	1
1349	34	1
737	436	1
304	276	1
1141	352	1
1548	636	3
1888	357	1
337	413	1
1522	527	1
1867	80	1
737	627	2
372	352	1
1304	133	2
532	558	3
99	715	1
1600	793	1
1479	39	2
1931	482	1
1998	199	1
1654	910	1
896	22	1
1408	900	1
475	583	1
946	512	1
1983	587	1
1167	659	1
1227	538	1
692	975	1
755	763	1
241	839	1
271	917	1
1399	494	1
992	156	1
1720	816	1
1747	816	1
1320	329	1
1106	787	1
1219	783	1
928	501	1
860	513	1
1881	906	3
19	368	1
422	160	1
1880	98	2
44	66	1
1158	129	1
845	856	1
1269	99	1
1290	436	1
653	702	1
1306	240	1
341	848	1
1939	944	1
1370	32	2
1634	497	1
1081	37	1
1831	75	1
792	933	2
1377	852	1
500	298	1
1159	305	1
582	55	1
1779	901	1
1002	534	1
1260	100	1
1918	69	1
1032	212	1
653	624	1
1235	593	1
1757	716	1
1499	59	1
1422	5	1
520	120	1
201	567	1
1373	539	1
253	140	3
934	630	2
485	571	1
8	103	1
1636	943	1
1722	963	1
841	303	1
865	36	1
224	959	1
1685	343	1
456	975	1
1092	333	1
569	660	1
790	166	1
1925	646	1
1701	29	1
1825	981	1
902	715	1
775	626	1
1076	787	1
801	6	1
1978	144	1
1953	351	1
1148	450	1
721	680	1
913	693	1
1261	842	1
1730	625	1
1195	740	1
288	298	1
1520	542	3
1436	974	1
368	6	1
1155	114	1
1452	434	1
1883	397	1
449	554	1
749	185	1
221	20	1
1785	584	3
1921	969	1
462	576	1
1718	996	1
1304	314	3
1042	996	1
963	849	1
313	477	1
526	774	1
1577	783	1
904	491	1
709	753	1
1954	880	1
609	627	1
1798	396	1
1184	393	1
355	949	1
817	1	1
472	512	1
1290	16	1
1121	498	1
920	703	1
1558	168	1
594	967	1
1539	135	1
996	874	1
1560	201	1
887	698	1
1972	594	1
711	76	1
957	676	1
1915	298	1
1157	329	1
993	236	1
1646	92	1
366	300	1
911	281	3
1872	697	1
798	440	1
863	349	1
820	878	1
1487	21	1
1613	559	1
1424	249	1
649	964	3
1736	787	1
1295	965	1
1795	365	1
1901	325	2
1639	266	1
337	290	1
644	946	1
1610	888	1
664	469	2
1283	951	1
139	80	1
1329	660	2
705	311	1
1878	608	1
1047	798	3
1972	850	1
1782	471	1
1600	164	1
992	681	1
1448	839	1
527	260	1
1210	763	1
1725	883	1
786	453	1
842	126	1
1750	849	1
869	198	1
1349	603	1
756	898	1
1512	349	1
208	662	1
11	896	1
148	969	1
12	326	3
1852	946	1
1158	419	1
1160	973	1
1273	608	1
984	578	1
414	104	2
898	943	1
140	32	1
1927	794	1
74	908	1
1185	126	1
1028	642	1
1741	445	1
1527	556	1
1127	961	1
1742	50	2
236	990	1
1371	987	1
1893	506	1
1823	294	1
745	315	1
930	836	1
871	687	1
1391	28	2
1165	488	1
1064	846	1
1324	557	2
1577	424	1
700	76	1
331	294	1
1761	540	1
444	261	1
161	277	1
404	844	1
1524	353	1
263	343	2
1807	268	1
486	146	1
719	29	1
1045	609	1
1153	598	1
1353	552	1
1501	403	1
1088	691	1
683	861	1
615	856	1
1556	879	1
1598	447	1
1705	12	3
585	130	1
1187	954	1
478	41	1
890	844	1
386	947	1
710	884	1
1086	708	1
534	911	1
814	867	1
1873	644	1
853	904	1
1730	523	1
500	352	1
122	999	1
1402	858	1
1853	444	1
635	580	1
1151	875	1
1327	91	1
178	40	1
1889	464	1
1571	234	1
1292	708	1
365	191	1
354	493	1
1072	567	1
1599	595	2
345	695	1
213	195	1
1313	651	1
238	648	1
441	307	1
584	681	1
1379	969	1
1950	622	1
454	236	1
496	854	1
761	771	1
433	278	1
1720	322	1
608	276	1
28	366	1
247	534	1
792	907	1
3	823	1
149	680	3
126	995	1
504	510	1
568	370	1
338	209	1
452	151	1
1742	725	1
489	630	1
1703	847	1
1969	280	1
595	271	1
575	21	1
1724	413	1
1690	829	1
103	144	1
1103	144	1
488	25	1
1368	971	1
586	196	1
485	600	1
1613	101	3
1155	558	1
1194	665	1
1137	616	1
293	790	1
1258	106	1
882	816	1
142	467	3
340	941	1
1272	112	1
1325	174	1
684	770	1
754	628	1
477	77	1
1273	322	1
632	802	1
913	78	1
1136	573	1
475	48	1
376	279	1
820	922	1
150	682	1
1238	250	1
1438	488	1
1800	405	1
1205	835	1
1604	662	3
1303	810	1
314	241	1
1734	920	1
937	397	1
1732	246	1
1758	630	1
1228	398	1
1635	931	1
426	696	1
215	698	1
900	72	1
2000	721	1
1468	606	1
849	139	1
247	473	1
727	320	1
1589	526	1
1914	464	1
666	624	1
919	357	1
1294	97	1
796	42	1
1337	464	1
718	142	1
323	896	3
1722	578	1
1362	559	1
944	759	1
1313	686	1
1825	510	1
1062	844	2
854	956	1
1932	161	1
904	242	1
57	884	1
778	942	1
449	753	1
591	938	1
456	29	1
1294	600	1
1101	108	1
80	756	1
210	758	1
951	444	1
429	63	1
126	325	1
1800	303	1
577	665	1
705	598	1
1434	949	1
1027	225	3
729	617	1
292	528	1
1679	810	1
21	844	1
909	876	1
1630	281	1
142	609	1
1633	844	1
594	420	1
488	189	1
1439	378	1
1355	693	1
805	917	1
1802	209	1
1686	527	1
1455	883	1
1568	469	1
1716	24	1
32	312	1
1241	235	1
1182	360	1
170	776	1
1674	674	1
96	754	1
652	881	1
1181	356	1
145	45	2
331	798	1
267	708	1
411	79	1
840	808	1
691	819	1
410	811	1
1685	574	1
267	977	1
1880	840	1
1464	977	1
197	608	1
1613	494	1
702	97	1
1537	488	1
1645	242	1
869	210	1
496	199	1
43	792	1
1893	934	2
655	694	1
884	763	1
363	141	1
860	978	1
1198	123	1
1170	649	1
46	203	1
429	367	1
1366	349	1
523	977	1
937	429	1
91	717	1
452	442	1
239	525	1
1544	154	1
1089	717	1
1517	714	1
1318	191	1
1183	824	1
91	987	1
1177	560	1
1189	766	1
602	530	1
527	733	2
6	478	1
803	323	1
129	573	1
560	551	1
1114	845	1
158	487	1
860	418	1
731	983	1
1307	604	3
94	463	1
419	419	1
1423	11	1
289	670	1
1452	438	2
743	651	2
1544	466	1
1814	868	1
182	685	1
348	133	3
775	699	1
1923	394	1
1847	416	1
1240	459	1
21	355	1
956	474	1
488	494	1
305	999	1
849	744	1
1493	533	2
1160	724	1
501	46	1
1551	687	1
1408	28	1
1318	246	1
295	79	1
1336	520	1
428	529	1
297	294	1
1650	881	1
643	605	1
1453	110	3
1517	695	1
134	96	1
1231	981	1
8	471	1
1491	480	1
239	242	2
980	702	3
1644	291	1
1550	11	1
876	523	1
202	212	1
1607	371	1
784	422	1
1072	277	1
1737	529	1
395	472	1
975	171	1
1459	518	3
132	251	1
1603	285	1
1238	505	1
21	515	1
131	954	1
917	909	1
1008	819	1
1358	697	2
1720	795	1
328	445	1
1252	645	1
1756	371	1
800	768	1
1162	105	1
1966	678	1
1461	965	1
847	204	1
867	95	2
896	959	1
1715	689	1
397	296	1
734	106	1
1728	200	1
300	976	2
1282	693	1
1798	631	1
724	558	1
354	511	1
634	725	3
715	929	1
17	714	1
1257	607	1
747	321	1
1348	301	1
762	650	1
1353	563	1
318	248	1
1576	182	1
117	963	1
562	345	1
1610	847	1
1227	597	1
934	310	1
900	825	1
58	68	1
1508	163	1
16	915	3
786	350	2
1293	257	1
1077	114	1
205	402	3
350	304	2
1865	523	1
1512	289	1
387	557	1
407	560	1
1000	835	1
776	35	1
1175	748	1
50	686	1
996	778	1
820	274	1
587	889	1
1093	459	1
122	452	1
1302	50	1
1391	717	1
1319	757	1
1943	74	1
279	992	1
802	885	1
28	667	1
556	637	1
971	616	1
1586	540	1
1437	758	1
319	370	1
1651	201	1
686	806	1
733	663	1
929	836	1
1144	201	1
1044	787	1
666	274	2
1854	963	2
998	2	1
1077	708	1
684	793	1
1437	386	1
1452	289	1
1108	787	1
485	725	1
1376	443	1
599	48	1
227	991	1
710	568	1
1585	206	1
319	430	1
1703	370	1
233	533	1
525	860	1
999	118	1
1691	914	1
178	661	1
430	782	1
1381	13	1
1308	943	1
1997	3	1
898	510	1
814	30	1
923	722	1
1646	555	1
798	39	1
1187	878	1
294	30	1
1043	339	1
1478	914	1
118	330	1
827	860	1
1059	85	1
982	124	1
271	225	1
1613	486	1
682	989	1
1976	411	1
1832	911	1
989	17	1
1488	564	1
1271	394	1
248	776	1
176	644	1
821	734	2
1268	29	1
627	8	1
48	860	1
1885	801	1
1226	165	1
362	144	1
1710	156	1
761	617	1
1458	129	1
17	429	1
954	280	1
1153	474	1
1977	810	1
1921	375	1
199	276	1
1380	245	3
1703	757	1
294	933	1
1811	661	1
917	895	1
97	365	1
1422	551	1
188	206	1
1347	305	1
1752	661	1
1314	831	1
1770	798	1
115	142	1
767	199	1
1486	288	1
1052	575	1
1940	526	1
701	283	1
29	432	3
119	261	1
617	635	1
1539	457	1
762	74	1
946	286	1
157	438	1
23	975	1
424	567	1
1922	388	1
1784	38	1
1162	568	1
1323	377	1
467	596	1
1052	392	1
1946	212	1
1941	704	1
246	103	1
1562	99	1
1054	567	3
356	560	1
357	997	1
1769	870	1
1719	456	1
1844	664	1
1831	601	1
674	578	1
747	525	1
1216	827	1
934	46	1
1511	36	1
1695	65	1
905	742	1
1587	341	1
1241	693	1
360	471	1
1488	168	1
703	510	1
692	546	1
1127	52	1
423	830	2
929	782	1
322	265	1
947	655	1
1742	392	1
1564	126	1
1054	487	1
885	717	1
1197	934	1
887	529	1
1406	73	1
885	776	1
668	686	1
1936	746	1
867	984	1
915	359	1
284	150	1
229	905	1
1798	524	1
661	591	1
7	832	1
679	327	1
1871	411	1
157	809	1
420	981	1
1658	265	1
1608	704	2
1481	734	1
414	788	1
1704	242	3
193	192	1
1123	894	1
1452	679	1
574	882	1
1109	111	1
1327	108	1
875	694	1
1304	207	1
1301	148	2
520	934	1
85	215	1
528	834	1
1274	139	1
1864	812	1
537	434	1
561	135	1
1458	763	1
723	791	1
1856	573	1
1587	812	1
1512	327	1
1107	541	2
1301	126	2
1345	439	1
1145	794	1
1598	235	1
354	35	1
755	382	1
1864	827	1
1603	995	1
1590	904	1
1704	599	1
1310	942	1
559	138	1
1191	874	1
1242	323	1
431	102	1
1784	451	1
1689	807	2
287	991	1
1284	873	1
85	391	1
1612	689	1
1611	263	1
1701	292	1
1661	117	1
418	278	1
1308	39	3
242	678	1
1626	544	1
1549	905	1
1074	831	1
1230	311	1
1926	804	2
1436	621	1
1624	213	1
1777	939	1
975	993	1
1004	882	1
237	791	1
704	56	1
1842	914	1
713	205	1
220	608	1
304	241	1
1581	198	1
491	672	1
381	771	1
739	569	1
1853	577	1
211	782	1
648	485	1
817	183	1
1354	274	1
1609	771	1
540	53	1
1448	482	1
1696	184	1
314	453	1
1105	522	1
103	693	1
985	724	1
1905	340	1
840	395	1
1625	672	1
35	632	1
404	866	1
95	222	1
528	134	1
434	848	1
434	301	2
1363	847	2
1424	58	1
1853	143	1
1445	297	1
1270	188	3
1982	565	3
520	334	1
290	351	1
1740	83	1
1193	800	1
1315	834	1
1067	613	1
757	576	1
1714	609	1
1634	635	1
1417	884	1
230	772	1
1403	136	1
1518	420	1
734	206	3
120	556	1
1524	131	1
693	342	1
549	246	1
1398	740	1
392	477	1
44	294	1
1223	369	1
1666	221	1
85	633	1
1683	859	1
375	62	1
1507	310	3
1115	242	1
1132	981	1
483	210	1
810	404	1
1261	274	1
476	322	3
1301	637	1
1426	332	1
1188	452	3
1815	411	1
1288	764	1
1571	583	1
603	325	2
302	617	3
1976	913	1
1463	609	2
957	788	1
155	542	1
1784	430	1
1992	392	1
1320	584	1
1470	835	1
550	706	1
1351	335	1
1148	888	1
1669	365	1
1799	430	2
635	145	1
1323	209	1
764	354	1
1350	330	1
287	906	1
690	555	1
746	648	1
1211	888	1
1948	742	1
775	999	2
279	646	1
739	704	1
234	226	1
1000	354	3
527	1000	1
1620	108	1
892	261	2
1919	727	1
1580	244	1
1109	500	1
1974	613	1
1164	338	3
1626	814	3
1458	659	1
357	431	1
188	463	1
1994	23	2
108	950	1
1843	369	1
911	328	1
1965	328	2
55	68	1
1268	787	1
1814	277	2
269	324	1
940	997	1
1484	533	1
1243	719	2
1486	765	1
1055	366	1
601	267	1
951	853	1
1722	422	1
912	826	2
1348	748	1
238	66	1
889	494	1
150	829	3
405	236	1
984	178	1
1714	246	1
1552	181	1
917	995	1
1563	309	1
1187	329	2
173	378	1
115	298	2
621	676	1
1461	738	1
1902	170	1
72	298	1
1750	767	1
6	567	3
1613	355	1
797	333	1
1415	521	1
78	895	1
1551	24	1
958	971	1
1228	488	1
145	935	1
1327	216	1
148	450	1
1403	30	1
1923	695	1
1231	550	1
569	211	1
1912	651	1
1129	106	1
1517	525	1
1586	859	1
1690	733	1
200	440	1
745	340	1
1213	950	1
837	281	1
302	932	1
894	994	1
1456	118	1
1208	837	1
734	498	1
50	77	1
847	403	1
1399	35	1
1173	435	1
969	999	1
1095	95	1
173	855	1
609	544	2
1530	971	2
1209	964	1
872	881	1
884	204	1
283	143	1
74	198	1
320	487	1
177	317	1
1150	901	1
317	279	1
240	868	1
1034	747	1
727	554	1
1930	626	1
1598	653	1
1379	410	1
46	578	1
290	563	1
572	492	2
1056	951	1
1839	633	1
1322	316	1
522	176	1
1208	73	1
1215	319	1
38	491	3
1204	859	1
1497	329	1
1884	749	1
1052	40	1
1538	820	1
1686	296	1
1019	560	1
894	549	1
1460	80	1
1122	869	1
425	287	1
1133	798	1
1295	681	1
130	691	1
754	629	1
951	695	1
1770	945	1
322	38	1
710	995	1
1588	418	1
1531	462	1
1668	333	1
1298	731	1
1392	25	1
1447	684	1
1861	100	1
1732	348	1
1910	717	1
227	231	1
968	924	1
1252	548	1
983	705	1
1923	297	1
168	829	1
179	604	1
1273	650	1
1025	832	3
86	322	1
1220	39	3
1226	651	1
629	783	1
1567	394	1
338	645	1
1944	962	1
791	703	1
1072	265	1
871	529	1
360	1000	1
838	590	1
1356	537	1
23	33	1
1605	543	1
1599	147	1
1604	732	1
1843	600	1
1635	545	1
71	746	1
1062	385	1
720	675	1
1618	962	1
1376	235	1
758	459	1
1145	801	3
1142	391	1
1466	96	1
759	602	2
1979	861	1
1432	871	1
1958	354	1
29	223	1
1780	461	1
1871	95	2
1291	526	1
628	486	1
14	520	1
1481	138	1
64	941	2
478	559	1
423	889	1
113	649	1
1919	292	1
423	591	1
534	776	1
296	8	1
317	388	1
681	459	1
665	1000	3
824	838	1
1994	741	1
862	778	1
955	330	1
1357	378	1
1209	821	1
902	108	3
101	412	1
1552	972	1
875	273	1
113	454	1
958	651	1
1893	545	1
231	601	1
849	234	1
1644	966	1
1526	103	1
1155	166	1
128	148	1
124	306	1
1364	662	1
1649	943	3
866	970	1
1562	333	1
925	967	1
1832	84	3
567	887	1
1268	148	1
1649	279	1
356	721	1
737	889	1
1521	481	1
486	935	1
467	496	1
354	657	1
898	46	1
708	414	1
532	871	1
956	902	1
597	844	1
1892	28	1
1003	823	2
1545	56	1
40	924	1
1371	436	1
554	797	1
1534	776	1
1169	898	1
373	940	1
1884	180	1
899	620	1
1418	191	1
1418	11	1
1190	590	1
502	843	1
903	996	1
1691	590	1
1870	129	2
1823	521	1
849	240	1
1	513	1
637	539	1
720	661	1
502	201	1
387	739	1
884	121	1
1296	603	2
980	548	1
1734	203	3
1148	623	1
1802	297	1
478	385	1
1594	945	1
1345	543	1
1323	441	1
675	815	1
1773	586	1
1458	430	1
299	299	1
653	565	1
1067	691	1
1249	357	1
1860	420	1
173	558	1
383	980	1
413	868	1
18	502	1
703	570	1
1139	509	1
1924	814	1
654	619	1
592	822	1
1828	657	3
1780	774	1
9	59	1
1107	211	1
1641	869	3
1650	485	2
628	4	1
1063	676	1
1169	695	1
329	529	1
1421	874	1
1680	159	1
1381	464	1
1178	649	1
1843	296	1
1714	398	1
878	422	1
138	486	3
1601	902	1
391	1	1
1597	840	1
1186	372	3
117	309	1
1584	15	1
34	722	1
619	496	1
1954	336	1
499	823	3
1941	875	1
203	816	1
907	475	1
1966	25	1
1914	873	1
1250	504	1
661	19	2
811	642	1
527	664	3
1041	596	1
259	979	1
265	71	1
616	909	1
681	440	1
382	890	1
1406	515	1
1148	272	1
635	160	3
647	359	1
1378	295	1
881	246	1
778	821	1
413	843	2
748	210	1
1537	124	1
1452	44	1
974	49	1
1578	274	1
477	94	1
1005	906	1
1428	750	2
1798	942	1
1927	519	1
607	28	1
1847	607	1
1667	552	1
847	849	1
1452	704	1
1056	902	1
1852	456	1
1870	636	1
1187	275	1
1763	744	1
297	908	1
1266	532	1
1814	414	1
213	490	1
385	702	1
1104	497	1
797	943	1
1733	806	1
491	511	1
664	355	1
1361	719	1
247	893	1
255	152	1
207	64	1
1879	730	1
1542	254	1
290	641	1
1706	702	1
966	105	2
20	649	1
98	676	1
1689	609	1
1969	223	1
1099	978	1
1455	936	1
234	36	1
80	307	1
1327	946	1
1622	773	1
743	279	1
1470	739	1
228	95	1
1588	16	1
610	264	1
90	130	1
1616	406	1
1432	833	1
14	273	1
1853	162	1
365	245	1
1193	380	2
1063	10	1
6	833	1
538	945	1
236	501	1
902	792	1
1982	826	1
1235	778	3
1178	851	1
788	806	2
832	638	1
92	381	1
973	923	1
844	907	1
1060	832	1
261	791	1
639	955	1
1146	386	1
583	390	1
835	133	1
1937	42	1
1417	819	1
1985	890	1
1277	75	1
489	372	1
618	761	1
1823	469	1
1970	167	1
1278	518	1
1542	661	1
909	962	1
1254	420	1
1575	247	1
1127	986	1
537	43	1
203	101	1
1288	249	1
1497	417	1
1796	432	1
1277	445	1
1235	298	1
912	655	3
1921	525	1
1025	885	1
186	333	1
927	735	1
84	40	2
1215	205	1
971	204	1
1692	6	1
761	991	1
1164	489	2
1663	724	1
1284	904	2
495	976	1
1966	202	1
1388	6	1
1106	849	1
1550	610	1
1258	520	1
1560	859	1
807	691	1
980	454	1
1563	906	1
171	810	1
855	134	1
451	250	1
1131	12	1
465	697	1
212	58	1
807	103	1
1508	602	1
252	377	1
450	407	1
1434	79	1
559	704	1
1987	432	1
388	718	2
329	31	1
1570	766	1
191	916	1
1074	521	3
682	281	1
1730	591	1
60	616	1
947	298	2
1710	15	1
784	373	1
1487	466	1
1246	726	1
609	605	1
875	675	2
1711	436	1
1368	451	1
213	948	1
1573	574	2
1471	132	1
600	520	3
1173	365	1
118	625	1
1211	932	1
1338	256	1
1440	894	1
129	766	1
1395	935	1
370	343	1
1653	665	3
1255	867	1
487	192	1
216	128	1
1241	614	1
1834	689	2
1982	623	1
889	126	1
483	848	1
956	753	2
1690	972	1
945	809	2
408	602	1
636	897	1
1316	240	1
209	87	1
216	513	1
1942	265	1
1438	9	1
283	191	1
1232	334	1
363	691	1
288	514	2
876	695	1
438	227	1
1212	591	1
1527	981	1
1805	772	1
757	419	1
1398	74	1
54	866	1
1756	345	1
20	620	1
614	450	1
948	913	2
394	616	3
594	757	1
943	810	1
327	468	1
1037	377	1
843	24	1
1886	108	1
60	307	1
820	753	1
1577	881	2
1841	533	1
657	442	1
128	377	1
869	442	1
1652	32	1
1662	92	1
887	297	1
1424	946	1
1135	215	1
549	490	2
526	274	1
1252	73	1
993	420	1
1076	803	1
\.


--
-- Data for Name: invoices; Type: TABLE DATA; Schema: public; Owner: -
--

COPY invoices (invid, ordid, amount, issued, due) FROM stdin;
1	273	11.61	2015-05-25	2015-06-01
4	155	5.57	2015-09-18	2015-09-25
7	946	20.66	2015-04-18	2015-04-25
10	451	24.51	2015-10-03	2015-10-10
13	1461	10.20	2016-03-07	2016-03-14
16	98	49.92	2015-07-05	2015-07-12
19	246	20.51	2015-06-07	2015-06-14
22	586	25.57	2015-12-11	2015-12-18
25	1675	41.77	2015-10-03	2015-10-10
28	1968	63.96	2015-12-14	2015-12-21
31	287	17.92	2015-01-15	2015-01-22
34	1500	42.03	2015-03-10	2015-03-17
37	1862	68.82	2015-12-05	2015-12-12
40	1840	9.70	2016-09-02	2016-09-09
43	1936	49.90	2015-11-16	2015-11-23
46	590	26.64	2015-01-12	2015-01-19
49	638	34.30	2015-10-07	2015-10-14
52	430	19.51	2015-02-27	2015-03-06
55	947	50.61	2016-02-23	2016-03-01
58	1634	31.78	2016-01-09	2016-01-16
61	862	13.01	2015-09-23	2015-09-30
64	797	17.03	2015-07-31	2015-08-07
67	1989	5.77	2015-03-18	2015-03-25
70	1558	18.30	2015-08-17	2015-08-24
73	40	10.95	2015-11-02	2015-11-09
76	1003	18.04	2015-06-30	2015-07-07
79	1022	15.08	2015-09-30	2015-10-07
82	377	8.23	2016-07-02	2016-07-09
85	488	59.41	2016-07-13	2016-07-20
88	1619	8.32	2015-04-12	2015-04-19
91	1535	42.66	2016-09-18	2016-09-25
94	860	44.26	2016-05-11	2016-05-18
97	1926	19.36	2015-05-13	2015-05-20
100	994	36.40	2015-12-10	2015-12-17
103	733	38.01	2016-04-12	2016-04-19
106	1317	6.56	2015-03-21	2015-03-28
109	1800	20.30	2015-01-12	2015-01-19
112	1248	21.70	2015-04-28	2015-05-05
115	1116	42.51	2015-01-26	2015-02-02
118	344	19.34	2016-06-03	2016-06-10
121	79	32.31	2015-04-30	2015-05-07
124	374	15.31	2016-07-04	2016-07-11
127	1988	6.17	2015-08-12	2015-08-19
130	1836	19.92	2016-01-31	2016-02-07
133	314	30.55	2016-07-17	2016-07-24
136	149	47.28	2016-06-29	2016-07-06
139	1287	45.18	2015-06-05	2015-06-12
142	1019	50.08	2016-09-27	2016-10-04
145	1613	87.54	2015-12-22	2015-12-29
148	1321	46.49	2015-03-11	2015-03-18
151	982	36.07	2015-06-18	2015-06-25
154	381	21.80	2016-03-31	2016-04-07
157	1243	43.06	2016-07-07	2016-07-14
160	1620	22.81	2016-06-10	2016-06-17
163	355	11.71	2016-07-29	2016-08-05
166	192	12.68	2015-06-16	2015-06-23
169	1421	13.32	2016-08-19	2016-08-26
172	869	48.82	2015-07-12	2015-07-19
175	1245	15.83	2016-04-25	2016-05-02
178	1913	5.34	2015-08-20	2015-08-27
181	1304	69.48	2016-05-28	2016-06-04
184	1329	55.36	2015-07-31	2015-08-07
187	1682	25.88	2015-07-13	2015-07-20
190	201	6.95	2016-06-21	2016-06-28
193	1210	30.88	2015-06-30	2015-07-07
196	974	23.46	2015-05-12	2015-05-19
199	44	54.66	2015-11-23	2015-11-30
202	1719	42.51	2015-10-09	2015-10-16
205	135	5.04	2016-06-16	2016-06-23
208	905	27.86	2015-05-10	2015-05-17
211	1068	8.63	2015-10-24	2015-10-31
214	1538	31.09	2015-08-02	2015-08-09
217	643	31.30	2016-04-04	2016-04-11
220	802	26.57	2015-10-21	2015-10-28
223	1904	8.78	2015-04-27	2015-05-04
226	968	3.77	2016-06-02	2016-06-09
229	669	35.86	2015-01-22	2015-01-29
232	680	24.95	2015-03-08	2015-03-15
235	1105	37.03	2015-07-10	2015-07-17
238	1028	6.30	2016-01-02	2016-01-09
241	633	18.26	2016-05-28	2016-06-04
244	1807	11.00	2015-12-02	2015-12-09
247	281	7.20	2015-03-25	2015-04-01
250	496	45.05	2016-04-06	2016-04-13
253	117	16.04	2015-04-13	2015-04-20
256	1691	31.78	2015-05-19	2015-05-26
259	830	11.26	2015-10-23	2015-10-30
262	1185	8.99	2016-02-01	2016-02-08
265	434	57.20	2015-04-14	2015-04-21
268	1124	11.16	2015-07-22	2015-07-29
271	1074	42.20	2015-06-10	2015-06-17
274	456	22.50	2016-04-01	2016-04-08
277	652	13.44	2015-10-07	2015-10-14
280	121	14.50	2015-07-31	2015-08-07
283	515	12.44	2015-11-01	2015-11-08
286	1949	13.38	2015-04-29	2015-05-06
289	1241	42.73	2015-05-27	2015-06-03
292	1583	13.07	2015-10-20	2015-10-27
295	1622	28.28	2015-01-31	2015-02-07
298	1814	56.80	2016-06-02	2016-06-09
301	1598	34.44	2015-10-19	2015-10-26
304	642	4.44	2016-04-07	2016-04-14
307	764	10.00	2015-09-17	2015-09-24
310	334	12.10	2016-08-21	2016-08-28
313	1031	9.47	2015-06-20	2015-06-27
316	1079	25.46	2015-04-09	2015-04-16
319	1349	32.22	2015-04-27	2015-05-04
322	1467	21.83	2015-11-07	2015-11-14
325	503	8.67	2015-04-05	2015-04-12
328	930	12.09	2015-04-29	2015-05-06
331	953	22.28	2015-12-08	2015-12-15
334	1938	8.77	2015-12-02	2015-12-09
337	1915	10.90	2015-08-15	2015-08-22
340	1440	25.57	2016-06-22	2016-06-29
343	229	26.88	2016-08-04	2016-08-11
346	851	17.05	2015-11-01	2015-11-08
349	1355	17.45	2016-03-26	2016-04-02
352	648	9.38	2015-08-29	2015-09-05
355	272	10.97	2016-02-03	2016-02-10
358	1270	92.36	2015-04-14	2015-04-21
361	1765	18.67	2016-04-13	2016-04-20
364	973	18.94	2015-10-27	2015-11-03
367	551	31.99	2016-08-22	2016-08-29
370	443	11.56	2016-02-12	2016-02-19
373	935	7.35	2015-09-05	2015-09-12
376	671	3.44	2016-01-04	2016-01-11
379	1178	20.46	2015-10-29	2015-11-05
382	1404	16.27	2015-10-04	2015-10-11
385	1528	24.70	2015-02-12	2015-02-19
388	1676	11.31	2016-06-29	2016-07-06
391	1716	31.34	2015-08-27	2015-09-03
394	1056	24.09	2015-07-09	2015-07-16
397	1405	17.72	2015-08-19	2015-08-26
400	1966	35.55	2016-02-15	2016-02-22
403	291	13.04	2015-12-12	2015-12-19
406	1144	8.09	2015-06-09	2015-06-16
409	1655	9.05	2015-10-27	2015-11-03
412	1106	48.98	2015-01-14	2015-01-21
415	840	36.51	2015-04-28	2015-05-05
418	253	40.99	2016-04-12	2016-04-19
421	446	21.65	2015-01-03	2015-01-10
424	649	36.76	2016-01-21	2016-01-28
427	580	19.96	2015-11-09	2015-11-16
430	983	8.53	2015-09-29	2015-10-06
433	1834	32.80	2016-09-14	2016-09-21
436	720	36.33	2015-11-09	2015-11-16
439	1574	23.88	2016-07-05	2016-07-12
442	1961	12.46	2015-09-03	2015-09-10
445	1017	36.24	2015-09-05	2015-09-12
448	1612	48.31	2016-09-20	2016-09-27
451	295	24.10	2016-06-23	2016-06-30
454	783	3.39	2015-02-25	2015-03-04
457	1692	6.24	2015-10-01	2015-10-08
460	1891	23.43	2016-06-17	2016-06-24
463	616	29.62	2016-02-03	2016-02-10
466	1064	7.54	2016-02-14	2016-02-21
469	1556	31.90	2016-08-24	2016-08-31
472	1783	5.61	2016-07-08	2016-07-15
475	47	44.93	2015-03-15	2015-03-22
478	1456	15.49	2016-03-25	2016-04-01
481	1614	40.22	2015-10-26	2015-11-02
484	1274	12.79	2015-08-20	2015-08-27
487	320	4.92	2015-06-25	2015-07-02
490	1006	5.19	2016-01-30	2016-02-06
493	1309	10.35	2015-10-16	2015-10-23
496	621	41.45	2015-10-31	2015-11-07
499	1037	32.15	2015-08-17	2015-08-24
502	1673	33.76	2016-07-17	2016-07-24
505	801	17.19	2016-04-14	2016-04-21
508	285	57.29	2015-07-25	2015-08-01
511	29	66.79	2016-01-20	2016-01-27
514	1960	7.51	2015-09-17	2015-09-24
517	1501	39.40	2015-04-14	2015-04-21
520	1950	22.92	2015-02-16	2015-02-23
523	777	22.15	2015-04-06	2015-04-13
526	681	51.28	2015-03-01	2015-03-08
529	708	36.89	2015-02-21	2015-02-28
532	316	9.36	2015-10-23	2015-10-30
535	1851	10.92	2016-07-05	2016-07-12
538	508	13.88	2015-04-09	2015-04-16
541	818	34.25	2016-07-30	2016-08-06
544	1479	21.64	2015-06-30	2015-07-07
547	1439	3.95	2015-08-13	2015-08-20
550	399	13.31	2016-04-05	2016-04-12
553	1550	94.84	2015-06-05	2015-06-12
556	267	38.70	2016-01-25	2016-02-01
559	627	9.74	2016-05-01	2016-05-08
562	157	15.74	2016-07-15	2016-07-22
565	4	14.67	2015-10-14	2015-10-21
568	138	58.06	2016-05-29	2016-06-05
571	124	42.19	2015-09-20	2015-09-27
574	57	56.74	2015-12-09	2015-12-16
577	942	36.36	2016-03-30	2016-04-06
580	814	44.78	2016-05-03	2016-05-10
583	676	25.68	2015-02-21	2015-02-28
586	525	17.65	2016-06-10	2016-06-17
589	600	49.24	2016-07-30	2016-08-06
592	120	32.74	2016-04-12	2016-04-19
595	1141	23.35	2015-07-23	2015-07-30
598	1370	45.28	2015-10-07	2015-10-14
601	322	23.21	2015-11-27	2015-12-04
604	187	10.89	2016-02-21	2016-02-28
607	440	13.08	2015-09-29	2015-10-06
610	1062	71.00	2015-01-16	2015-01-23
613	1878	34.40	2016-09-25	2016-10-02
616	194	32.76	2015-08-06	2015-08-13
619	1714	58.78	2015-10-16	2015-10-23
622	1599	68.90	2016-03-28	2016-04-04
625	807	50.77	2015-04-15	2015-04-22
628	832	54.18	2015-12-07	2015-12-14
631	1943	6.76	2015-12-21	2015-12-28
634	889	22.40	2015-01-18	2015-01-25
637	485	64.00	2016-06-19	2016-06-26
640	1008	16.86	2015-06-07	2015-06-14
643	659	9.97	2015-05-06	2015-05-13
646	1032	10.89	2016-05-13	2016-05-20
649	1438	73.61	2016-08-30	2016-09-06
652	425	16.12	2016-08-07	2016-08-14
655	318	14.51	2015-09-04	2015-09-11
658	234	26.87	2015-08-28	2015-09-04
661	1595	23.17	2015-09-07	2015-09-14
664	101	14.49	2015-01-25	2015-02-01
667	1844	21.50	2016-04-13	2016-04-20
670	1454	13.14	2015-06-01	2015-06-08
673	976	24.09	2016-05-25	2016-06-01
676	1194	7.02	2016-07-10	2016-07-17
679	463	24.86	2016-06-17	2016-06-24
682	1308	80.67	2015-05-13	2015-05-20
685	1294	31.54	2016-02-08	2016-02-15
688	1026	50.70	2015-08-31	2015-09-07
691	1001	41.53	2015-08-23	2015-08-30
694	750	32.07	2015-09-21	2015-09-28
697	139	14.98	2015-11-21	2015-11-28
700	766	20.79	2015-08-25	2015-09-01
703	1044	42.14	2015-06-06	2015-06-13
706	302	38.55	2016-08-21	2016-08-28
709	1819	24.04	2015-11-20	2015-11-27
712	778	26.36	2015-04-07	2015-04-14
715	1	14.92	2016-06-14	2016-06-21
718	1247	19.10	2015-10-25	2015-11-01
721	645	9.48	2015-07-13	2015-07-20
724	1424	53.98	2016-03-25	2016-04-01
727	1132	9.21	2015-05-25	2015-06-01
730	894	22.42	2015-03-14	2015-03-21
733	641	22.24	2015-06-23	2015-06-30
736	262	30.07	2016-03-12	2016-03-19
739	1452	79.02	2015-04-23	2015-04-30
742	1493	67.93	2016-02-09	2016-02-16
745	1688	13.71	2015-09-17	2015-09-24
748	1338	70.17	2015-10-23	2015-10-30
751	774	32.76	2015-05-16	2015-05-23
754	1833	6.24	2016-04-06	2016-04-13
757	1415	18.35	2016-02-04	2016-02-11
760	1757	10.42	2015-07-22	2015-07-29
763	730	14.45	2015-01-18	2015-01-25
766	396	14.87	2016-07-18	2016-07-25
769	1689	36.50	2016-08-04	2016-08-11
772	534	25.61	2015-06-24	2015-07-01
775	1379	61.54	2016-06-07	2016-06-14
778	1593	22.10	2015-05-03	2015-05-10
781	1018	12.08	2016-07-10	2016-07-17
784	1337	30.57	2015-11-14	2015-11-21
787	1818	2.39	2015-08-08	2015-08-15
790	362	13.25	2015-11-25	2015-12-02
793	1651	53.36	2016-09-03	2016-09-10
796	68	7.63	2015-04-11	2015-04-18
799	1153	32.87	2015-07-10	2015-07-17
802	844	33.91	2015-07-03	2015-07-10
805	594	68.43	2016-06-25	2016-07-02
808	1191	26.08	2016-05-28	2016-06-04
811	636	34.97	2015-12-10	2015-12-17
814	1258	46.96	2015-09-29	2015-10-06
817	1895	9.93	2016-08-19	2016-08-26
820	1971	19.14	2015-02-14	2015-02-21
823	1871	41.79	2015-07-22	2015-07-29
826	479	25.27	2015-10-22	2015-10-29
829	1795	30.75	2015-11-02	2015-11-09
832	61	18.40	2015-06-06	2015-06-13
835	800	23.03	2015-02-04	2015-02-11
838	1674	9.09	2016-04-20	2016-04-27
841	576	6.47	2015-01-12	2015-01-19
844	367	28.11	2015-07-01	2015-07-08
847	240	30.25	2016-06-07	2016-06-14
850	655	38.16	2016-04-14	2016-04-21
853	195	8.53	2015-07-08	2015-07-15
856	1667	35.42	2016-06-10	2016-06-17
859	23	22.98	2015-07-04	2015-07-11
862	793	10.61	2016-07-15	2016-07-22
865	545	13.48	2016-07-27	2016-08-03
868	1495	24.68	2016-01-19	2016-01-26
871	1186	28.17	2015-07-01	2015-07-08
874	72	46.48	2016-01-03	2016-01-10
877	1103	23.33	2016-01-07	2016-01-14
880	609	60.21	2016-01-28	2016-02-04
883	740	10.43	2015-11-17	2015-11-24
886	1127	55.46	2015-10-03	2015-10-10
889	494	9.80	2015-01-27	2015-02-03
892	114	18.22	2016-01-09	2016-01-16
895	1015	39.96	2015-11-23	2015-11-30
898	317	17.18	2016-04-09	2016-04-16
901	296	30.02	2015-07-20	2015-07-27
904	1413	10.19	2015-09-10	2015-09-17
907	478	56.77	2015-08-13	2015-08-20
910	1823	31.73	2016-03-16	2016-03-23
913	1286	9.21	2015-10-13	2015-10-20
916	409	27.05	2015-02-10	2015-02-17
919	490	11.00	2016-05-24	2016-05-31
922	928	31.13	2015-12-31	2016-01-07
925	1715	29.20	2015-04-15	2015-04-22
928	634	18.81	2015-03-14	2015-03-21
931	1455	19.02	2015-07-17	2015-07-24
934	1335	23.16	2015-04-19	2015-04-26
937	271	49.48	2015-02-17	2015-02-24
940	1993	27.34	2016-05-20	2016-05-27
943	404	31.38	2015-06-22	2015-06-29
946	1947	17.13	2015-06-12	2015-06-19
949	985	10.60	2015-11-03	2015-11-10
952	678	8.29	2016-08-11	2016-08-18
955	1181	85.72	2016-07-11	2016-07-18
958	1626	57.85	2016-09-26	2016-10-03
961	1611	27.46	2015-11-26	2015-12-03
964	979	65.99	2015-01-05	2015-01-12
967	1261	21.30	2016-06-20	2016-06-27
970	817	53.84	2016-03-30	2016-04-06
973	1883	27.88	2016-04-11	2016-04-18
976	603	23.94	2015-05-01	2015-05-08
979	283	45.58	2016-05-31	2016-06-07
982	1856	13.80	2016-02-21	2016-02-28
985	88	23.87	2016-05-11	2016-05-18
988	1209	25.71	2015-11-11	2015-11-18
991	100	11.24	2016-04-19	2016-04-26
994	1647	15.54	2015-09-14	2015-09-21
997	872	16.86	2015-01-19	2015-01-26
1000	1864	23.30	2016-08-14	2016-08-21
1003	31	29.34	2016-03-30	2016-04-06
1006	1666	33.71	2016-04-25	2016-05-02
1009	1376	53.09	2015-02-01	2015-02-08
1012	1829	22.08	2015-10-21	2015-10-28
1015	672	29.02	2016-04-12	2016-04-19
1018	602	11.69	2015-11-24	2015-12-01
1021	1584	15.33	2015-01-17	2015-01-24
1024	203	32.54	2015-06-23	2015-06-30
1027	1255	72.02	2015-06-01	2015-06-08
1030	1586	52.67	2015-04-05	2015-04-12
1033	617	9.74	2016-04-12	2016-04-19
1036	501	22.33	2016-04-29	2016-05-06
1039	1798	39.92	2015-07-26	2015-08-02
1042	428	8.11	2016-05-06	2016-05-13
1045	200	28.31	2015-05-31	2015-06-07
1048	632	4.57	2016-05-07	2016-05-14
1051	1488	14.66	2015-03-01	2015-03-08
1054	1860	20.91	2015-01-24	2015-01-31
1057	521	19.38	2015-11-06	2015-11-13
1060	1462	13.64	2015-03-17	2015-03-24
1063	598	12.52	2015-12-18	2015-12-25
1066	1811	39.48	2015-11-19	2015-11-26
1069	1396	45.88	2015-10-11	2015-10-18
1072	464	26.13	2016-01-10	2016-01-17
1075	497	10.66	2015-10-17	2015-10-24
1078	1700	2.60	2015-06-21	2015-06-28
1081	1432	80.96	2015-04-24	2015-05-01
1084	1057	12.44	2015-01-21	2015-01-28
1087	523	24.95	2015-04-15	2015-04-22
1090	727	13.34	2015-11-26	2015-12-03
1093	1635	41.36	2016-05-27	2016-06-03
1096	30	26.67	2015-12-02	2015-12-09
1099	389	14.94	2015-07-24	2015-07-31
1102	163	5.19	2015-12-04	2015-12-11
1105	874	24.12	2016-08-07	2016-08-14
1108	556	19.49	2016-02-12	2016-02-19
1111	1571	35.96	2016-08-17	2016-08-24
1114	665	46.10	2015-03-26	2015-04-02
1117	940	18.16	2015-09-17	2015-09-24
1120	864	7.22	2016-04-02	2016-04-09
1123	1506	15.89	2015-11-01	2015-11-08
1126	1728	28.52	2016-05-19	2016-05-26
1129	1687	34.73	2015-03-14	2015-03-21
1132	820	65.53	2016-05-01	2016-05-08
1135	1050	19.45	2016-01-07	2016-01-14
1138	1433	14.16	2016-08-29	2016-09-05
1141	1892	17.96	2015-06-02	2015-06-09
1144	1170	23.20	2016-08-05	2016-08-12
1147	1888	31.76	2015-03-08	2015-03-15
1150	305	21.01	2015-10-12	2015-10-19
1153	239	64.52	2015-06-14	2015-06-21
1156	495	10.59	2016-09-07	2016-09-14
1159	758	10.71	2015-09-22	2015-09-29
1162	1965	33.23	2016-02-03	2016-02-10
1165	1530	50.96	2015-05-15	2015-05-22
1168	180	6.54	2015-05-18	2015-05-25
1171	1367	17.72	2016-01-20	2016-01-27
1174	1107	33.36	2016-02-18	2016-02-25
1177	1195	14.63	2016-05-03	2016-05-10
1180	1679	30.19	2016-06-20	2016-06-27
1183	55	21.51	2015-01-12	2015-01-19
1186	1380	42.56	2016-03-06	2016-03-13
1189	8	40.69	2015-02-01	2015-02-08
1192	776	6.35	2015-03-31	2015-04-07
1195	1138	12.61	2015-02-10	2015-02-17
1198	704	32.97	2016-04-24	2016-05-01
1201	805	26.22	2015-03-05	2015-03-12
1204	744	32.23	2016-09-12	2016-09-19
1207	1508	29.88	2016-05-12	2016-05-19
1210	691	14.23	2015-11-09	2015-11-16
1213	411	13.37	2016-09-10	2016-09-17
1216	992	33.37	2015-10-06	2015-10-13
1219	46	30.10	2016-02-24	2016-03-02
1222	236	12.10	2016-02-19	2016-02-26
1225	604	17.05	2015-10-16	2015-10-23
1228	1564	8.99	2015-04-12	2015-04-19
1231	1290	39.17	2015-11-28	2015-12-05
1234	1401	10.31	2015-12-18	2015-12-25
1237	553	13.11	2015-04-07	2015-04-14
1240	58	34.22	2015-01-20	2015-01-27
1243	682	30.50	2015-06-26	2015-07-03
1246	1873	36.55	2016-04-10	2016-04-17
1249	1730	70.27	2015-04-02	2015-04-09
1252	476	46.93	2015-04-27	2015-05-04
1255	62	6.28	2016-08-26	2016-09-02
1258	902	82.41	2015-10-08	2015-10-15
1261	1491	24.00	2016-09-25	2016-10-02
1264	1914	50.14	2015-01-28	2015-02-04
1267	1029	8.27	2015-12-31	2016-01-07
1270	319	51.74	2016-06-15	2016-06-22
1273	1525	7.89	2015-12-20	2015-12-27
1276	877	45.09	2015-01-24	2015-01-31
1279	1749	4.96	2015-07-25	2015-08-01
1282	1360	5.10	2015-10-09	2015-10-16
1285	1160	41.37	2016-08-07	2016-08-14
1288	612	6.91	2016-09-10	2016-09-17
1291	759	40.28	2015-03-10	2015-03-17
1294	1298	16.39	2016-09-13	2016-09-20
1297	1788	22.67	2015-06-23	2015-06-30
1300	178	20.69	2015-06-14	2015-06-21
1303	131	13.39	2015-11-13	2015-11-20
1306	769	8.30	2015-06-24	2015-07-01
1309	1803	14.44	2016-02-03	2016-02-10
1312	1980	10.60	2015-01-26	2015-02-02
1315	855	19.60	2016-01-11	2016-01-18
1318	726	40.23	2015-09-27	2015-10-04
1321	1906	15.36	2015-12-11	2015-12-18
1324	1114	23.20	2016-03-31	2016-04-07
1327	1090	29.84	2016-03-10	2016-03-17
1330	75	50.72	2015-12-07	2015-12-14
1333	1670	22.07	2015-04-13	2015-04-20
1336	1183	24.01	2016-06-15	2016-06-22
1339	1235	70.84	2015-08-11	2015-08-18
1342	1130	29.35	2015-02-14	2015-02-21
1345	1314	17.41	2015-11-11	2015-11-18
1348	1738	10.51	2016-09-18	2016-09-25
1351	952	40.34	2016-01-26	2016-02-02
1354	2000	13.07	2015-07-26	2015-08-02
1357	559	45.96	2016-01-03	2016-01-10
1360	449	20.63	2015-08-28	2015-09-04
1363	667	9.14	2015-08-28	2015-09-04
1366	1797	14.10	2015-08-07	2015-08-14
1369	137	12.08	2016-09-23	2016-09-30
1372	81	35.23	2015-09-10	2015-09-17
1375	1590	57.68	2015-02-01	2015-02-08
1378	414	24.61	2015-08-28	2015-09-04
1381	128	41.37	2015-08-04	2015-08-11
1384	188	50.04	2015-05-25	2015-06-01
1387	1036	33.29	2015-12-11	2015-12-18
1390	263	59.36	2015-12-20	2015-12-27
1393	210	25.87	2015-02-14	2015-02-21
1396	1226	36.73	2015-07-30	2015-08-06
1399	922	10.60	2015-05-31	2015-06-07
1402	483	35.83	2016-09-10	2016-09-17
1405	986	21.76	2016-09-09	2016-09-16
1408	1410	14.30	2016-05-27	2016-06-03
1411	770	14.86	2015-11-13	2015-11-20
1414	700	20.79	2016-05-17	2016-05-24
1417	1395	23.72	2015-07-06	2015-07-13
1420	293	9.93	2015-09-12	2015-09-19
1423	1963	9.83	2015-03-28	2015-04-04
1426	1804	35.74	2016-03-21	2016-03-28
1429	330	19.32	2016-06-12	2016-06-19
1432	1597	14.77	2015-01-15	2015-01-22
1435	1838	27.80	2015-03-13	2015-03-20
1438	1846	12.94	2015-03-04	2015-03-11
1441	668	24.12	2015-09-07	2015-09-14
1444	772	15.30	2016-01-09	2016-01-16
1447	1318	70.39	2015-09-28	2015-10-05
1450	572	30.76	2015-08-05	2015-08-12
1453	35	13.98	2016-08-01	2016-08-08
1456	248	14.56	2015-05-03	2015-05-10
1459	1817	4.25	2016-07-06	2016-07-13
1462	888	19.42	2015-06-24	2015-07-01
1465	89	11.66	2015-12-22	2015-12-29
1468	1522	8.37	2015-09-13	2015-09-20
1471	712	11.66	2015-07-30	2015-08-06
1474	907	55.88	2016-09-12	2016-09-19
1477	873	9.66	2015-04-07	2015-04-14
1480	1359	7.65	2016-01-01	2016-01-08
1483	1603	32.12	2016-01-02	2016-01-09
1486	391	46.19	2015-05-16	2015-05-23
1489	1768	26.68	2015-01-23	2015-01-30
1492	887	63.86	2015-08-14	2015-08-21
1495	1793	9.23	2016-09-26	2016-10-03
1498	578	13.89	2016-08-12	2016-08-19
1501	1278	67.07	2015-07-03	2015-07-10
1504	1858	18.68	2016-01-12	2016-01-19
1507	1244	19.30	2016-03-13	2016-03-20
1510	1112	7.40	2016-02-07	2016-02-14
1513	212	11.77	2015-06-16	2015-06-23
1516	532	43.86	2015-03-07	2015-03-14
1519	350	37.52	2015-05-06	2015-05-13
1522	1289	34.13	2016-06-05	2016-06-12
1525	1761	9.22	2016-02-10	2016-02-17
1528	175	12.96	2015-11-24	2015-12-01
1531	1301	61.00	2016-09-22	2016-09-29
1534	1368	14.41	2016-08-20	2016-08-27
1537	1939	131.88	2015-06-08	2015-06-15
1540	560	22.34	2016-06-27	2016-07-04
1543	1545	6.91	2016-01-28	2016-02-04
1546	1770	21.62	2015-01-20	2015-01-27
1549	1148	49.71	2015-03-17	2015-03-24
1552	605	8.97	2015-07-18	2015-07-25
1555	222	27.15	2016-02-02	2016-02-09
1558	871	38.05	2015-11-23	2015-11-30
1561	1483	31.86	2016-05-22	2016-05-29
1564	1902	45.50	2015-04-03	2015-04-10
1567	824	50.18	2015-02-27	2015-03-06
1570	447	34.03	2015-05-09	2015-05-16
1573	1283	22.66	2016-07-29	2016-08-05
1576	1573	29.85	2016-01-26	2016-02-02
1579	1972	21.30	2016-01-04	2016-01-11
1582	395	37.64	2016-03-25	2016-04-01
1585	438	6.47	2015-11-17	2015-11-24
1588	821	27.45	2015-03-14	2015-03-21
1591	1850	21.47	2015-10-03	2015-10-10
1594	441	19.15	2016-09-29	2016-10-06
1597	1524	23.30	2016-06-25	2016-07-02
1600	1265	10.02	2015-10-17	2015-10-24
1603	369	10.35	2016-09-01	2016-09-08
1606	1366	10.62	2016-02-29	2016-03-07
1609	938	13.89	2015-04-19	2015-04-26
1612	1312	3.19	2015-08-03	2015-08-10
1615	1097	8.28	2015-06-03	2015-06-10
1618	853	26.58	2015-08-19	2015-08-26
1621	214	11.28	2016-04-10	2016-04-17
1624	1417	40.42	2015-11-21	2015-11-28
1627	360	9.84	2016-03-16	2016-03-23
1630	1434	47.79	2016-05-13	2016-05-20
1633	568	30.37	2015-10-30	2015-11-06
1636	1774	47.60	2016-03-08	2016-03-15
1639	819	15.99	2015-06-29	2015-07-06
1642	1703	25.10	2015-06-24	2015-07-01
1645	1791	24.18	2015-04-24	2015-05-01
1648	1204	23.81	2016-02-07	2016-02-14
1651	773	27.08	2015-06-07	2015-06-14
1654	257	39.55	2015-05-20	2015-05-27
1657	1168	37.21	2015-06-05	2015-06-12
1660	1189	30.44	2015-03-06	2015-03-13
1663	394	56.05	2015-10-06	2015-10-13
1666	280	10.18	2015-10-22	2015-10-29
1669	300	44.86	2015-12-09	2015-12-16
1672	1827	9.12	2015-01-24	2015-01-31
1675	1824	8.96	2016-08-02	2016-08-09
1678	1486	32.58	2016-09-16	2016-09-23
1681	595	25.28	2016-06-18	2016-06-25
1684	552	13.38	2015-06-01	2015-06-08
1687	1565	8.17	2015-11-28	2015-12-05
1690	388	24.22	2016-08-26	2016-09-02
1693	1007	5.13	2016-08-02	2016-08-09
1696	512	32.33	2015-06-22	2015-06-29
1699	686	25.23	2015-09-14	2015-09-21
1702	912	38.84	2016-02-21	2016-02-28
1705	242	8.83	2016-01-24	2016-01-31
1708	701	9.94	2016-05-28	2016-06-04
1711	1641	51.54	2016-02-08	2016-02-15
1714	1385	29.01	2016-05-12	2016-05-19
1717	1922	21.97	2016-05-17	2016-05-24
1720	961	20.87	2015-11-05	2015-11-12
1723	1084	41.62	2015-11-03	2015-11-10
1726	673	8.25	2015-06-20	2015-06-27
1729	315	15.62	2015-04-23	2015-04-30
1732	618	7.49	2015-01-03	2015-01-10
1735	677	15.69	2015-06-17	2015-06-24
1738	711	6.10	2015-02-11	2015-02-18
1741	1203	7.89	2015-10-17	2015-10-24
1744	383	50.60	2015-06-12	2015-06-19
1747	810	24.48	2015-07-29	2015-08-05
1750	710	29.50	2016-08-09	2016-08-16
1753	784	53.38	2015-09-16	2015-09-23
1756	25	21.15	2016-07-29	2016-08-05
1759	1471	40.94	2016-03-07	2016-03-14
1762	1982	74.19	2015-08-24	2015-08-31
1765	1639	43.31	2015-04-06	2015-04-13
1768	1755	12.15	2016-01-18	2016-01-25
1771	211	10.17	2016-05-09	2016-05-16
1774	1398	32.36	2015-02-17	2015-02-24
1777	1416	42.22	2015-12-19	2015-12-26
1780	1513	8.90	2015-12-13	2015-12-20
1783	996	34.60	2016-03-19	2016-03-26
1786	753	5.95	2015-03-06	2015-03-13
1789	130	17.84	2016-06-02	2016-06-09
1792	1510	14.46	2015-03-14	2015-03-21
1795	1428	35.50	2015-05-07	2015-05-14
1798	56	25.52	2016-04-26	2016-05-03
1801	549	54.15	2016-05-01	2016-05-08
1804	1898	27.04	2016-04-09	2016-04-16
1807	348	30.79	2015-11-19	2015-11-26
1810	1407	44.60	2016-06-29	2016-07-06
1813	1054	32.54	2015-12-05	2015-12-12
1816	932	4.59	2015-11-29	2015-12-06
1819	1399	19.76	2015-07-19	2015-07-26
1822	313	44.74	2016-04-11	2016-04-18
1825	757	39.48	2016-02-23	2016-03-01
1828	803	31.82	2015-11-21	2015-11-28
1831	1444	5.41	2015-01-10	2015-01-17
1834	1831	70.32	2015-02-03	2015-02-10
1837	96	14.46	2015-11-10	2015-11-17
1840	963	72.27	2015-02-23	2015-03-02
1843	307	9.02	2015-07-01	2015-07-08
1846	1585	20.69	2015-05-14	2015-05-21
1849	1151	54.78	2016-08-04	2016-08-11
1852	1799	2.34	2015-07-05	2015-07-12
1855	1841	8.46	2016-02-12	2016-02-19
1858	1853	46.34	2015-03-05	2015-03-12
1861	1837	25.88	2016-03-01	2016-03-08
1864	597	23.55	2015-12-16	2015-12-23
1867	345	18.10	2016-05-30	2016-06-06
1870	146	6.47	2016-04-16	2016-04-23
1873	419	24.26	2016-04-12	2016-04-19
1876	1527	21.89	2015-09-12	2015-09-19
1879	867	36.06	2016-02-23	2016-03-01
1882	261	35.82	2015-07-30	2015-08-06
1885	1577	42.62	2016-04-13	2016-04-20
1888	38	36.51	2016-08-31	2016-09-07
1891	373	67.79	2015-07-19	2015-07-26
1894	1702	26.53	2015-01-28	2015-02-04
1897	900	39.48	2015-02-13	2015-02-20
1900	1262	12.46	2015-10-28	2015-11-04
1903	1917	4.15	2016-06-18	2016-06-25
1906	1930	51.02	2016-03-14	2016-03-21
1909	1881	24.51	2015-11-05	2015-11-12
1912	703	20.90	2015-09-27	2015-10-04
1915	1316	23.72	2015-07-06	2015-07-13
1918	11	34.06	2015-06-13	2015-06-20
1921	108	25.61	2016-07-31	2016-08-07
1924	939	42.52	2016-02-10	2016-02-17
1927	265	19.27	2016-06-19	2016-06-26
1930	1576	44.36	2015-09-24	2015-10-01
1933	174	14.66	2016-09-17	2016-09-24
1936	969	25.58	2016-04-24	2016-05-01
1939	1578	22.34	2016-02-17	2016-02-24
1942	301	10.34	2015-07-27	2015-08-03
1945	1269	17.61	2015-04-01	2015-04-08
1948	60	43.26	2016-08-08	2016-08-15
1951	882	29.11	2016-01-12	2016-01-19
1954	1815	38.90	2016-06-10	2016-06-17
1957	1448	34.21	2015-05-13	2015-05-20
1960	1326	27.72	2015-12-25	2016-01-01
1963	1216	38.33	2016-06-20	2016-06-27
1966	1801	38.78	2016-06-17	2016-06-24
1969	1239	5.80	2016-08-18	2016-08-25
1972	1188	50.01	2015-01-31	2015-02-07
1975	998	17.85	2016-08-03	2016-08-10
1978	190	14.66	2015-06-03	2015-06-10
1981	537	21.48	2016-02-06	2016-02-13
1984	298	10.66	2016-03-30	2016-04-06
1987	110	15.36	2016-04-25	2016-05-02
1990	1932	39.91	2016-01-09	2016-01-16
1993	1272	19.10	2015-06-05	2015-06-12
1996	1729	32.80	2016-03-17	2016-03-24
1999	1686	21.26	2015-03-22	2015-03-29
2002	954	33.06	2015-04-19	2015-04-26
2005	1625	23.31	2015-10-13	2015-10-20
2008	1315	21.74	2016-08-03	2016-08-10
2011	455	31.03	2015-03-11	2015-03-18
2014	1951	32.78	2015-01-20	2015-01-27
2017	241	21.39	2015-02-19	2015-02-26
2020	1035	19.51	2016-03-24	2016-03-31
2023	626	24.18	2015-07-26	2015-08-02
2026	915	16.43	2015-04-21	2015-04-28
2029	1900	8.25	2016-03-16	2016-03-23
2032	747	63.01	2015-03-16	2015-03-23
2035	837	4.14	2015-11-10	2015-11-17
2038	1496	27.58	2015-09-05	2015-09-12
2041	148	26.69	2016-01-25	2016-02-01
2044	1946	22.11	2015-04-23	2015-04-30
2047	1451	42.43	2015-08-28	2015-09-04
2050	1661	7.09	2015-09-18	2015-09-25
2053	1737	14.20	2016-05-12	2016-05-19
2056	1784	18.05	2015-11-01	2015-11-08
2059	1526	13.59	2015-02-20	2015-02-27
2062	502	25.52	2015-08-30	2015-09-06
2065	1373	16.41	2016-09-26	2016-10-03
2068	1685	55.82	2016-03-08	2016-03-15
2071	54	14.48	2016-08-29	2016-09-05
2074	19	45.25	2015-03-28	2015-04-04
2077	944	11.32	2015-12-05	2015-12-12
2080	931	10.69	2016-03-30	2016-04-06
2083	1055	9.38	2015-02-16	2015-02-23
2086	1076	56.32	2015-01-23	2015-01-30
2089	698	21.55	2015-04-17	2015-04-24
2092	91	45.82	2015-10-19	2015-10-26
2095	288	59.75	2016-04-09	2016-04-16
2098	1660	21.49	2016-06-22	2016-06-29
2101	1175	7.20	2016-07-25	2016-08-01
2104	1514	37.53	2015-07-21	2015-07-28
2107	21	45.83	2016-08-14	2016-08-21
2110	1108	20.38	2015-09-30	2015-10-07
2113	1701	38.31	2015-12-04	2015-12-11
2116	1142	24.39	2015-05-27	2015-06-03
2119	1325	19.35	2016-09-30	2016-10-07
2122	693	14.36	2016-05-14	2016-05-21
2125	1223	10.46	2015-12-27	2016-01-03
2128	1053	35.64	2016-05-07	2016-05-14
2131	1232	4.01	2015-12-27	2016-01-03
2134	401	6.91	2015-09-02	2015-09-09
2137	99	10.19	2015-08-21	2015-08-28
2140	1668	32.89	2015-02-27	2015-03-06
2143	358	12.96	2015-09-12	2015-09-19
2146	1742	67.06	2015-06-04	2015-06-11
2149	1779	86.15	2015-12-17	2015-12-24
2152	1750	47.24	2016-05-13	2016-05-20
2155	371	14.85	2015-08-27	2015-09-03
2158	575	10.59	2015-08-04	2015-08-11
2161	1208	37.31	2015-06-03	2015-06-10
2164	147	19.00	2015-06-23	2015-06-30
2167	1683	54.11	2016-02-10	2016-02-17
2170	714	10.31	2016-04-09	2016-04-16
2173	1213	23.15	2016-05-14	2016-05-21
2176	1214	32.30	2015-02-20	2015-02-27
2179	1605	24.59	2015-10-17	2015-10-24
2182	105	26.47	2015-10-12	2015-10-19
2185	1518	16.88	2015-06-30	2015-07-07
2188	429	59.52	2015-04-19	2015-04-26
2191	276	29.83	2016-01-26	2016-02-02
2194	567	49.82	2015-09-20	2015-09-27
2197	1762	13.99	2016-04-25	2016-05-02
2200	1284	42.73	2016-02-07	2016-02-14
2203	1610	22.38	2015-11-15	2015-11-22
2206	1940	21.18	2016-05-10	2016-05-17
2209	1601	8.82	2015-01-10	2015-01-17
2212	243	69.21	2016-04-19	2016-04-26
2215	1291	35.91	2015-02-28	2015-03-07
2218	256	14.35	2015-08-13	2015-08-20
2221	999	13.37	2016-06-06	2016-06-13
2224	1554	9.37	2016-06-15	2016-06-22
2227	423	59.82	2015-09-24	2015-10-01
2230	1643	15.84	2015-11-09	2015-11-16
2233	1276	6.54	2015-04-09	2015-04-16
2236	734	49.41	2016-05-29	2016-06-05
2239	14	20.84	2015-07-03	2015-07-10
2242	1067	20.22	2016-05-12	2016-05-19
2245	1212	61.47	2015-02-17	2015-02-24
2248	1285	8.20	2016-04-27	2016-05-04
2251	1925	33.29	2016-02-08	2016-02-15
2254	1156	42.00	2016-08-02	2016-08-09
2257	134	11.92	2015-06-06	2015-06-13
2260	631	31.27	2015-12-15	2015-12-22
2263	1885	7.19	2015-01-26	2015-02-02
2266	1882	45.87	2015-02-07	2015-02-14
2269	775	43.83	2015-10-26	2015-11-02
2272	42	58.10	2016-09-30	2016-10-07
2275	1638	7.49	2016-08-18	2016-08-25
2278	1042	21.75	2015-08-16	2015-08-23
2281	1615	5.80	2016-02-10	2016-02-17
2284	719	45.08	2016-02-27	2016-03-05
2287	1403	24.58	2016-04-16	2016-04-23
2290	1474	13.14	2016-08-10	2016-08-17
2293	724	34.88	2016-05-11	2016-05-18
2296	208	53.77	2016-07-24	2016-07-31
2299	1475	1.67	2015-07-15	2015-07-22
2302	323	47.13	2016-08-06	2016-08-13
2305	109	25.95	2016-02-15	2016-02-22
2308	1669	17.75	2015-04-10	2015-04-17
2311	1568	12.10	2015-08-21	2015-08-28
2314	611	9.94	2016-03-24	2016-03-31
2317	95	43.31	2016-03-04	2016-03-11
2320	1704	98.39	2016-03-28	2016-04-04
2323	1254	20.17	2016-09-10	2016-09-17
2326	90	24.42	2015-12-03	2015-12-10
2329	450	18.91	2015-09-20	2015-09-27
2332	2	18.51	2015-06-04	2015-06-11
2335	540	15.87	2015-11-21	2015-11-28
2338	1182	9.97	2015-05-27	2015-06-03
2341	1150	29.46	2015-12-09	2015-12-16
2344	1541	10.72	2015-08-26	2015-09-02
2347	1721	16.04	2016-01-16	2016-01-23
2350	991	9.50	2016-04-22	2016-04-29
2353	1266	21.43	2016-03-12	2016-03-19
2356	1959	20.00	2015-01-17	2015-01-24
2359	1468	16.23	2015-08-23	2015-08-30
2362	1233	50.51	2015-07-11	2015-07-18
2365	1277	36.93	2015-09-28	2015-10-05
2368	274	7.44	2015-09-03	2015-09-10
2371	368	32.96	2016-08-10	2016-08-17
2374	1123	9.15	2016-05-28	2016-06-04
2377	1748	8.42	2015-08-04	2015-08-11
2380	596	18.09	2015-07-28	2015-08-04
2383	1994	74.24	2016-06-22	2016-06-29
2386	63	14.12	2015-06-23	2015-06-30
2389	1458	23.91	2015-08-08	2015-08-15
2392	53	3.12	2015-09-23	2015-09-30
2395	269	43.81	2016-07-01	2016-07-08
2398	517	47.22	2016-09-03	2016-09-10
2401	1773	8.34	2015-11-09	2015-11-16
2404	1594	20.55	2015-08-03	2015-08-10
2407	505	7.65	2015-01-05	2015-01-12
2410	1549	20.14	2015-09-08	2015-09-15
2413	1109	33.18	2015-09-22	2015-09-29
2416	1880	36.42	2015-08-25	2015-09-01
2419	1238	37.20	2015-05-27	2015-06-03
2422	737	51.24	2015-03-17	2015-03-24
2425	1507	47.69	2015-03-14	2015-03-21
2428	831	23.72	2016-03-25	2016-04-01
2431	639	23.72	2016-04-30	2016-05-07
2434	510	35.73	2015-07-08	2015-07-15
2437	1604	41.65	2016-01-02	2016-01-09
2440	970	27.97	2015-04-21	2015-04-28
2443	86	32.27	2015-12-11	2015-12-18
2446	1560	22.81	2016-03-27	2016-04-03
2449	458	33.82	2016-05-25	2016-06-01
2452	413	39.39	2016-04-10	2016-04-17
2455	220	23.86	2015-07-14	2015-07-21
2458	1607	40.76	2015-08-28	2015-09-04
2461	1724	37.02	2016-08-10	2016-08-17
2464	1534	49.40	2015-10-30	2015-11-06
2467	1553	39.63	2015-10-01	2015-10-08
2470	1311	41.64	2016-07-24	2016-07-31
2473	1503	19.12	2015-01-09	2015-01-16
2476	375	9.47	2015-02-06	2015-02-13
2479	1901	23.94	2015-11-11	2015-11-18
2482	1905	28.99	2015-08-30	2015-09-06
2485	1512	35.65	2015-09-30	2015-10-07
2488	311	29.19	2016-08-21	2016-08-28
2491	967	9.42	2016-08-27	2016-09-03
2494	1110	27.41	2015-08-07	2015-08-14
2497	1865	30.01	2015-11-11	2015-11-18
2500	116	44.12	2016-07-12	2016-07-19
2503	1087	6.84	2016-08-08	2016-08-15
2506	1197	3.79	2016-07-31	2016-08-07
2509	1200	19.96	2016-01-09	2016-01-16
2512	1694	27.44	2015-10-02	2015-10-09
2515	1473	8.90	2016-02-04	2016-02-11
2518	1352	8.85	2016-06-15	2016-06-22
2521	1731	31.92	2015-04-11	2015-04-18
2524	1002	26.93	2015-04-19	2015-04-26
2527	1698	11.72	2015-07-21	2015-07-28
2530	1695	56.61	2015-08-16	2015-08-23
2533	897	12.76	2015-03-31	2015-04-07
2536	1020	11.41	2016-08-31	2016-09-07
2539	1712	26.35	2015-04-27	2015-05-04
2542	1822	61.71	2015-07-16	2015-07-23
2545	995	31.26	2016-08-06	2016-08-13
2548	1875	6.70	2016-01-08	2016-01-15
2551	876	24.50	2016-03-21	2016-03-28
2554	1548	21.24	2016-04-13	2016-04-20
2557	33	15.03	2015-06-12	2015-06-19
2560	331	22.26	2015-01-30	2015-02-06
2563	1919	40.61	2016-07-24	2016-07-31
2566	1268	87.60	2015-06-04	2015-06-11
2569	1808	8.25	2016-03-28	2016-04-04
2572	543	18.15	2015-07-17	2015-07-24
2575	1997	26.13	2015-04-02	2015-04-09
2578	1521	32.55	2016-09-26	2016-10-03
2581	467	23.19	2016-01-28	2016-02-04
2584	1327	62.38	2016-04-12	2016-04-19
2587	247	44.27	2016-09-02	2016-09-09
2590	1249	7.51	2015-01-30	2015-02-06
2593	949	8.92	2015-10-25	2015-11-01
2596	1487	55.48	2016-03-23	2016-03-30
2599	1381	25.60	2016-03-06	2016-03-13
2602	1146	35.49	2015-09-07	2015-09-14
2605	432	10.02	2015-08-21	2015-08-28
2608	1131	23.45	2016-09-21	2016-09-28
2611	1967	12.08	2016-07-20	2016-07-27
2614	1364	43.70	2015-04-24	2015-05-01
2617	1333	8.34	2015-12-25	2016-01-01
2620	417	33.94	2015-03-23	2015-03-30
2623	1690	67.03	2015-05-29	2015-06-05
2626	709	48.55	2016-04-03	2016-04-10
2629	1336	27.88	2016-03-03	2016-03-10
2632	1225	14.38	2016-03-07	2016-03-14
2635	1293	11.88	2015-02-20	2015-02-27
2638	1999	5.20	2015-04-02	2015-04-09
2641	1027	43.57	2016-04-01	2016-04-08
2644	804	13.63	2016-02-01	2016-02-08
2647	453	13.00	2015-05-26	2015-06-02
2650	546	7.50	2015-08-02	2015-08-09
2653	650	31.52	2015-05-23	2015-05-30
2656	1100	9.21	2015-09-01	2015-09-08
2659	1907	14.64	2016-04-12	2016-04-19
2662	16	38.95	2016-07-29	2016-08-05
2665	1205	38.03	2015-11-02	2015-11-09
2668	1043	37.40	2016-07-14	2016-07-21
2671	52	43.52	2016-04-25	2016-05-02
2674	251	10.59	2015-05-11	2015-05-18
2677	1117	15.69	2015-08-06	2015-08-13
2680	629	33.69	2016-03-15	2016-03-22
2683	431	41.18	2015-10-02	2015-10-09
2686	1340	30.55	2015-07-04	2015-07-11
2689	829	9.64	2015-10-15	2015-10-22
2692	1867	31.92	2015-10-26	2015-11-02
2695	1363	26.76	2016-02-22	2016-02-29
2698	1665	22.03	2015-04-20	2015-04-27
2701	1322	18.83	2016-03-30	2016-04-06
2704	763	10.15	2016-06-22	2016-06-29
2707	376	18.10	2015-03-31	2015-04-07
2710	448	22.23	2015-05-26	2015-06-02
2713	1987	39.01	2015-08-06	2015-08-13
2716	1230	6.65	2016-04-06	2016-04-13
2719	1727	11.54	2016-08-03	2016-08-10
2722	1113	27.31	2016-05-01	2016-05-08
2725	606	13.54	2015-02-06	2015-02-13
2728	1218	3.44	2016-06-04	2016-06-11
2731	1981	25.52	2016-07-12	2016-07-19
2734	397	3.39	2016-09-20	2016-09-27
2737	511	8.70	2016-06-16	2016-06-23
2740	625	28.46	2015-01-02	2015-01-09
2743	406	16.84	2015-08-28	2015-09-04
2746	142	62.29	2015-02-27	2015-03-06
2749	1562	33.24	2015-04-04	2015-04-11
2752	1499	10.61	2015-01-02	2015-01-09
2755	1384	10.51	2015-12-10	2015-12-17
2758	1711	57.22	2016-08-24	2016-08-31
2761	809	22.20	2015-06-29	2015-07-06
2764	1453	58.53	2016-06-10	2016-06-17
2767	927	26.99	2015-06-05	2015-06-12
2770	1190	9.38	2016-01-01	2016-01-08
2773	1816	10.46	2016-04-25	2016-05-02
2776	1165	31.14	2016-01-22	2016-01-29
2779	684	51.54	2015-06-08	2015-06-15
2782	169	11.92	2015-01-16	2015-01-23
2785	951	91.49	2015-11-21	2015-11-28
2788	563	9.53	2016-02-04	2016-02-11
2791	1010	22.77	2015-10-02	2015-10-09
2794	542	12.61	2015-04-19	2015-04-26
2797	221	9.14	2016-04-22	2016-04-29
2800	892	26.33	2016-06-20	2016-06-27
2803	1570	13.59	2015-08-19	2015-08-26
2806	191	6.34	2015-02-14	2015-02-21
2809	1063	40.45	2015-05-29	2015-06-05
2812	1707	11.56	2016-03-16	2016-03-23
2815	338	48.19	2015-09-11	2015-09-18
2818	1030	17.97	2015-09-05	2015-09-12
2821	136	44.79	2015-01-04	2015-01-11
2824	1303	39.95	2015-07-10	2015-07-17
2827	237	12.37	2015-09-15	2015-09-22
2830	471	13.59	2015-09-01	2015-09-08
2833	661	81.57	2016-09-07	2016-09-14
2836	1135	35.20	2016-01-21	2016-01-28
2839	918	4.08	2015-08-06	2015-08-13
2842	1845	24.63	2015-01-11	2015-01-18
2845	321	24.66	2015-05-17	2015-05-24
2848	1511	15.69	2015-01-28	2015-02-04
2851	825	11.18	2016-08-22	2016-08-29
2854	583	23.23	2016-02-18	2016-02-25
2857	1602	73.83	2016-09-29	2016-10-06
2860	1785	20.97	2015-09-29	2015-10-06
2863	899	10.57	2015-08-05	2015-08-12
2866	1847	32.95	2016-08-29	2016-09-05
2869	13	34.50	2015-10-28	2015-11-04
2872	1320	33.81	2016-01-07	2016-01-14
2875	1418	55.05	2015-03-24	2015-03-31
2878	1378	33.94	2016-09-29	2016-10-06
2881	1752	8.25	2015-01-12	2015-01-19
2884	442	26.84	2015-10-27	2015-11-03
2887	1520	16.71	2015-09-22	2015-09-29
2890	1353	48.35	2015-09-11	2015-09-18
2893	186	50.46	2015-06-19	2015-06-26
2896	176	20.37	2015-10-07	2015-10-14
2899	1969	53.37	2016-04-20	2016-04-27
2902	1889	16.71	2015-06-01	2015-06-08
2905	1644	48.62	2016-05-08	2016-05-15
2908	919	13.46	2015-12-18	2015-12-25
2911	690	26.94	2016-03-06	2016-03-13
2914	292	12.79	2015-05-20	2015-05-27
2917	1490	3.37	2016-03-23	2016-03-30
2920	848	13.59	2016-08-29	2016-09-05
2923	651	44.90	2016-07-01	2016-07-08
2926	104	30.61	2016-03-24	2016-03-31
2929	107	6.28	2015-12-29	2016-01-05
2932	162	27.18	2015-11-13	2015-11-20
2935	1492	10.49	2015-12-17	2015-12-24
2938	1790	10.60	2016-04-21	2016-04-28
2941	416	28.12	2015-10-13	2015-10-20
2944	1082	22.87	2015-06-09	2015-06-16
2947	1657	12.44	2016-02-08	2016-02-15
2950	459	9.38	2015-10-08	2015-10-15
2953	1544	24.41	2015-12-01	2015-12-08
2956	1776	42.49	2015-12-29	2016-01-05
2959	94	34.56	2016-01-03	2016-01-10
2962	181	9.55	2016-06-13	2016-06-20
2965	574	24.76	2015-03-10	2015-03-17
2968	1025	35.93	2015-03-29	2015-04-05
2971	760	18.68	2015-05-22	2015-05-29
2974	83	33.26	2016-05-24	2016-05-31
2977	1048	15.82	2015-06-21	2015-06-28
2980	1469	54.50	2015-08-27	2015-09-03
2983	408	19.06	2016-09-08	2016-09-15
2986	1887	13.26	2015-09-16	2015-09-23
2989	1098	29.33	2016-05-19	2016-05-26
2992	115	62.50	2016-06-15	2016-06-22
2995	514	9.15	2015-09-12	2015-09-19
2998	506	7.65	2015-08-08	2015-08-15
3001	1868	13.07	2015-05-05	2015-05-12
3004	326	13.65	2016-04-22	2016-04-29
3007	1741	31.74	2015-05-21	2015-05-28
3010	1848	29.75	2015-07-29	2015-08-05
3013	1832	43.98	2015-11-04	2015-11-11
3016	1271	4.62	2015-07-10	2015-07-17
3019	1357	25.64	2015-08-02	2015-08-09
3022	1942	21.16	2016-04-12	2016-04-19
3025	418	46.60	2015-11-21	2015-11-28
3028	1296	24.62	2015-02-16	2015-02-23
3031	1893	45.79	2015-08-09	2015-08-16
3034	1537	35.86	2015-05-31	2015-06-07
3037	1099	21.82	2015-10-01	2015-10-08
3040	1699	12.70	2016-09-30	2016-10-07
3043	742	58.55	2015-12-23	2015-12-30
3046	1331	10.38	2015-11-20	2015-11-27
3049	1095	11.57	2016-01-29	2016-02-05
3052	1104	22.00	2016-06-01	2016-06-08
3055	80	31.12	2016-06-18	2016-06-25
3058	1420	13.19	2016-06-30	2016-07-07
3061	1215	15.93	2016-05-18	2016-05-25
3064	1792	2.90	2015-03-22	2015-03-29
3067	297	27.35	2016-07-01	2016-07-08
3070	941	8.32	2015-05-31	2015-06-07
3073	796	24.46	2015-07-08	2015-07-15
3076	1658	20.98	2016-05-14	2016-05-21
3079	688	10.02	2015-04-09	2015-04-16
3082	1427	14.41	2015-11-05	2015-11-12
3085	1498	9.97	2015-10-16	2015-10-23
3088	838	27.72	2015-07-03	2015-07-10
3091	34	16.99	2015-06-12	2015-06-19
3094	48	21.61	2015-08-13	2015-08-20
3097	129	30.75	2015-07-02	2015-07-09
3100	1771	7.51	2015-12-11	2015-12-18
3103	392	42.05	2015-11-28	2015-12-05
3106	705	52.73	2016-01-17	2016-01-24
3109	10	11.63	2015-09-28	2015-10-05
3112	1958	23.48	2016-04-11	2016-04-18
3115	290	30.84	2015-07-07	2015-07-14
3118	1778	22.73	2015-03-20	2015-03-27
3121	1377	34.29	2016-07-27	2016-08-03
3124	168	22.41	2015-02-06	2015-02-13
3127	664	29.73	2015-01-04	2015-01-11
3130	752	12.69	2016-03-24	2016-03-31
3133	332	36.95	2015-10-20	2015-10-27
3136	1164	88.80	2015-11-17	2015-11-24
3139	1354	22.95	2016-04-20	2016-04-27
3142	144	17.38	2015-03-11	2015-03-18
3145	1129	13.48	2016-08-06	2016-08-13
3148	71	23.92	2015-09-17	2015-09-24
3151	93	33.72	2016-03-02	2016-03-09
3154	762	102.82	2015-03-05	2015-03-12
3157	1918	42.36	2015-11-30	2015-12-07
3160	5	21.60	2015-12-06	2015-12-13
3163	1746	8.67	2015-04-14	2015-04-21
3166	77	30.71	2016-05-26	2016-06-02
3169	1058	12.34	2016-04-24	2016-05-01
3172	1517	41.30	2016-02-03	2016-02-10
3175	725	6.30	2015-12-07	2015-12-14
3178	956	90.43	2015-08-27	2015-09-03
3181	151	28.14	2015-06-11	2015-06-18
3184	913	16.50	2015-06-15	2015-06-22
3187	883	11.11	2015-07-03	2015-07-10
3190	1484	8.46	2016-08-05	2016-08-12
3193	1580	56.83	2015-07-07	2015-07-14
3196	608	10.46	2015-05-23	2015-05-30
3199	1371	18.59	2016-09-06	2016-09-13
3202	227	28.43	2016-02-15	2016-02-22
3205	1184	38.25	2016-08-19	2016-08-26
3208	1927	17.44	2015-09-09	2015-09-16
3211	1621	6.23	2016-09-11	2016-09-18
3214	1944	10.05	2016-03-27	2016-04-03
3217	1551	28.23	2015-12-06	2015-12-13
3220	1086	33.42	2015-01-07	2015-01-14
3223	184	9.74	2016-02-08	2016-02-15
3226	1437	23.17	2015-12-25	2016-01-01
3229	219	12.89	2016-09-27	2016-10-04
3232	786	44.38	2016-03-09	2016-03-16
3235	171	16.32	2016-02-22	2016-02-29
3238	74	29.38	2015-03-12	2015-03-19
3241	284	26.83	2016-03-01	2016-03-08
3244	582	10.01	2015-08-27	2015-09-03
3247	1143	30.46	2016-07-21	2016-07-28
3250	1297	11.00	2015-01-05	2015-01-12
3253	1579	39.94	2015-04-04	2015-04-11
3256	863	50.02	2015-10-28	2015-11-04
3259	593	10.00	2015-11-24	2015-12-01
3262	1649	38.50	2015-01-06	2015-01-13
3265	6	57.74	2015-03-07	2015-03-14
3268	426	26.99	2015-11-04	2015-11-11
3271	364	13.53	2016-07-02	2016-07-09
3274	354	50.74	2015-03-07	2015-03-14
3277	207	17.76	2015-06-27	2015-07-04
3280	1460	54.91	2016-04-18	2016-04-25
3283	1937	22.87	2015-10-17	2015-10-24
3286	286	15.51	2015-12-27	2016-01-03
3289	826	6.82	2015-12-04	2015-12-11
3292	1540	13.54	2016-01-15	2016-01-22
3295	193	28.66	2016-04-29	2016-05-06
3298	493	8.94	2015-03-22	2015-03-29
3301	1313	45.01	2015-05-16	2015-05-23
3304	765	16.89	2016-01-07	2016-01-14
3307	407	38.37	2016-03-26	2016-04-02
3310	554	18.59	2016-04-13	2016-04-20
3313	487	11.30	2015-06-20	2015-06-27
3316	577	12.59	2016-01-25	2016-02-01
3319	654	19.86	2016-07-12	2016-07-19
3322	785	11.18	2016-06-22	2016-06-29
3325	692	16.66	2016-01-18	2016-01-25
3328	1356	32.15	2015-08-23	2015-08-30
3331	309	13.37	2015-03-26	2015-04-02
3334	1387	8.74	2015-08-03	2015-08-10
3337	1093	27.08	2015-12-20	2015-12-27
3340	789	12.92	2016-03-10	2016-03-17
3343	1227	24.64	2016-01-26	2016-02-02
3346	713	21.16	2016-04-26	2016-05-03
3349	640	18.48	2015-01-09	2015-01-16
3352	1663	53.14	2015-11-17	2015-11-24
3355	878	45.26	2015-07-16	2015-07-23
3358	177	14.70	2016-03-16	2016-03-23
3361	1059	16.97	2015-11-02	2015-11-09
3364	1886	17.90	2015-01-31	2015-02-07
3367	1970	12.84	2016-04-24	2016-05-01
3370	1812	48.00	2016-06-10	2016-06-17
3373	917	40.19	2015-03-25	2015-04-01
3376	1654	58.95	2015-03-11	2015-03-18
3379	1606	22.92	2016-05-27	2016-06-03
3382	977	35.86	2016-05-12	2016-05-19
3385	444	15.63	2015-08-21	2015-08-28
3388	959	17.56	2016-05-28	2016-06-04
3391	1115	35.56	2016-03-17	2016-03-24
3394	264	16.65	2015-04-22	2015-04-29
3397	1753	11.49	2016-01-19	2016-01-26
3400	1464	34.71	2015-08-14	2015-08-21
3403	179	7.76	2016-04-20	2016-04-27
3406	51	7.76	2015-04-19	2015-04-26
3409	614	41.17	2016-03-12	2016-03-19
3412	1231	15.70	2016-07-05	2016-07-12
3415	1000	84.55	2015-06-01	2015-06-08
3418	890	22.45	2016-08-17	2016-08-24
3421	1173	17.13	2015-03-10	2015-03-17
3424	1369	10.02	2016-08-23	2016-08-30
3427	884	28.94	2015-01-12	2015-01-19
3430	975	31.62	2016-01-12	2016-01-19
3433	1449	24.25	2015-02-08	2015-02-15
3436	489	19.99	2016-02-26	2016-03-04
3439	958	26.41	2015-11-22	2015-11-29
3442	230	23.29	2015-05-17	2015-05-24
3445	260	9.14	2015-03-10	2015-03-17
3448	140	31.90	2016-06-03	2016-06-10
3451	1382	29.39	2015-05-09	2015-05-16
3454	1923	32.42	2016-09-05	2016-09-12
3457	403	39.49	2015-08-25	2015-09-01
3460	1760	8.46	2015-01-06	2015-01-13
3463	607	39.59	2015-01-28	2015-02-04
3466	1300	17.64	2015-07-09	2015-07-16
3469	1004	25.20	2015-07-11	2015-07-18
3472	1718	22.28	2016-07-26	2016-08-02
3475	1240	33.81	2015-07-05	2015-07-12
3478	1736	9.27	2016-05-02	2016-05-09
3481	557	10.81	2015-11-13	2015-11-20
3484	64	45.83	2016-05-02	2016-05-09
3487	798	68.25	2016-02-15	2016-02-22
3490	1627	26.08	2016-02-04	2016-02-11
3493	522	10.92	2015-03-02	2015-03-09
3496	1656	7.91	2015-02-17	2015-02-24
3499	916	7.35	2016-09-02	2016-09-09
3502	1608	23.22	2016-09-26	2016-10-03
3505	18	7.45	2015-01-04	2015-01-11
3508	386	16.56	2015-03-28	2015-04-04
3511	1872	14.94	2015-08-27	2015-09-03
3514	1662	39.76	2015-06-08	2015-06-15
3517	1414	14.08	2016-04-22	2016-04-29
3520	1992	41.08	2015-01-23	2015-01-30
3523	279	19.45	2016-09-21	2016-09-28
3526	12	49.40	2015-01-04	2015-01-11
3529	1157	19.20	2016-07-16	2016-07-23
3532	570	19.10	2016-07-15	2016-07-22
3535	591	44.81	2015-06-14	2015-06-21
3538	122	51.70	2016-01-22	2016-01-29
3541	749	45.40	2015-02-12	2015-02-19
3544	1466	30.02	2015-05-01	2015-05-08
3547	924	7.12	2016-06-19	2016-06-26
3550	1733	14.08	2016-02-10	2016-02-17
3553	1557	14.55	2016-03-14	2016-03-21
3556	1897	7.45	2015-02-05	2015-02-12
3559	1497	29.06	2015-03-18	2015-03-25
3562	1481	21.00	2016-05-10	2016-05-17
3565	1529	27.29	2016-01-19	2016-01-26
3568	1351	27.60	2015-07-24	2015-07-31
3571	702	12.11	2015-04-21	2015-04-28
3574	462	9.53	2015-02-07	2015-02-14
3577	346	22.88	2015-08-09	2015-08-16
3580	1652	55.87	2016-09-13	2016-09-20
3583	1732	40.67	2015-05-14	2015-05-21
3586	666	35.75	2016-07-04	2016-07-11
3589	460	42.81	2015-02-02	2015-02-09
3592	1539	47.93	2015-02-11	2015-02-18
3595	22	13.04	2015-05-26	2015-06-02
3598	856	36.73	2016-08-23	2016-08-30
3601	781	8.79	2015-06-26	2015-07-03
3604	477	37.68	2015-09-26	2015-10-03
3607	1863	7.22	2016-08-05	2016-08-12
3610	1720	49.03	2015-11-20	2015-11-27
3613	1310	10.46	2016-01-19	2016-01-26
3616	126	25.01	2016-04-05	2016-04-12
3619	198	8.77	2015-09-24	2015-10-01
3622	561	24.80	2016-02-16	2016-02-23
3625	1478	55.59	2015-02-11	2015-02-18
3628	216	18.52	2016-08-09	2016-08-16
3631	1849	41.75	2016-02-14	2016-02-21
3634	1219	13.67	2016-04-21	2016-04-28
3637	1957	9.21	2015-02-03	2015-02-10
3640	1531	2.45	2015-12-12	2015-12-19
3643	1796	15.95	2015-06-27	2015-07-04
3646	746	47.51	2016-01-29	2016-02-05
3649	794	12.23	2015-09-26	2015-10-03
3652	1259	11.83	2015-07-12	2015-07-19
3655	1995	2.56	2016-03-17	2016-03-24
3658	294	17.37	2015-03-19	2015-03-26
3661	920	25.03	2016-04-07	2016-04-14
3664	1572	59.09	2016-07-31	2016-08-07
3667	1805	22.86	2016-06-25	2016-07-02
3670	925	6.82	2015-05-23	2015-05-30
3673	342	23.82	2015-11-26	2015-12-03
3676	1516	16.41	2016-07-16	2016-07-23
3679	1330	6.37	2016-01-14	2016-01-21
3682	366	54.55	2015-07-21	2015-07-28
3685	513	14.72	2015-07-20	2015-07-27
3688	465	14.94	2015-02-17	2015-02-24
3691	1463	43.29	2016-06-20	2016-06-27
3694	420	21.81	2016-02-18	2016-02-25
3697	544	10.49	2015-03-11	2015-03-18
3700	421	69.15	2016-04-18	2016-04-25
3703	1826	31.40	2016-07-22	2016-07-29
3706	1964	12.00	2015-05-20	2015-05-27
3709	172	41.36	2016-03-27	2016-04-03
3712	422	26.04	2015-01-16	2015-01-23
3715	259	8.86	2016-01-06	2016-01-13
3718	1941	47.75	2016-05-18	2016-05-25
3721	1250	33.46	2015-03-06	2015-03-13
3724	213	60.66	2015-04-22	2015-04-29
3727	1443	53.58	2016-03-31	2016-04-07
3730	754	35.96	2016-02-12	2016-02-19
3733	1820	19.63	2015-09-23	2015-09-30
3736	1884	23.18	2016-03-17	2016-03-24
3739	1196	9.84	2016-02-12	2016-02-19
3742	1306	13.01	2015-07-31	2015-08-07
3745	731	11.42	2015-07-12	2015-07-19
3748	1092	19.88	2016-09-24	2016-10-01
3751	1977	23.57	2015-12-04	2015-12-11
3754	1480	21.20	2015-07-28	2015-08-04
3757	457	38.16	2016-04-14	2016-04-21
3760	1589	30.33	2016-06-19	2016-06-26
3763	1177	13.38	2016-07-17	2016-07-24
3766	1339	16.25	2016-09-27	2016-10-04
3769	1049	26.56	2016-04-22	2016-04-29
3772	385	16.55	2015-04-19	2015-04-26
3775	923	5.19	2016-05-22	2016-05-29
3778	1680	30.72	2016-09-03	2016-09-10
3781	984	31.31	2016-01-16	2016-01-23
3784	1072	25.89	2015-10-01	2015-10-08
3787	160	12.99	2015-07-29	2015-08-05
3790	748	47.77	2016-04-30	2016-05-07
3793	539	33.05	2015-08-26	2015-09-02
3796	69	9.29	2015-03-05	2015-03-12
3799	304	25.57	2015-05-06	2015-05-13
3802	679	22.56	2015-07-18	2015-07-25
3805	1459	36.44	2015-04-03	2015-04-10
3808	1739	45.38	2016-06-14	2016-06-21
3811	1924	24.75	2016-09-11	2016-09-18
3814	1187	85.18	2015-12-01	2015-12-08
3817	1172	25.49	2016-01-26	2016-02-02
3820	466	34.31	2015-01-09	2015-01-16
3823	206	10.61	2016-02-16	2016-02-23
3826	491	22.07	2015-02-19	2015-02-26
3829	1083	7.49	2016-09-18	2016-09-25
3832	328	25.23	2015-09-22	2015-09-29
3835	158	31.86	2016-01-14	2016-01-21
3838	1133	11.04	2016-03-31	2016-04-07
3841	1021	48.03	2016-06-11	2016-06-18
3844	788	28.16	2016-01-03	2016-01-10
3847	993	33.50	2015-05-26	2015-06-02
3850	1180	8.04	2015-01-02	2015-01-09
3853	921	23.55	2016-09-12	2016-09-19
3856	87	14.91	2016-02-14	2016-02-21
3859	1866	34.93	2016-06-05	2016-06-12
3862	1505	27.50	2016-06-14	2016-06-21
3865	1253	12.49	2015-12-11	2015-12-18
3868	842	28.97	2015-03-17	2015-03-24
3871	1263	57.58	2015-11-06	2015-11-13
3874	587	29.89	2015-08-28	2015-09-04
3877	1341	6.10	2015-08-04	2015-08-11
3880	37	47.38	2015-10-09	2015-10-16
3883	1081	21.61	2015-05-20	2015-05-27
3886	1740	13.40	2016-08-22	2016-08-29
3889	132	6.99	2016-06-29	2016-07-06
3892	660	29.94	2015-08-01	2015-08-08
3895	933	27.43	2015-05-22	2015-05-29
3898	1060	19.26	2016-05-30	2016-06-06
3901	199	43.56	2015-07-02	2015-07-09
3904	1450	32.29	2015-10-05	2015-10-12
3907	1842	11.35	2016-08-30	2016-09-06
3910	1246	32.93	2016-04-23	2016-04-30
3913	1636	9.45	2016-02-20	2016-02-27
3916	1005	21.52	2015-02-19	2015-02-26
3919	885	43.33	2016-08-03	2016-08-10
3922	943	53.24	2015-03-30	2015-04-06
3925	1361	35.10	2015-05-18	2015-05-25
3928	427	8.68	2016-07-24	2016-07-31
3931	437	8.99	2015-05-29	2015-06-05
3934	1242	8.70	2016-02-04	2016-02-11
3937	202	31.29	2015-04-12	2015-04-19
3940	390	14.46	2015-07-19	2015-07-26
3943	1911	23.75	2016-07-15	2016-07-22
3946	379	10.42	2016-02-09	2016-02-16
3949	1684	17.34	2015-08-20	2015-08-27
3952	370	18.63	2016-03-28	2016-04-04
3955	1696	22.58	2015-11-12	2015-11-19
3958	1857	48.45	2015-01-19	2015-01-26
3961	1956	18.32	2016-06-28	2016-07-05
3964	1677	11.04	2016-08-17	2016-08-24
3967	745	71.38	2015-10-08	2015-10-15
3970	1288	30.45	2015-11-23	2015-11-30
3973	1629	39.19	2016-05-21	2016-05-28
3976	1094	7.10	2015-11-16	2015-11-23
3979	1787	13.59	2016-04-01	2016-04-08
3982	779	17.56	2016-02-08	2016-02-15
3985	1600	27.78	2015-08-25	2015-09-01
3988	32	62.19	2016-03-01	2016-03-08
3991	1645	25.00	2015-04-19	2015-04-26
3994	1121	21.47	2015-10-26	2015-11-02
3997	1412	23.23	2015-07-08	2015-07-15
4000	1457	9.84	2015-12-25	2016-01-01
4003	1217	24.59	2016-07-04	2016-07-11
4006	835	7.42	2015-04-04	2015-04-11
4009	1260	30.10	2016-08-12	2016-08-19
4012	1033	11.00	2016-04-08	2016-04-15
4015	1198	13.63	2015-12-01	2015-12-08
4018	955	18.90	2015-04-23	2015-04-30
4021	500	68.66	2015-07-29	2015-08-05
4024	847	69.13	2015-10-04	2015-10-11
4027	327	44.89	2015-11-13	2015-11-20
4030	498	9.85	2016-01-27	2016-02-03
4033	1896	24.39	2016-06-21	2016-06-28
4036	1139	4.99	2016-04-13	2016-04-20
4039	528	23.07	2015-04-19	2015-04-26
4042	683	14.67	2016-03-28	2016-04-04
4045	619	11.27	2015-08-01	2015-08-08
4048	628	42.81	2015-09-06	2015-09-13
4051	1392	30.82	2015-12-22	2015-12-29
4054	1953	7.43	2015-11-12	2015-11-19
4057	1697	23.38	2015-04-11	2015-04-18
4060	562	88.55	2016-04-05	2016-04-12
4063	1406	39.49	2016-02-16	2016-02-23
4066	1659	4.82	2015-12-21	2015-12-28
4069	1034	21.46	2015-07-05	2015-07-12
4072	1725	29.15	2015-09-27	2015-10-04
4075	78	2.02	2015-05-02	2015-05-09
4078	3	74.52	2015-05-12	2015-05-19
4081	1671	14.94	2016-06-23	2016-06-30
4084	333	9.67	2016-01-10	2016-01-17
4087	1045	9.12	2016-02-21	2016-02-28
4090	1624	43.21	2016-03-19	2016-03-26
4093	76	3.52	2016-02-12	2016-02-19
4096	1009	5.62	2016-04-02	2016-04-09
4099	1222	7.81	2015-01-02	2015-01-09
4102	1772	9.12	2015-09-24	2015-10-01
4105	1489	8.34	2015-08-17	2015-08-24
4108	980	37.53	2016-03-25	2016-04-01
4111	1252	116.96	2015-11-06	2015-11-13
4114	584	20.02	2015-01-01	2015-01-08
4117	73	10.99	2016-02-26	2016-03-04
4120	1569	8.28	2015-04-05	2015-04-12
4123	424	20.58	2016-01-21	2016-01-28
4126	911	40.17	2016-04-20	2016-04-27
4129	209	11.53	2015-03-08	2015-03-15
4132	662	23.20	2016-06-21	2016-06-28
4135	70	9.78	2015-01-25	2015-02-01
4138	1350	19.06	2015-12-21	2015-12-28
4141	875	40.48	2015-05-17	2015-05-24
4144	26	12.24	2015-07-17	2015-07-24
4147	1910	56.91	2015-09-07	2015-09-14
4150	347	37.83	2016-07-28	2016-08-04
4153	755	36.69	2016-07-13	2016-07-20
4156	896	36.80	2015-06-12	2015-06-19
4159	881	11.01	2015-08-20	2015-08-27
4162	1744	19.86	2015-02-09	2015-02-16
4165	670	24.29	2016-02-15	2016-02-22
4168	1319	10.21	2015-02-13	2015-02-20
4171	736	1.17	2015-06-08	2015-06-15
4174	1722	53.10	2016-06-26	2016-07-03
4177	1912	27.92	2015-06-01	2015-06-08
4180	1388	34.06	2016-09-01	2016-09-08
4183	433	14.55	2015-04-14	2015-04-21
4186	1735	49.85	2015-10-31	2015-11-07
4189	1802	40.19	2016-02-28	2016-03-06
4192	306	10.76	2016-03-17	2016-03-24
4195	1839	22.53	2015-07-09	2015-07-16
4198	1040	11.48	2015-09-22	2015-09-29
4201	223	23.27	2015-06-20	2015-06-27
4204	620	7.45	2015-02-28	2015-03-07
4207	615	28.23	2015-10-17	2015-10-24
4210	1983	13.54	2015-07-16	2015-07-23
4213	268	10.93	2016-09-30	2016-10-07
4216	767	23.67	2015-06-25	2015-07-02
4219	469	10.68	2015-11-14	2015-11-21
4222	97	18.47	2015-07-12	2015-07-19
4225	1710	42.28	2016-09-23	2016-09-30
4228	1089	36.07	2016-09-08	2016-09-15
4231	1436	14.24	2016-05-05	2016-05-12
4234	1348	27.27	2016-09-21	2016-09-28
4237	1211	36.54	2015-11-03	2015-11-10
4240	1155	40.54	2016-07-28	2016-08-04
4243	518	5.54	2016-09-30	2016-10-07
4246	957	53.68	2015-03-14	2015-03-21
4249	1563	31.39	2016-04-19	2016-04-26
4252	1137	30.09	2016-03-07	2016-03-14
4255	1653	37.62	2016-09-08	2016-09-15
4258	868	24.22	2015-10-10	2015-10-17
4261	92	43.14	2015-03-23	2015-03-30
4264	833	6.28	2015-02-07	2015-02-14
4267	836	13.07	2015-04-25	2015-05-02
4270	599	58.76	2015-05-09	2015-05-16
4273	1825	26.04	2015-02-03	2015-02-10
4276	1275	18.52	2015-10-13	2015-10-20
4279	1789	19.27	2015-04-17	2015-04-24
4282	17	30.66	2016-03-04	2016-03-11
4285	43	20.61	2015-09-03	2015-09-10
4288	721	24.50	2015-10-07	2015-10-14
4291	1861	21.35	2016-08-02	2016-08-09
4294	520	15.02	2015-01-29	2015-02-05
4297	1465	10.75	2015-12-03	2015-12-10
4300	1295	32.72	2015-05-29	2015-06-05
4303	153	13.40	2016-03-16	2016-03-23
4306	1935	11.03	2015-01-03	2015-01-10
4309	1023	10.87	2016-04-29	2016-05-06
4312	1052	47.50	2015-02-26	2015-03-05
4315	1855	11.10	2016-08-02	2016-08-09
4318	308	27.26	2016-01-22	2016-01-29
4321	573	7.65	2015-12-23	2015-12-30
4324	225	12.44	2016-07-28	2016-08-04
4327	866	18.87	2016-03-05	2016-03-12
4330	231	11.83	2016-06-16	2016-06-23
4333	822	31.80	2015-05-25	2015-06-01
4336	1358	62.80	2015-11-06	2015-11-13
4339	910	8.32	2015-11-23	2015-11-30
4342	1706	6.47	2015-12-02	2015-12-09
4345	24	13.57	2015-04-22	2015-04-29
4348	1111	11.84	2015-02-22	2015-03-01
4351	1080	16.40	2016-07-23	2016-07-30
4354	1169	51.93	2015-05-26	2015-06-02
4357	1445	28.34	2016-06-25	2016-07-02
4360	1591	26.98	2016-04-19	2016-04-26
4363	1088	44.77	2016-02-27	2016-03-05
4366	934	44.82	2016-04-28	2016-05-05
4369	1161	19.06	2015-06-30	2015-07-07
4372	1292	17.39	2016-07-27	2016-08-03
4375	723	23.79	2016-04-13	2016-04-20
4378	103	15.71	2015-08-13	2015-08-20
4381	579	34.38	2015-07-14	2015-07-21
4384	217	24.92	2015-05-12	2015-05-19
4387	841	41.92	2015-06-11	2015-06-18
4390	1559	13.26	2015-10-01	2015-10-08
4393	252	22.67	2016-07-15	2016-07-22
4396	635	54.18	2016-01-09	2016-01-16
4399	937	29.92	2015-06-08	2015-06-15
4402	1726	27.99	2016-08-04	2016-08-11
4405	1743	19.96	2015-03-07	2015-03-14
4408	235	7.46	2016-02-16	2016-02-23
4411	1813	7.91	2015-06-22	2015-06-29
4414	865	43.42	2016-08-23	2016-08-30
4417	1324	29.17	2015-12-26	2016-01-02
4420	118	34.39	2015-11-21	2015-11-28
4423	1447	29.13	2016-03-24	2016-03-31
4426	289	39.77	2015-12-11	2015-12-18
4429	152	10.52	2016-02-21	2016-02-28
4432	356	34.66	2015-12-31	2016-01-07
4435	1870	56.32	2015-07-22	2015-07-29
4438	1747	13.82	2016-06-30	2016-07-07
4441	858	4.14	2016-09-15	2016-09-22
4444	1069	12.25	2016-01-02	2016-01-09
4447	585	27.03	2015-07-12	2015-07-19
4450	1916	28.28	2016-02-22	2016-02-29
4453	1220	58.04	2015-07-24	2015-07-31
4456	249	18.06	2016-02-06	2016-02-13
4459	1552	27.01	2016-08-26	2016-09-02
4462	357	21.56	2015-02-07	2015-02-14
4465	28	26.10	2015-06-25	2015-07-02
4468	1051	7.03	2016-09-12	2016-09-19
4471	728	40.66	2016-06-17	2016-06-24
4474	405	32.16	2016-08-04	2016-08-11
4477	1422	23.87	2016-03-03	2016-03-10
4480	1101	9.42	2016-06-10	2016-06-17
4483	739	34.24	2015-12-11	2015-12-18
4486	250	18.56	2016-05-22	2016-05-29
4489	715	12.39	2015-11-20	2015-11-27
4492	1342	6.03	2016-09-25	2016-10-02
4495	610	9.03	2015-11-06	2015-11-13
4498	1920	18.14	2016-09-22	2016-09-29
4501	1769	44.85	2015-07-20	2015-07-27
4504	1228	39.89	2015-11-21	2015-11-28
4507	1648	30.76	2016-02-16	2016-02-23
4510	857	25.35	2016-04-05	2016-04-12
4513	1282	18.43	2016-01-23	2016-01-30
4516	1623	10.43	2015-03-19	2015-03-26
4519	1145	27.01	2015-05-12	2015-05-19
4522	1122	36.64	2015-12-11	2015-12-18
4525	535	27.85	2015-10-16	2015-10-23
4528	1167	35.31	2016-05-18	2016-05-25
4531	895	10.92	2015-05-05	2015-05-12
4534	1713	25.08	2015-12-27	2016-01-03
4537	402	7.82	2015-03-07	2015-03-14
4540	127	31.04	2016-06-15	2016-06-22
4543	7	25.60	2016-05-05	2016-05-12
4546	948	45.98	2016-04-14	2016-04-21
4549	756	7.95	2015-08-30	2015-09-06
4552	771	65.24	2016-03-18	2016-03-25
4555	380	13.03	2015-10-01	2015-10-08
4558	1609	18.72	2016-01-05	2016-01-12
4561	1575	42.36	2016-05-07	2016-05-14
4564	475	46.76	2015-06-23	2015-06-30
4567	811	35.94	2015-08-11	2015-08-18
4570	1542	36.55	2016-02-21	2016-02-28
4573	1581	11.54	2015-05-19	2015-05-26
4576	1854	65.92	2016-04-18	2016-04-25
4579	1931	42.49	2015-04-09	2015-04-16
4582	1047	33.12	2016-08-07	2016-08-14
4585	1345	19.21	2015-04-22	2015-04-29
4588	1546	12.17	2016-01-16	2016-01-23
4591	592	14.45	2015-05-07	2015-05-14
4594	909	23.02	2015-04-09	2015-04-16
4597	656	37.37	2016-08-30	2016-09-06
4600	960	23.24	2016-08-02	2016-08-09
4603	436	32.40	2016-06-18	2016-06-25
4606	1140	6.70	2016-01-25	2016-02-01
4609	1162	19.46	2015-09-27	2015-10-04
4612	486	38.35	2015-08-12	2015-08-19
4615	215	64.08	2016-08-03	2016-08-10
4618	637	16.41	2016-04-29	2016-05-06
4621	226	13.40	2016-08-06	2016-08-13
4624	150	89.48	2015-03-05	2015-03-12
4627	675	14.63	2016-07-30	2016-08-06
4630	233	8.46	2016-05-07	2016-05-14
4633	1632	18.42	2016-03-24	2016-03-31
4636	365	27.08	2016-06-22	2016-06-29
4639	647	23.98	2015-06-01	2015-06-08
4642	1166	31.11	2016-03-31	2016-04-07
4645	527	110.18	2016-08-12	2016-08-19
4648	1763	22.80	2015-01-06	2015-01-13
4651	1039	10.21	2015-04-06	2015-04-13
4654	182	17.79	2016-06-02	2016-06-09
4657	1470	18.25	2016-07-30	2016-08-06
4660	470	3.44	2016-01-13	2016-01-20
4663	197	11.67	2015-09-05	2015-09-12
4666	1012	22.46	2015-06-20	2015-06-27
4669	183	16.74	2015-01-25	2015-02-01
4672	1630	48.51	2016-04-17	2016-04-24
4675	85	42.66	2016-09-17	2016-09-24
4678	410	11.67	2015-01-19	2015-01-26
4681	238	29.22	2016-08-19	2016-08-26
4684	761	28.91	2015-07-19	2015-07-26
4687	454	46.54	2016-03-26	2016-04-02
4690	966	22.67	2015-05-11	2015-05-18
4693	312	24.72	2016-04-04	2016-04-11
4696	1302	33.11	2015-05-07	2015-05-14
4699	204	13.40	2016-02-16	2016-02-23
4702	791	39.14	2016-06-23	2016-06-30
4705	154	5.18	2015-08-10	2015-08-17
4708	1158	22.83	2015-04-11	2015-04-18
4711	1780	17.14	2015-05-02	2015-05-09
4714	644	53.92	2015-12-21	2015-12-28
4717	49	17.53	2016-07-31	2016-08-07
4720	387	11.66	2015-01-27	2015-02-03
4723	1257	16.40	2015-05-24	2015-05-31
4726	337	37.12	2015-09-17	2015-09-24
4729	1852	24.45	2015-07-07	2015-07-14
4732	538	26.82	2015-06-27	2015-07-04
4735	780	20.01	2015-12-23	2015-12-30
4738	507	17.68	2016-06-01	2016-06-08
4741	1991	19.66	2016-05-06	2016-05-13
4744	325	6.27	2015-12-03	2015-12-10
4747	1159	18.47	2016-09-15	2016-09-22
4750	1810	7.76	2016-08-21	2016-08-28
4753	1236	7.45	2015-07-29	2015-08-05
4756	674	29.70	2016-05-15	2016-05-22
4759	1709	21.41	2015-03-01	2015-03-08
4762	1041	26.84	2015-03-18	2015-03-25
4765	790	17.32	2015-09-02	2015-09-09
4768	799	10.02	2016-04-28	2016-05-05
4771	1136	13.12	2015-03-16	2015-03-23
4774	329	63.39	2015-11-30	2015-12-07
4777	971	29.11	2015-11-20	2015-11-27
4780	792	45.62	2015-02-18	2015-02-25
4783	1588	28.77	2015-09-14	2015-09-21
4786	1273	36.41	2015-08-18	2015-08-25
4789	1264	11.49	2016-03-20	2016-03-27
4792	278	11.51	2016-07-14	2016-07-21
4795	718	36.39	2015-09-10	2015-09-17
4798	1120	24.62	2015-06-15	2015-06-22
4801	1973	7.03	2016-02-11	2016-02-18
4804	1365	45.95	2016-07-08	2016-07-15
4807	461	3.80	2015-10-23	2015-10-30
4810	845	12.23	2016-04-10	2016-04-17
4813	550	30.04	2015-07-04	2015-07-11
4816	400	15.43	2016-08-23	2016-08-30
4819	1476	6.72	2016-08-19	2016-08-26
4822	1149	17.65	2015-05-28	2015-06-04
4825	161	16.29	2015-05-16	2015-05-23
4828	299	18.05	2015-11-30	2015-12-07
4831	372	56.83	2015-12-27	2016-01-03
4834	1567	22.05	2015-04-10	2015-04-17
4837	1828	21.55	2015-04-30	2015-05-07
4840	601	13.07	2016-05-22	2016-05-29
4843	363	30.49	2016-09-06	2016-09-13
4846	1758	10.60	2016-01-20	2016-01-27
4849	1425	27.08	2016-06-13	2016-06-20
4852	41	18.75	2016-01-15	2016-01-22
4855	9	17.64	2015-07-20	2015-07-27
4858	981	17.72	2015-07-05	2015-07-12
4861	1618	10.05	2016-06-16	2016-06-23
4864	65	10.81	2015-12-30	2016-01-06
4867	509	6.30	2015-06-25	2015-07-02
4870	1766	5.93	2015-02-06	2015-02-13
4873	743	27.21	2015-06-20	2015-06-27
4876	843	6.17	2016-07-23	2016-07-30
4879	336	16.20	2016-06-09	2016-06-16
4882	84	39.95	2015-02-19	2015-02-26
4885	904	39.01	2016-01-05	2016-01-12
4888	1347	7.44	2016-02-11	2016-02-18
4891	1642	39.30	2015-11-01	2015-11-08
4894	1985	26.95	2015-05-18	2015-05-25
4897	1402	47.87	2015-11-26	2015-12-03
4900	205	67.19	2016-02-16	2016-02-23
4903	228	27.61	2015-10-14	2015-10-21
4906	541	12.98	2015-08-09	2015-08-16
4909	1806	10.92	2015-06-11	2015-06-18
4912	39	11.82	2016-05-26	2016-06-02
4915	1782	2.14	2015-05-25	2015-06-01
4918	768	19.64	2015-01-01	2015-01-08
4921	653	43.75	2015-01-22	2015-01-29
4924	1429	40.71	2015-02-11	2015-02-18
4927	255	14.45	2016-06-27	2016-07-04
4930	854	29.25	2015-09-02	2015-09-09
4933	1394	48.63	2015-02-10	2015-02-17
4936	989	15.11	2015-07-22	2015-07-29
4939	159	11.67	2015-11-02	2015-11-09
4942	196	26.09	2016-04-30	2016-05-07
4945	903	20.50	2015-11-26	2015-12-03
4948	1756	60.31	2015-07-30	2015-08-06
4951	849	45.89	2015-04-11	2015-04-18
4954	1928	27.75	2015-01-15	2015-01-22
4957	472	40.49	2015-03-23	2015-03-30
4960	1435	11.54	2015-03-04	2015-03-11
4963	945	23.50	2015-11-11	2015-11-18
4966	113	46.77	2015-10-30	2015-11-06
4969	504	6.24	2016-07-20	2016-07-27
4972	1616	61.00	2015-01-28	2015-02-04
4975	1646	47.61	2016-04-16	2016-04-23
4978	170	66.47	2016-07-22	2016-07-29
4981	102	13.26	2016-01-02	2016-01-09
4984	1705	44.04	2015-02-23	2015-03-02
4987	1869	55.81	2015-01-29	2015-02-05
4990	145	45.77	2015-11-05	2015-11-12
4993	1979	35.31	2016-01-13	2016-01-20
4996	1343	10.38	2015-08-22	2015-08-29
4999	1633	22.02	2015-06-23	2015-06-30
5002	1323	51.47	2016-02-14	2016-02-21
5005	20	40.91	2016-04-21	2016-04-28
5008	997	12.31	2016-08-29	2016-09-05
5011	1280	7.70	2015-04-26	2015-05-03
5014	1587	20.31	2015-08-12	2015-08-19
5017	1446	9.78	2015-02-03	2015-02-10
5020	1948	20.06	2016-03-31	2016-04-07
5023	303	13.63	2015-02-15	2015-02-22
5026	1734	51.43	2015-09-23	2015-09-30
5029	1494	9.12	2015-10-19	2015-10-26
5032	50	38.64	2015-11-18	2015-11-25
5035	657	42.19	2016-06-25	2016-07-02
5038	1843	27.00	2016-02-12	2016-02-19
5041	340	14.24	2016-05-27	2016-06-03
5044	929	32.72	2016-07-07	2016-07-14
5047	224	10.43	2016-06-15	2016-06-22
5050	1423	53.80	2015-12-01	2015-12-08
5053	119	13.20	2016-02-01	2016-02-08
5056	827	14.46	2016-03-05	2016-03-12
5059	1650	42.57	2015-07-15	2015-07-22
5062	382	1.56	2015-05-31	2015-06-07
5065	1426	27.18	2015-08-16	2015-08-23
5068	1307	58.15	2015-01-19	2015-01-26
5071	1201	14.70	2016-08-26	2016-09-02
5074	658	15.16	2015-05-19	2015-05-26
5077	474	17.86	2015-09-09	2015-09-16
5080	1016	8.90	2015-11-19	2015-11-26
5083	1879	26.09	2015-08-07	2015-08-14
5086	452	33.46	2016-06-20	2016-06-27
5089	173	45.21	2015-03-28	2015-04-04
5092	1777	19.55	2015-07-21	2015-07-28
5095	1978	3.80	2015-12-14	2015-12-21
5098	1976	37.60	2016-02-27	2016-03-05
5101	1533	18.31	2015-12-14	2015-12-21
5104	1974	23.20	2015-12-10	2015-12-17
5107	1334	34.62	2015-07-30	2015-08-06
5110	914	13.04	2015-10-14	2015-10-21
5113	1362	20.37	2016-07-25	2016-08-01
5116	1128	7.46	2015-12-28	2016-01-04
5119	1077	51.63	2015-03-23	2015-03-30
5122	1408	22.65	2015-11-27	2015-12-04
5125	622	9.29	2015-09-05	2015-09-12
5128	1998	29.05	2015-11-24	2015-12-01
5131	384	11.71	2015-10-06	2015-10-13
5134	499	27.06	2015-02-20	2015-02-27
5137	834	7.91	2016-01-17	2016-01-24
5140	1547	11.44	2015-03-28	2015-04-04
5143	1430	5.50	2016-09-05	2016-09-12
5146	1640	12.70	2015-11-29	2015-12-06
5149	1391	48.44	2016-09-23	2016-09-30
5152	526	61.74	2015-12-18	2015-12-25
5155	531	22.70	2015-01-31	2015-02-07
5158	1193	53.81	2016-06-25	2016-07-02
5161	1256	10.07	2015-10-11	2015-10-18
5164	898	50.64	2015-06-06	2015-06-13
5167	729	24.27	2016-05-13	2016-05-20
5170	1954	22.13	2016-07-01	2016-07-08
5173	341	27.99	2015-11-30	2015-12-07
5176	1442	16.25	2015-09-11	2015-09-18
5179	569	56.88	2016-08-18	2016-08-25
5182	1921	43.67	2016-06-12	2016-06-19
5185	1419	18.10	2016-09-07	2016-09-14
\.


--
-- Name: invoices_invid_seq; Type: SEQUENCE SET; Schema: public; Owner: -
--

SELECT pg_catalog.setval('invoices_invid_seq', 5185, true);


--
-- Data for Name: payments; Type: TABLE DATA; Schema: public; Owner: -
--

COPY payments (payid, tstamp, amount, invid) FROM stdin;
\.


--
-- PostgreSQL database dump complete
--

